id,Minimum Degree,Molecular Weight,Number of H-Bond Donors,Number of Rings,Number of Rotatable Bonds,Polar Surface Area
Amigdalin,1,457.43200000000013,7,3,7,202.32
Fenfuram,1,201.225,1,2,2,42.24
citral,1,152.237,0,0,4,17.07
Picene,2,278.35400000000004,0,5,0,0.0
Thiophene,2,84.14299999999999,0,1,0,0.0
benzothiazole,2,135.191,0,2,0,12.89
"2,2,4,6,6'-PCB",1,326.437,0,2,1,0.0
Estradiol,1,272.388,2,4,0,40.46
Dieldrin,1,380.913,0,5,0,12.53
Rotenone,1,394.4230000000002,0,5,3,63.22
2-pyrrolidone,1,85.10600000000002,1,1,0,29.1
2-Chloronapthalene,1,162.61899999999997,0,2,0,0.0
1-Pentene ,1,70.135,0,0,2,0.0
Primidone,1,218.25599999999997,2,2,2,58.2
Tetradecane,1,198.39399999999995,0,0,11,0.0
2-Chloropropane,1,78.542,0,0,0,0.0
2-Methylbutanol,1,88.14999999999998,1,0,2,20.23
Benzonitrile,1,103.12399999999997,0,1,0,23.79
Diazinon,1,304.3520000000001,0,1,7,53.47
2-Undecanol,1,172.312,1,0,8,20.23
"2,2',3,4,6-PCB",1,326.437,0,2,1,0.0
Lenacil,1,234.29899999999995,1,3,1,54.86
Phorate,1,260.386,0,0,8,18.46
Phenacetin,1,179.21900000000002,1,1,3,38.33
Dinitramine,1,322.243,1,1,5,115.54000000000002
1-Heptanol,1,116.204,1,0,5,20.23
Theophylline,1,180.167,1,2,0,72.68
Butethal,1,212.24900000000002,2,1,4,75.27000000000002
"P,P'-DDE",1,318.0300000000001,0,2,2,0.0
Methyl octanoate,1,158.241,0,0,6,26.3
"1,4-Diethylbenzene ",1,134.22199999999998,0,1,2,0.0
Terbufos,1,288.44,0,0,7,18.46
Phenmedipham,1,300.314,2,2,3,76.66
"1,1-Dichloroethylene",1,96.944,0,0,0,0.0
1-Methylfluorene,1,180.25000000000003,0,3,0,0.0
Valeraldehyde,1,86.13399999999999,0,0,3,17.07
Diphenylamine,2,169.227,1,2,2,12.03
Fenothiocarb,1,253.36700000000002,0,1,6,29.540000000000006
Piperophos,1,353.4900000000002,0,1,9,38.77
1-Iodoheptane,1,226.101,0,0,5,0.0
3-Chlorobiphenyl,1,188.657,0,2,1,0.0
4-Pentene-1-ol,1,86.134,1,0,3,20.23
Cyclobutyl-5-spirobarbituric acid,1,168.15200000000004,2,2,0,75.27
menthol,1,156.269,1,1,1,20.23
Isopropyl formate,1,88.10600000000001,0,0,2,26.3
2-Heptanol ,1,116.20399999999998,1,0,4,20.23
p-Bromoacetanilide,1,214.062,1,1,1,29.1
brompyrazone,1,266.098,1,2,1,60.91
nifedipine,1,346.33900000000017,1,2,4,107.77
"2,7-dimethylquinoline",1,157.216,0,2,0,12.89
1-Octyne ,1,110.2,0,0,4,0.0
cyclobarbital,1,236.27099999999996,2,2,2,75.27000000000002
Chrysene,2,228.294,0,4,0,0.0
Bromacil,1,261.119,1,1,2,54.86
"2,2',3,3',5,6-PCB",1,360.88200000000006,0,2,1,0.0
2-Methylphenol,1,108.14,1,1,0,20.23
"2,2,5-Trimethylhexane",1,128.259,0,0,2,0.0
"1,4-Dimethylnaphthalene ",1,156.22799999999998,0,2,0,0.0
6-Methylchrysene,1,242.321,0,4,0,0.0
2-Pentanone,1,86.13399999999999,0,0,2,17.07
"2,2',3,3',5,5',6,6'-PCB",1,429.77200000000016,0,2,1,0.0
Methyl butyrate,1,116.15999999999998,0,0,3,26.3
Triamcinolone,1,394.43900000000014,4,4,2,115.06000000000002
p-Aminophenol,1,109.128,2,1,0,46.25
Benznidazole,1,260.253,1,2,5,90.06
"Atovaquone(0,430mg/ml) - neutral",1,366.84400000000016,1,4,2,54.37
Trietazine,1,229.715,1,1,5,53.94000000000001
Pyrazinamide,1,123.11499999999998,1,1,1,68.87
Carbromal,1,237.097,2,0,3,72.19
"2,2'-PCB",1,223.102,0,2,1,0.0
nitrofurantoin,1,238.159,1,2,3,118.04999999999998
Nitrofen,1,284.098,0,2,3,52.37
Camphor,1,152.237,0,2,0,17.07
5-Allyl-5-phenylbarbital,1,244.25,2,2,3,75.27000000000002
Pentyl propanoate,1,130.18699999999998,0,0,4,26.3
Isopentyl acetate,1,130.18699999999998,0,0,3,26.3
3-Hexanoyloxymethylphenyltoin,1,380.444,1,3,8,75.71
"2,3',5-PCB",1,257.547,0,2,1,0.0
1-Bromopropane,1,122.993,0,0,1,0.0
Propiconazole,1,342.2260000000001,0,3,5,49.17
Formothion,1,257.273,0,0,6,55.84
4-methylpteridine,1,146.15299999999996,0,2,0,51.56
Thiourea,1,76.12400000000002,2,0,0,52.04
p-Xylene ,1,106.168,0,1,0,0.0
"1,2-Diethylbenzene",1,134.22199999999998,0,1,2,0.0
Hexachloroethane,1,236.74,0,0,0,0.0
Flucythrinate,1,451.46900000000005,0,3,9,68.55000000000001
1-Nitropropane,1,89.09399999999998,0,0,2,43.14
Menthone,1,154.253,0,1,1,17.07
RTI 24,1,273.723,1,3,1,45.23
"2,3-Dichloronitrobenzene",1,192.00100000000003,0,1,1,43.14
thiamylal,1,254.355,2,1,5,58.2
Fluoranthene,2,202.256,0,4,0,0.0
Propylisopropylether,1,102.17699999999998,0,0,3,9.23
"1,3-Dimethylnaphthalene",1,156.22799999999995,0,2,0,0.0
diethylstilbestrol,1,268.356,2,2,4,40.46
Chlorothalonil,1,265.914,0,1,0,47.58
"2,3',4',5-PCB",1,291.992,0,2,1,0.0
styrene oxide,2,120.15099999999997,0,2,1,12.53
Isopropylbenzene ,1,120.19499999999996,0,1,1,0.0
Deoxycorticosterone,1,330.46800000000013,1,4,2,54.37000000000001
chlorquinox,1,267.93,0,2,0,25.78
L-arabinose,1,150.13,4,1,0,90.15
Dichloromethane,1,84.93299999999998,0,0,0,0.0
1-Ethylnaphthalene ,1,156.22799999999995,0,2,1,0.0
Methyl formate,1,60.05200000000001,0,0,1,26.3
o-Nitrophenol,1,139.11,1,1,1,63.37
thymine,1,126.115,2,1,0,65.72
2-Methylpropane,1,58.124,0,0,0,0.0
Inosine,1,268.22900000000004,4,3,2,133.75
Ioxynil,1,370.915,1,1,0,44.02
Niclosamide,1,327.1230000000001,2,2,3,92.47
Pentane,1,72.15100000000001,0,0,2,0.0
Phenol,1,94.113,1,1,0,20.23
2-aminoanthracene,1,193.24900000000002,1,3,0,26.02
theobromine,1,180.167,1,2,0,72.68
Isoquinoline,2,129.16199999999998,0,2,0,12.89
Anilofos,1,367.86,0,1,7,38.77
Hexylbenzene ,1,162.276,0,1,5,0.0
2-Chlorobiphenyl,1,188.657,0,2,1,0.0
2-Methyl-1-Pentene,1,84.16199999999998,0,0,2,0.0
"2,3,4-Trimethylpentane",1,114.232,0,0,2,0.0
Pentachlorobenzene,1,250.33900000000003,0,1,0,0.0
m-Nitrophenol,1,139.11,1,1,1,63.37
1-Decene,1,140.26999999999998,0,0,7,0.0
Glyceryl triacetate,1,218.205,0,0,5,78.9
dimethirimol,1,209.293,1,1,4,49.25000000000001
Cyfluthrin,1,434.29400000000015,0,3,6,59.32000000000001
Pyridine,2,79.10199999999998,0,1,0,12.89
1-Bromoheptane,1,179.101,0,0,5,0.0
"3,4-Dimethylpyridine",1,107.156,0,1,0,12.89
Fludrocortisone,1,380.4560000000001,3,4,2,94.83
ethiofencarb,1,225.313,1,1,4,38.33
Malonic acid diethylester,1,160.16899999999995,0,0,4,52.60000000000001
d-Limonene,1,136.238,0,1,1,0.0
Indan,2,118.17899999999996,0,2,0,0.0
p-t-Butylphenol,1,150.22099999999998,1,1,0,20.23
Cyclopropyl-5-spirobarbituric acid,1,154.125,2,2,0,75.27
m-Chloroiodobenzene,1,238.455,0,1,0,0.0
1-Bromonapthalene,1,207.07,0,2,0,0.0
trans-2-Pentene ,1,70.135,0,0,1,0.0
"2,6-Dimethylpyridine",1,107.156,0,1,0,12.89
Trichloroethylene,1,131.389,0,0,0,0.0
1-Napthylamine,1,143.189,1,2,0,26.02
m-Xylene ,1,106.168,0,1,0,0.0
2-hydroxypteridine,1,148.125,1,2,0,71.79
Methanol,1,32.042,1,0,0,20.23
Amobarbital,1,226.276,2,1,4,75.27000000000002
2-Butanone,1,72.107,0,0,1,17.07
5-fluorouracil,1,130.078,2,1,0,65.72
tubercidin,1,266.257,4,3,2,126.65
"1,3-Benzenediol",1,110.11199999999998,2,1,0,40.46
1-Hexanol,1,102.177,1,0,4,20.23
1-Chloropentane,1,106.596,0,0,3,0.0
"1,3-Butadiene",1,54.09199999999999,0,0,1,0.0
Propyl acetate,1,102.13299999999998,0,0,2,26.3
"5,6,7,8-tetrahydro-2-naphthol",1,148.205,1,2,0,20.23
chloroacetamide,1,93.51299999999999,1,0,1,43.09
Iodofenphos,1,413.0,0,1,4,27.69
4-Chlorotoluene,1,126.586,0,1,0,0.0
Metribuzin,1,214.294,1,1,1,73.8
Tricresyl phosphate,1,368.36900000000014,0,3,6,44.76000000000001
Caproaldehyde,1,100.161,0,0,4,17.07
Butamben,1,193.246,1,1,4,52.32
RTI 3,1,255.27700000000002,1,3,0,68.45
Nerol,1,154.253,1,0,4,20.23
"2,4'-PCB",1,223.102,0,2,1,0.0
3-Octanoyloxymethylphenytoin,1,408.49800000000005,1,3,10,75.71
Nitroethane,1,75.067,0,0,1,43.14
Ethalfluralin,1,333.26599999999996,0,1,6,89.51999999999998
"1,2,3,4-Tetrachlorobenzene",1,215.894,0,1,0,0.0
Meprobamate,1,218.253,2,0,6,104.64
pregnenolone,1,316.48500000000007,1,4,1,37.3
Iodomethane,1,141.939,0,0,0,0.0
cycloheximide,1,281.35200000000003,2,2,3,83.47
3-Heptanoyloxymethylphenytoin,1,394.471,1,3,9,75.71
isophorone,1,138.20999999999998,0,1,0,17.07
Butabarbital,1,212.249,2,1,3,75.27000000000002
5-Nonanone,1,142.24200000000002,0,0,6,17.07
Glutethimide,1,217.268,1,2,2,46.17
3-Methylpentane,1,86.178,0,0,2,0.0
Etofenprox,1,376.496,0,3,9,27.69
Methaqualone,1,250.301,0,3,1,34.89
Chloroacetonitrile,1,75.498,0,0,0,23.79
Trichloronate,1,333.6040000000001,0,1,5,18.46
Ethisterone,1,312.4530000000001,1,4,0,37.3
Pyridazine,2,80.08999999999997,0,1,0,25.78
"1,2,3,5-Tetrachlorobenzene",1,215.894,0,1,0,0.0
Diosgenin,1,414.63000000000017,1,6,0,38.69
o-Aminophenol,1,109.128,2,1,0,46.25
Ethyl nonanoate,1,186.295,0,0,8,26.3
metalaxyl,1,279.336,0,1,5,55.84
Propoxur,1,209.245,1,1,3,47.56
2-Chlorobutane,1,92.569,0,0,1,0.0
2-Napthol,1,144.17299999999997,1,2,0,20.23
Oxadiazon,1,345.22600000000017,0,2,3,57.26
1-Hexyne ,1,82.14599999999999,0,0,2,0.0
1-Nonyne ,1,124.227,0,0,5,0.0
2-Chlorotoluene,1,126.586,0,1,0,0.0
Diisopropyl ether ,1,102.177,0,0,2,9.23
Dapsone,1,248.30700000000002,2,2,2,86.18
Methyl hydrazine,1,46.073,2,0,0,38.05
Propyne,1,40.06500000000001,0,0,0,0.0
Phoxim,1,298.30400000000003,0,1,7,63.84
Propetamphos,1,281.314,1,0,7,56.790000000000006
Acrolein,1,56.06399999999999,0,0,1,17.07
Hypoxanthine,1,136.114,2,2,0,74.43
6-hydroxyquinoline,1,145.161,1,2,0,33.120000000000005
Fluorobenzene,1,96.10399999999998,0,1,0,0.0
1-Chloropropane,1,78.542,0,0,1,0.0
Ethyl acetate,1,88.10600000000001,0,0,1,26.3
"2,2-Dimethylpentane",1,100.20499999999998,0,0,1,0.0
Pentamethylbenzene,1,148.249,0,1,0,0.0
eucalyptol,1,154.253,0,3,0,9.23
dibutyl sebacate,1,314.46600000000007,0,0,15,52.60000000000001
"4,4'-PCB",1,223.102,0,2,1,0.0
"2,3-Dimethylpyridine",1,107.156,0,1,0,12.89
Carvone,1,150.22099999999998,0,1,1,17.07
Carbophenthion,1,342.875,0,1,8,18.46
"Etoposide (148-167,25mg/ml)",1,588.5620000000001,3,7,5,160.83
Perylene,2,252.316,0,5,0,0.0
"2,4-Dinitrotoluene",1,182.135,0,1,2,86.28
2-bromonaphthalene,1,207.07,0,2,0,0.0
Formetanate,1,221.26,1,1,3,53.93
6-methoxypteridine,1,162.15200000000004,0,2,1,60.790000000000006
nevirapine,1,266.30400000000003,1,4,1,58.12000000000001
Isazofos,1,313.747,0,1,7,58.4
"2-Methyl-1,3-Butadiene ",1,68.11900000000001,0,0,1,0.0
linalool,1,154.253,1,0,4,20.23
Fenthion,1,278.335,0,1,5,27.69
Cyclohexanol ,1,100.161,1,1,0,20.23
5-Allyl-5-methylbarbital,1,182.179,2,1,2,75.27000000000002
Epiandrosterone,1,290.447,1,4,0,37.3
mannitol,1,182.172,6,0,5,121.38
4-Methylbiphenyl,1,168.239,0,2,1,0.0
Atrazine,1,215.688,2,1,4,62.73
Phenylthiourea,1,152.22199999999995,2,1,1,38.05
4-Heptanone,1,114.188,0,0,4,17.07
"3,3-Dimethyl-2-butanone",1,100.161,0,0,0,17.07
4-Chlorophenol ,1,128.558,1,1,0,20.23
Cyclohexanone,1,98.145,0,1,0,17.07
m-Methylaniline,1,107.156,1,1,0,26.02
Trichloroacetonitrile,1,144.388,0,0,0,23.79
norflurazon,1,303.67100000000005,1,2,2,46.92
2-Decanone,1,156.269,0,0,7,17.07
Ipazine,1,243.742,1,1,5,53.94000000000001
Benzocaine,1,165.19199999999995,1,1,2,52.32
"1,2,4-Trichlorobenzene",1,181.449,0,1,0,0.0
Triazolam,1,343.2170000000001,0,4,1,43.07
"1,2-Benzenediol",1,110.11199999999998,2,1,0,40.46
Reverse Transcriptase inhibitor 1,1,254.293,0,3,1,49.33000000000001
Dimethyl sulfide,1,62.137,0,0,0,0.0
2-Bromotoluene,1,171.03699999999995,0,1,0,0.0
O-Ethyl carbamate,1,89.09400000000002,1,0,1,52.32
megestrol acetate,1,384.51600000000013,0,4,2,60.44000000000001
"2,4-Dimethyl-3-pentanol",1,116.20399999999998,1,0,2,20.23
Napthalene,2,128.17399999999995,0,2,0,0.0
N-Ethylaniline,1,121.18299999999996,1,1,2,12.03
Phenytoin,1,252.273,2,3,2,58.2
"7,12-Dimethylbenz(a)anthracene",1,256.348,0,4,0,0.0
Dialifor,1,393.85400000000016,0,2,8,55.84
Methoxychlor,1,345.65299999999985,0,2,4,18.46
TEFLUBENZURON,1,381.11200000000014,2,2,2,58.2
3-Pentanoyloxymethylphenytoin,1,366.417,1,3,7,75.71
Monuron,1,198.653,1,1,1,32.34
Flutriafol,1,301.296,1,3,4,50.94
triamcinolone diacetate,1,478.5130000000002,2,4,4,127.20000000000002
1-Bromobutane,1,137.01999999999998,0,0,2,0.0
"1,2,4,5-Tetrabromobenzene",1,393.698,0,1,0,0.0
4-Methyl-2-pentanone,1,100.161,0,0,2,17.07
cycloate,1,215.36199999999997,0,1,3,20.31
4-Chloroanisole,1,142.585,0,1,1,9.23
Deltamethrin,1,505.20600000000013,0,3,6,59.32000000000001
Talbutal,1,224.26,2,1,4,75.27000000000002
Fenitrothion,1,277.238,0,1,5,70.83000000000001
1-Iodonapthalene,1,254.07,0,2,0,0.0
Sorbitol,1,182.172,6,0,5,121.38
Ethanethiol,1,62.137,1,0,0,0.0
"1,1,2-Trichloroethane",1,133.405,0,0,1,0.0
Pyrolan,1,245.282,0,2,2,47.36000000000001
o-Hydroxybenzamide,1,137.13799999999998,2,1,1,63.32000000000001
o-Nitrotoluene,1,137.138,0,1,1,43.14
"5,5-Diisopropylbarbital",1,212.24900000000002,2,1,2,75.27000000000002
2-Ethyltoluene,1,120.19499999999996,0,1,1,0.0
1-Chloroheptane,1,134.65,0,0,5,0.0
Barbital,1,184.195,2,1,2,75.27000000000002
Bibenzyl ,2,182.266,0,2,3,0.0
"1,1,2,2-Tetrachloroethane",1,167.85,0,0,1,0.0
RTI 23,1,283.33099999999996,1,3,2,54.46
2-Methylphenanthrene,1,192.261,0,3,0,0.0
dibutylphthalate,1,278.348,0,1,8,52.60000000000001
tetrachloroguaiacol,1,261.91900000000004,1,1,1,29.46
Dimecron,1,299.69099999999986,0,0,8,65.07000000000001
Equilin,1,268.356,1,4,0,37.3
Chlorimuron-ethyl (ph 7),1,414.82700000000017,1,2,8,127.79
p-Nitroanisole,1,153.13699999999997,0,1,2,52.37
1-Chlorohexane,1,120.62299999999999,0,0,4,0.0
"2,2',3,3',4,4',5,5'-PCB",1,429.77200000000016,0,2,1,0.0
Raffinose,1,504.4380000000001,11,3,8,268.67999999999995
hexacosane,1,366.71800000000013,0,0,23,0.0
RTI 5,1,253.30499999999995,0,3,1,36.44
"1,1-Dichloroethane",1,98.96,0,0,0,0.0
Sulfanilamide,1,172.20899999999997,2,1,1,86.18
Isopropalin,1,309.3660000000001,0,1,8,89.51999999999998
Lindane,1,290.832,0,1,0,0.0
Isofenphos,1,345.4010000000002,1,1,8,56.790000000000006
"1,2,3-Trichlorobenzene",1,181.449,0,1,0,0.0
Tetrachloromethane,1,153.82299999999998,0,0,0,0.0
"3,4-Dichloronitrobenzene",1,192.00099999999998,0,1,1,43.14
Cyclooctanol,1,128.215,1,1,0,20.23
17a-Methyltestosterone,1,302.45800000000014,1,4,0,37.3
Dulcin,1,180.207,2,1,3,64.35
"trans-1,4-Dimethylcyclohexane",1,112.21600000000001,0,1,0,0.0
"1,7-phenantroline",2,180.21,0,3,0,25.78
Methyl t-butyl ether ,1,88.14999999999998,0,0,0,9.23
Anethole,1,148.20499999999996,0,1,2,9.23
1-Hexadecanol,1,242.44699999999992,1,0,14,20.23
uracil,1,112.088,2,1,0,65.72
adenine,1,135.13,2,2,0,80.47999999999998
"2,2',3,4,5-PCB",1,326.437,0,2,1,0.0
Ancymidol,1,256.30499999999995,1,3,4,55.24
Benzo(b)fluoranthene,2,252.316,0,5,0,0.0
Carbanilide,1,212.252,2,2,2,41.13
phenobarbital,1,232.239,2,2,2,75.27000000000002
"2',3,4-PCB",1,257.547,0,2,1,0.0
Isoproturon,1,206.28900000000002,1,1,2,32.34
Azintamide,1,259.762,0,1,5,46.09
"2,2-Dimethyl-1-butanol",1,102.17699999999998,1,0,2,20.23
Ethyl pentanoate,1,130.18699999999998,0,0,4,26.3
"2,4,6-Trinitrotoluene",1,227.132,0,1,3,129.42000000000002
Bensulide,1,397.52400000000006,1,1,10,64.63
Cycloheptane,2,98.189,0,1,0,0.0
Propyl formate,1,88.10599999999998,0,0,3,26.3
2-Isopropyltoluene,1,134.22199999999995,0,1,1,0.0
m-Chloroaniline,1,127.574,1,1,0,26.02
"2,4-Dimethylpentane",1,100.20499999999998,0,0,2,0.0
Dibenzofurane,2,168.195,0,3,0,13.14
ethofumesate,1,286.3490000000001,0,2,4,61.83000000000001
Fluometuron,1,232.205,1,1,1,32.34
Acridine,2,179.22199999999995,0,3,0,12.89
Cortisone,1,360.45000000000016,2,4,2,91.67
glucose,1,180.15599999999998,5,1,1,110.38
3-Methylphenol,1,108.14,1,1,0,20.23
Indapamide,1,365.842,2,3,3,92.5
Lovastatin,1,404.54700000000025,1,3,6,72.83
"1,4-Dinitrobenzene",1,168.10799999999998,0,1,2,86.28
Reposal,1,262.309,2,3,2,75.27000000000002
Ethyl decanoate,1,200.322,0,0,9,26.3
Fenuron,1,164.208,1,1,1,32.34
Ethyl propyl ether,1,88.14999999999998,0,0,3,9.23
2-Propanol,1,60.096,1,0,0,20.23
2-Methylnapthalene,1,142.201,0,2,0,0.0
Chlorodibromethane,1,208.28,0,0,0,0.0
Hexestrol,1,270.372,2,2,5,40.46
Malathion,1,330.3640000000001,0,0,9,71.06
Benzylchloride,1,126.58599999999996,0,1,1,0.0
t-Crotonaldehyde,1,70.09100000000001,0,0,1,17.07
Chlorbromuron,1,293.548,1,1,2,41.57
"9,10-Dimethylanthracene",1,206.288,0,3,0,0.0
Methyl hexanoate,1,130.18699999999998,0,0,4,26.3
Dimefuron,1,338.79500000000013,1,2,2,80.37
p-Fluoroacetanilide,1,153.156,1,1,1,29.1
alachlor,1,269.77199999999993,0,1,6,29.54
Cyclohexene,2,82.146,0,1,0,0.0
Hydrocortisone ,1,362.4660000000002,3,4,2,94.83
Pyrimidine,2,80.08999999999997,0,1,0,25.78
p-Chloronitrobenzene,1,157.55599999999995,0,1,1,43.14
Methyl propionate,1,88.10600000000001,0,0,1,26.3
o-Chloronitrobenzene,1,157.55599999999995,0,1,1,43.14
Neburon,1,275.17900000000003,1,1,4,32.34
Buthidazole,1,256.331,1,2,1,69.56
Nitrobenzene,1,123.11099999999996,0,1,1,43.14
Iodobenzene,1,204.01,0,1,0,0.0
Metolazone,1,365.84200000000016,2,3,2,92.5
Methocarbamol,1,241.24299999999997,2,1,6,91.01
butachlor,1,311.85300000000007,0,1,9,29.54
"2,3-Dichlorophenol",1,163.003,1,1,0,20.23
Propyl butyrate,1,102.13299999999998,0,0,2,26.3
Propanil,1,218.083,1,1,2,29.1
Triamterene,1,253.26900000000003,3,3,1,129.62
Ethyl hexanoate,1,144.21399999999997,0,0,5,26.3
chloralose,1,309.529,3,2,2,88.38000000000002
Amitraz,1,293.4140000000001,0,2,4,27.96
Prometon,1,225.296,2,1,5,71.96000000000002
1-Octene ,1,112.21600000000001,0,0,5,0.0
p-Methylaniline ,1,107.156,1,1,0,26.02
aminothiazole,1,100.146,1,1,0,38.91
Metolcarb,1,151.165,1,1,1,38.33
3-Hexanol,1,102.177,1,0,3,20.23
9-anthrol,1,194.233,1,3,0,20.23
2-Methylanthracene,1,192.261,0,3,0,0.0
"1,2,3-Trimethylbenzene ",1,120.195,0,1,0,0.0
Aminocarb,1,208.261,1,1,2,41.57
2-Nonanol,1,144.25799999999998,1,0,6,20.23
Methyldymron,1,268.36,1,2,3,32.34
3-Hexanone,1,100.161,0,0,3,17.07
bromoxynil,1,276.915,1,1,0,44.02
"3,4-PCB",1,223.102,0,2,1,0.0
Mefenacet,1,298.367,0,3,4,42.43000000000001
5-hydroxyquinoline,1,145.161,1,2,0,33.120000000000005
Carboxin,1,235.308,1,2,2,38.33
Ethoxyzolamide,1,258.324,1,2,3,82.28
Pentachlorophenol,1,266.338,1,1,0,20.23
Bromochloromethane,1,129.384,0,0,0,0.0
metharbital,1,198.222,1,1,2,66.48
deoxycorticosterone acetate,1,372.50500000000017,0,4,3,60.44000000000001
benzylurea,1,150.18099999999995,2,1,2,55.12000000000001
Chlortoluron,1,212.68,1,1,1,32.34
Linuron,1,249.097,1,1,2,41.57
Cycloheptanol,1,114.18799999999999,1,1,0,20.23
Thiamphenicol,1,356.22700000000015,3,1,6,103.70000000000002
thiopental,1,242.344,2,1,4,58.2
acetazolamide,1,222.25099999999998,2,1,2,115.04
p-Nitrophenol,1,139.11,1,1,1,63.37
Aldrin,1,364.914,0,4,0,0.0
Tetrahydrofurane ,2,72.107,0,1,0,9.23
o-Nitroaniline,1,138.126,1,1,1,69.16
"2,2',3,3'-PCB",1,291.992,0,2,1,0.0
phenylbutazone,1,308.3810000000001,0,3,5,40.62000000000001
"2,6-Dinitrotoluene",1,182.135,0,1,2,86.28
Progesterone,1,314.46900000000005,0,4,1,34.14
Chlorazine,1,257.76899999999995,0,1,6,45.15000000000001
captafol,1,349.06600000000014,0,2,3,37.38
"1,2,4-tribromobenzene",1,314.802,0,1,0,0.0
Oxazepam,1,286.718,2,3,1,61.69000000000001
Secobarbital,1,238.28699999999995,2,1,5,75.27000000000002
Carvacrol,1,150.22099999999998,1,1,1,20.23
rhodanine,1,133.197,1,1,0,29.1
Morin,1,302.23800000000006,5,3,1,131.36
Kepone,1,490.6390000000002,0,6,0,17.07
Disulfiram,1,296.55200000000013,0,0,4,6.48
Cyclohexane,2,84.162,0,1,0,0.0
Dienochlor,1,474.64,0,2,1,0.0
chlordimeform,1,196.681,0,1,2,15.6
Equilenin,1,266.34,1,4,0,37.3
1-Octanol,1,130.23100000000002,1,0,6,20.23
Diethyl sulfide,1,90.191,0,0,2,0.0
"1,2-Dichloroethane",1,98.96,0,0,1,0.0
2-Chloro-2-methylbutane,1,106.596,0,0,1,0.0
1-Chloro-2-bromoethane,1,143.411,0,0,1,0.0
p-Nitroaniline,1,138.126,1,1,1,69.16
Lactose,1,342.29699999999997,8,2,4,189.53
RTI 2,1,268.32,0,3,2,49.33000000000001
Chlorobenzene,1,112.55899999999995,0,1,0,0.0
1-Nonene ,1,126.243,0,0,6,0.0
p-Bromoiodobenzene,1,282.90599999999995,0,1,0,0.0
3-Methyl-3-pentanol,1,102.17699999999998,1,0,2,20.23
Pentylbenzene,1,148.249,0,1,4,0.0
allantoin,1,158.11700000000002,4,1,1,113.32
Glafenine,1,372.80800000000016,3,3,6,91.68
DDD,1,320.04600000000005,0,2,3,0.0
testosterone acetate,1,330.46800000000013,0,4,1,43.37000000000001
1-Chloronapthalene,1,162.61899999999997,0,2,0,0.0
RTI 19,1,252.31699999999995,0,3,1,23.55
2-Hexanol,1,102.17699999999998,1,0,3,20.23
Propylcyclopentane,1,112.216,0,1,2,0.0
Etomidate,1,244.294,0,2,4,44.12
"3,4-Dichlorophenol",1,163.003,1,1,0,20.23
Cypermethrin,1,416.30400000000014,0,3,6,59.32000000000001
Benzoxazole,2,119.12299999999998,0,2,0,26.03
1-Pentanol,1,88.14999999999998,1,0,3,20.23
"N,N-Diethylaniline",1,149.237,0,1,3,3.24
"1,3-Difluorobenzene",1,114.094,0,1,0,0.0
3-chloropropionitrile,1,89.525,0,0,1,23.79
t-Pentylbenzene,1,148.249,0,1,1,0.0
5-Ethyl-5-phenylbarbital,1,232.239,2,2,2,75.27000000000002
o-Chloroiodobenzene,1,238.455,0,1,0,0.0
Benzotriazole,2,119.12700000000001,1,2,0,41.57
Carbofuran,1,221.25599999999997,1,2,1,47.56
"2,6-Dimethylphenol",1,122.167,1,1,0,20.23
3-Methyl-2-butanol,1,88.14999999999998,1,0,1,20.23
benzhydrol,1,184.238,1,2,2,20.23
Methyl decanoate,1,186.295,0,0,8,26.3
Dicapthon,1,297.656,0,1,5,70.83000000000001
1-Bromo-2-methylpropane,1,137.01999999999998,0,0,1,0.0
Iodoethane,1,155.966,0,0,0,0.0
Pirimicarb,1,238.291,0,1,2,58.56000000000001
1-Bromohexane,1,165.074,0,0,4,0.0
2-Methylpentane,1,86.178,0,0,2,0.0
Tetrafluthrin,1,418.73600000000016,0,2,4,26.3
Metolachlor,1,283.79899999999986,0,1,6,29.54
nifuroxime,1,156.09699999999995,1,1,2,88.87
Fluvalinate,1,502.92000000000013,1,3,8,71.35
Amitrole,1,84.08200000000001,2,1,0,67.59
Tribromomethane,1,252.731,0,0,0,0.0
Trichlorfon,1,257.437,1,0,3,55.76000000000001
Phosalone,1,367.81600000000014,0,2,7,53.6
Phenylmethanol,1,108.13999999999996,1,1,1,20.23
Coumatetralyl,1,292.33400000000006,1,4,1,50.44
4-Bromophenol,1,173.009,1,1,0,20.23
2-Bromopropane,1,122.993,0,0,0,0.0
"2,2,4-Trimethylpentane",1,114.232,0,0,1,0.0
"1,3,5-Trinitrobenzene",1,213.105,0,1,3,129.42000000000002
Nimetazepam,1,295.29800000000006,0,3,2,75.81
Propane,1,44.097,0,0,0,0.0
Minoxidil,1,209.253,2,2,1,95.11
1-aminoacridine,1,194.237,1,3,0,38.91
Benzo(k)fluoranthene,2,252.316,0,5,0,0.0
Dicofol,1,370.49,1,2,2,20.23
Acenapthene,2,154.21199999999996,0,3,0,0.0
Dialifos,1,393.85400000000016,0,2,8,55.84
"1,4-Dibromobenzene",1,235.906,0,1,0,0.0
Methazole,1,261.064,0,2,1,57.14
p-Phenylphenol,1,170.21099999999998,1,2,1,20.23
pyracarbolid,1,217.26800000000003,1,2,2,38.33
Ethyl vinyl ether,1,72.10700000000001,0,0,2,9.23
1-Butyne,1,54.09199999999999,0,0,0,0.0
4-methoxypteridine,1,162.15200000000004,0,2,1,60.790000000000006
3-Methyl-3-heptanol,1,130.23099999999997,1,0,4,20.23
"1,4-Dichlorobenzene",1,147.00400000000005,0,1,0,0.0
3-Ethanoyloxymethylphenytoin,1,324.33600000000007,1,3,4,75.71
"Sparsomycin (3,8mg/ml)",1,361.44500000000016,4,1,8,132.11999999999998
3-methylindole,1,131.17799999999997,1,2,0,15.79
2-methoxypteridine,1,162.15200000000002,0,2,1,60.790000000000006
Dioxacarb,1,223.22799999999995,1,2,2,56.790000000000006
isocarbamid,1,185.227,2,1,2,61.44000000000001
Acetonitrile,1,41.053000000000004,0,0,0,23.79
Fenoxycarb,1,301.3420000000001,1,2,7,56.790000000000006
acetyl sulfisoxazole,1,293.34800000000007,1,2,3,89.43
"1,1,1,2-Tetrachloroethane",1,167.85,0,0,0,0.0
1-Butanol,1,74.12299999999998,1,0,2,20.23
Siduron,1,232.32700000000003,2,2,2,41.13
"1,3,5-Trichlorobenzene",1,181.449,0,1,0,0.0
Furfural,1,96.08499999999998,0,1,1,30.21
3-Methylbutan-1-ol,1,88.14999999999998,1,0,2,20.23
piperonal,1,150.13299999999995,0,2,1,35.53
2-Methylpropene,1,56.108,0,0,0,0.0
Benzaldehyde,1,106.12399999999997,0,1,1,17.07
"2,3-Dimethyl-1,3-Butadiene",1,82.146,0,0,1,0.0
Benfuracarb,1,410.5360000000002,0,2,8,68.31
RTI 10,1,226.235,0,3,0,42.43
Fluorene ,2,166.22299999999996,0,3,0,0.0
Methylcyclohexane ,1,98.189,0,1,0,0.0
sulfaguanidine,1,214.25,4,1,2,122.06
Methylparaben,1,152.149,1,1,1,46.53
2-Methyltetrahydrofurane,1,86.134,0,1,0,9.23
Santonin,1,246.30599999999995,0,3,0,43.37000000000001
Salicin,1,286.28,5,2,4,119.61
1-Iodopropane,1,169.993,0,0,1,0.0
Ametryn,1,227.33700000000002,2,1,5,62.73
1-Propanol,1,60.096000000000004,1,0,1,20.23
Hydroxyprogesterone-17a,1,330.46800000000013,1,4,1,54.37
2-Pentanol,1,88.14999999999998,1,0,2,20.23
benzoin,1,212.248,1,2,3,37.3
"2,4-Dimethylphenol",1,122.167,1,1,0,20.23
m-Chloronitrobenzene ,1,157.55599999999995,0,1,1,43.14
ampyrone,1,203.245,1,2,1,52.95
"2,2',4,5'-PCB",1,291.992,0,2,1,0.0
"Hexachloro-1,3-butadiene",1,260.762,0,0,1,0.0
Terbutryn,1,241.364,2,1,4,62.73
3-Methyl-2-pentanol,1,102.177,1,0,3,20.23
2-methylpteridine,1,146.153,0,2,0,51.56
Danazol,1,337.46300000000014,1,5,0,46.26000000000001
1-Iodobutane,1,184.02,0,0,2,0.0
2-Bromonapthalene,1,207.07,0,2,0,0.0
"Digoxin (L1=41,8mg/mL, L2=68,2mg/mL, Z=40,1mg/mL)",1,780.9490000000002,6,8,7,203.06
Benzyltrifluoride,1,146.111,0,1,0,0.0
Dihexyl phthalate,1,334.45600000000024,0,1,12,52.60000000000001
Dibenzothiophene,2,184.263,0,3,0,0.0
"2,3',4,4'-PCB",1,326.437,0,2,1,0.0
"2,2',3,3',4,4'-PCB",1,360.88200000000006,0,2,1,0.0
Warfarin,1,308.33300000000014,1,3,4,67.50999999999999
hydrobenzoin,1,214.264,2,2,3,40.46
Dimethyl phthalate,1,194.18599999999995,0,1,2,52.60000000000001
Ethyl octanoate,1,172.26799999999997,0,0,7,26.3
Diethyldisulfide,1,122.258,0,0,3,0.0
"1,2-Diethoxyethane ",1,118.176,0,0,5,18.46
"1,2,4,5-Tetrachlorobenzene",1,215.894,0,1,0,0.0
p-benzidine,1,184.24200000000002,2,2,1,52.04
1-Heptene,1,98.189,0,0,4,0.0
Ethirimol,1,209.293,2,1,5,57.78
Pentobarbital,1,226.27599999999995,2,1,4,75.27000000000002
o-Chloroaniline,1,127.574,1,1,0,26.02
3-Chloroanisole,1,142.58499999999995,0,1,1,9.23
Pebulate,1,203.351,0,0,6,20.31
Butyl acetate,1,102.13299999999998,0,0,4,26.3
Prednisolone,1,360.45000000000016,3,4,2,94.83
Bromodichloromethane,1,163.82899999999995,0,0,0,0.0
adrenosterone,1,300.39800000000014,0,4,0,51.21
p-terphenyl,2,230.31,0,3,2,0.0
p-Hydroxybenzaldehyde ,1,122.12299999999998,1,1,1,37.3
Bromomethane,1,94.939,0,0,0,0.0
Perfluidone,1,379.381,1,2,4,80.31
Coumachlor,1,342.77800000000013,1,3,4,67.50999999999999
2-Ethylnaphthalene,1,156.22799999999995,0,2,1,0.0
5-methylcytosine,1,125.131,2,1,0,71.77000000000002
"2,3,4,5,6-PCB",1,326.437,0,2,1,0.0
benodanil,1,323.133,1,2,2,29.1
Riboflavin,1,376.36900000000014,5,3,5,161.56
o-Fluorobromobenzene,1,175.0,0,1,0,0.0
"2,4-Dichlorophenol ",1,163.003,1,1,0,20.23
Permethrin,1,391.29400000000015,0,3,6,35.53
piroxicam,1,331.353,2,3,2,99.6
3-Propanoyloxymethylphenytoin,1,338.36300000000006,1,3,5,75.71
Cyclopentane ,2,70.135,0,1,0,0.0
o-Toluidine,1,107.156,1,1,0,26.02
Estragole,1,148.205,0,1,3,9.23
karbutilate,1,279.34,2,1,2,70.67
3-Methyl-1-Butene,1,70.135,0,0,1,0.0
2-Hydroxypyridine,1,95.101,1,1,0,33.120000000000005
Ethane,1,30.07,0,0,0,0.0
"1,2-Dichlorobenzene",1,147.00399999999996,0,1,0,0.0
mercaptobenzothiazole,1,167.25799999999995,1,2,0,12.89
"2,2',3,3',4,4',5,5',6,6'-PCB",1,498.6620000000002,0,2,1,0.0
Methoxsalen,1,216.19199999999995,0,3,1,52.58
Acetamide,1,59.068000000000005,1,0,0,43.09
1-Methylnaphthalene,1,142.201,0,2,0,0.0
Napropamide,1,271.36,0,2,5,29.540000000000006
"3,3-Dimethyl-2-butanol",1,102.177,1,0,0,20.23
Methyl pentanoate,1,116.15999999999998,0,0,3,26.3
Menadione,1,172.18299999999996,0,2,0,34.14
Phenanthrene,2,178.23399999999995,0,3,0,0.0
"2,4-Dimethylpyridine",1,107.156,0,1,0,12.89
1-Nonanol,1,144.25799999999998,1,0,7,20.23
Dibromomethane,1,173.83499999999995,0,0,0,0.0
Dexamethasone,1,392.46700000000016,3,4,2,94.83
"2,6-Dimethylnaphthalene ",1,156.22799999999998,0,2,0,0.0
Butylate,1,217.378,0,0,5,20.31
nitroglycerin,1,227.085,0,0,8,157.11
m-Nitroaniline,1,138.126,1,1,1,69.16
1-Chlorobutane,1,92.569,0,0,2,0.0
triforine,1,430.93400000000014,2,1,6,64.68
Fluridone,1,329.321,0,3,2,22.0
6-aminochrysene,1,243.30900000000003,1,4,0,26.02
Estrone,1,270.372,1,4,0,37.3
RTI 17,1,269.373,0,3,1,19.37
"1,2-Propylene oxide",1,58.08,0,1,0,12.53
Nitrazepam,1,281.27099999999996,1,3,2,84.6
"1,3-diethylthiourea",1,132.232,2,0,2,24.06
"2,3,5-Trichlorophenol",1,197.448,1,1,0,20.23
Propyl propanoate,1,116.15999999999998,0,0,3,26.3
Aniline ,1,93.129,1,1,0,26.02
"1,5-Dimethlnapthalene",1,156.22799999999998,0,2,0,0.0
hydrochlorothiazide,1,297.745,3,2,1,118.36
Acenapthylene,2,152.19599999999994,0,3,0,0.0
Ethyl butyrate,1,144.21399999999997,0,0,5,26.3
Atratone,1,211.269,2,1,5,71.96000000000002
Benzo(a)pyrene,2,252.316,0,5,0,0.0
Bromoethane,1,108.96600000000001,0,0,0,0.0
3-Hexyne,1,82.14599999999999,0,0,0,0.0
Digitoxin,1,764.9499999999998,5,8,7,182.83
2-Methyl-1-Butene,1,70.13499999999999,0,0,1,0.0
8-quinolinol,1,145.16099999999997,1,2,0,33.120000000000005
"1,2,3,4-Tetrahydronapthalene",2,132.20599999999996,0,2,0,0.0
phenolphthalein,1,318.3280000000001,2,4,2,66.76
"1,3,5-Tribromobenzene",1,314.802,0,1,0,0.0
Ronnel,1,321.54900000000004,0,1,4,27.69
methylthiouracil,1,142.18300000000005,2,1,0,48.65
Eugenol,1,164.204,1,1,3,29.46
5-Allyl-5-isopropylbarbital,1,210.233,2,1,3,75.27000000000002
Pyrene,2,202.256,0,4,0,0.0
"1,1-Diethoxyethane ",1,118.176,0,0,4,18.46
Clomazone,1,239.702,0,2,2,29.54
2-Butoxyethanol,1,118.176,1,0,5,29.46
Quintozene,1,295.336,0,1,1,43.14
Androsterone,1,290.447,1,4,0,37.3
Flurochloridone,1,312.118,0,2,2,20.31
Quinoline,2,129.16199999999998,0,2,0,12.89
methyl gallate,1,184.14700000000002,3,1,1,86.99000000000002
fluconazole,1,306.276,1,3,5,81.64999999999998
Chlorzoxazone,1,169.567,1,2,0,46.0
"2,2',3,4,4',5',6-PCB",1,395.32700000000017,0,2,1,0.0
alloxan,1,142.07,2,1,0,92.34
"1,3-Dichloropropane",1,112.987,0,0,2,0.0
m-Fluorobromobenzene,1,175.0,0,1,0,0.0
p-Chlorobromobenzene,1,191.455,0,1,0,0.0
"2,3-Dimethylbutane",1,86.178,0,0,1,0.0
1-Butene,1,56.108000000000004,0,0,1,0.0
"2,2',3,4,5,5'-PCB",1,360.88200000000006,0,2,1,0.0
cytosine,1,111.104,2,1,0,71.77000000000002
"1,1,2-Trichlorotrifluoroethane",1,187.37500000000003,0,0,1,0.0
Propionitrile,1,55.07999999999999,0,0,0,23.79
"O,P'-DDD",1,320.04600000000005,0,2,3,0.0
o-Nitroanisole,1,153.13699999999997,0,1,2,52.37
Prasterone,1,288.4310000000001,1,4,0,37.3
Procymidone,1,284.142,0,3,1,37.38
Benzo[ghi]perylene,2,276.33799999999997,0,6,0,0.0
Dinoseb,1,240.21499999999997,1,1,4,106.51000000000002
meconin,1,196.202,0,2,2,44.76000000000001
Glycerol,1,92.094,3,0,2,60.69
Guaiacol,1,124.13899999999997,1,1,1,29.46
chlorpyrifos,1,350.591,0,1,6,40.58
9-Methylanthracene,1,192.261,0,3,0,0.0
Antipyrene,1,188.23,0,2,1,26.93
Methyl butyl ether ,1,88.14999999999998,0,0,3,9.23
7-methylpteridine,1,146.153,0,2,0,51.56
simazine,1,201.66099999999997,2,1,4,62.73
"N,N-Dimethylacetamide",1,87.12199999999999,0,0,0,20.31
Simetryn,1,213.31,0,1,3,45.15000000000001
Ethylene,1,28.053999999999995,0,0,0,0.0
"3,3-Dimethyl-1-butanol",1,102.177,1,0,1,20.23
5-Allyl-5-ethylbarbital,1,196.206,2,1,3,75.27000000000002
"2,3,4-Trichlorophenol",1,197.44799999999998,1,1,0,20.23
Anisole,1,108.13999999999996,0,1,1,9.23
chloropropylate,1,339.21800000000013,1,2,4,46.53
aldosterone,1,360.4500000000001,2,4,3,91.67000000000002
Difenoxuron,1,286.33099999999996,1,2,4,50.8
4-Ethyltoluene,1,120.19499999999996,0,1,1,0.0
Diisopropylsulfide,1,118.245,0,0,2,0.0
"1,3-Dinitrobenzene",1,168.10799999999998,0,1,2,86.28
Ethion,1,384.48700000000014,0,0,12,36.92
probarbital,1,198.222,2,1,2,75.27000000000002
cortisone acetate,1,402.48700000000025,1,4,3,97.74
Metronidazole,1,171.15599999999995,1,1,3,81.19
p-Chloroaniline,1,127.574,1,1,0,26.02
"2,2-Dimethylpentanol",1,116.20399999999998,1,0,3,20.23
Furane,2,68.07499999999999,0,1,0,13.14
Methoproptryne,1,271.39,2,1,8,71.96000000000002
Norea,1,222.33199999999997,1,3,1,32.34
t-Butylbenzene ,1,134.22199999999998,0,1,0,0.0
kebuzone,1,322.3640000000001,0,3,5,57.69000000000001
prednisolone acetate,1,402.48700000000014,2,4,3,100.90000000000002
Methyl propyl ether ,1,74.12299999999998,0,0,2,9.23
Isopropyl acetate,1,102.133,0,0,1,26.3
Bromobenzene,1,157.01,0,1,0,0.0
Ethyl-p-hydroxybenzoate ,1,166.176,1,1,2,46.53
3-Butanoyloxymethylphenytoin,1,352.3900000000001,1,3,6,75.71
testosterone propionate,1,344.4950000000002,0,4,2,43.37000000000001
Coronene,2,300.36000000000007,0,7,0,0.0
allopurinol,1,136.114,2,2,0,74.43
Chloroethylene,1,62.498999999999995,0,0,0,0.0
diphenamid,1,239.31799999999998,0,2,3,20.31
Tetrabromomethane,1,331.6269999999999,0,0,0,0.0
RTI 22,1,296.374,1,3,2,48.47
phthalimide,1,147.13299999999995,1,2,0,46.17
Fenarimol,1,331.202,1,3,3,46.01000000000001
Methyl benzoate ,1,136.14999999999998,0,1,1,26.3
1-methyluracil,1,126.115,1,1,0,54.86
oxyphenbutazone,1,324.38000000000005,1,3,5,60.85000000000001
"2,2',3,5'-PCB",1,291.99200000000013,0,2,1,0.0
Quinethazone,1,289.74400000000014,3,2,2,101.29
Diuron,1,233.098,1,1,1,32.34
Cyclopentene ,2,68.11900000000001,0,1,0,0.0
alloxantin,1,286.156,6,2,1,191.0
Nonane,1,128.259,0,0,6,0.0
2-Chlorophenol,1,128.558,1,1,0,20.23
5-Methylchrysene,1,242.321,0,4,0,0.0
Phenetole,1,122.16699999999996,0,1,2,9.23
ethyl cinnamate,1,176.215,0,1,3,26.3
Terbacil,1,216.668,1,1,0,54.86
Clonazepam,1,315.716,1,3,2,84.6
p-Toluenesulfonamide ,1,171.22099999999998,1,1,1,60.16
Chlorbufam,1,223.65900000000002,1,1,2,38.33
2-Methylheptane,1,114.232,0,0,4,0.0
Cyhalothrin,1,449.85600000000017,0,3,6,59.32000000000001
Apazone,1,300.36200000000014,0,3,2,56.22000000000001
Diazepam,1,284.7460000000001,0,3,1,32.67
2-Methyl-3-pentanol,1,102.177,1,0,2,20.23
fensulfothion,1,308.3610000000001,0,1,7,44.76000000000001
borneol,1,154.253,1,2,0,20.23
Testosterone,1,288.431,1,4,0,37.3
Heptane,1,100.205,0,0,4,0.0
1-Napthol,1,144.17299999999997,1,2,0,20.23
"cis-1,2-Dimethylcyclohexane",1,112.21600000000001,0,1,0,0.0
Trimazosin,1,435.4810000000003,2,3,6,132.5
Cholanthrene,2,254.332,0,5,0,0.0
Medrogestone,1,340.5070000000001,0,4,1,34.14
2-Heptanone,1,114.188,0,0,4,17.07
Acephate,1,183.169,1,0,3,55.4
DEF,1,314.5220000000001,0,0,12,17.07
phthalamide,1,149.149,1,2,0,46.17
Trichlomethiazide,1,380.662,3,2,2,118.36
2-Methy-2-Butene,1,70.13499999999999,0,0,0,0.0
"1,2,4-Trimethylbenzene",1,120.195,0,1,0,0.0
"2,4,5-Trichlorophenol ",1,197.44799999999998,1,1,0,20.23
phenanthridine,2,179.22199999999995,0,3,0,12.89
3-Methyl-3-hexanol,1,116.20399999999998,1,0,3,20.23
Octane,1,114.23200000000001,0,0,5,0.0
Anthracene,2,178.23399999999995,0,3,0,0.0
Phenylhydrazine,1,108.14399999999998,2,1,1,38.05
Propionaldehyde,1,58.08,0,0,1,17.07
Cyclooctane,2,112.216,0,1,0,0.0
"5,5-Diallylbarbital",1,208.217,2,1,4,75.27000000000002
Trichloromethane,1,119.378,0,0,0,0.0
thiouracil,1,128.15599999999998,2,1,0,45.75
Pencycuron,1,328.843,1,3,4,32.34
1-Methylcyclohexene ,1,96.17300000000002,0,1,0,0.0
2-Ethylhexanal,1,128.21499999999997,0,0,5,17.07
Khellin,1,260.24499999999995,0,3,2,61.81
5-Ethyl-5-(3-methylbutyl)barbital,1,226.27599999999995,2,1,4,75.27000000000002
Benzo(j)fluoranthene,2,252.316,0,5,0,0.0
2-Ethylbutanal,1,100.161,0,0,3,17.07
Dipropyl ether,1,102.177,0,0,4,9.23
1-Tetradecanol,1,214.39299999999997,1,0,12,20.23
"2,3,6-Trichlorophenol",1,197.448,1,1,0,20.23
Urea,1,60.056000000000004,2,0,0,69.11
1-Pentyne,1,68.11899999999999,0,0,1,0.0
"1,3-Dibromobenzene",1,235.906,0,1,0,0.0
1-Octadecanol,1,270.50099999999986,1,0,16,20.23
Acetanilide,1,135.16599999999997,1,1,1,29.1
hematein,1,300.26599999999996,4,4,0,107.22
Isonazid,1,137.14200000000002,2,1,1,68.01
hydroxychlordene,1,354.87499999999983,1,3,0,20.23
Isopentyl formate,1,116.15999999999998,0,0,4,26.3
Acetophenone,1,120.15099999999997,0,1,1,17.07
biquinoline,2,256.308,0,4,1,25.78
Triethyl phosphate,1,182.156,0,0,6,44.76000000000001
D-fenchone,1,152.237,0,2,0,17.07
7-methoxypteridine,1,162.15200000000002,0,2,1,60.790000000000006
Chlordene,1,338.876,0,3,0,0.0
2-Nitropropane,1,89.094,0,0,1,43.14
Carbazole,2,167.21099999999996,1,3,0,15.79
Erythritol,1,122.12,4,0,3,80.92
Risocaine,1,179.21899999999997,1,1,3,52.32
Azodrin,1,223.165,1,0,5,73.86
Succinimide,1,99.089,1,1,0,46.17
"2,3-Dimethylpentane",1,100.20499999999998,0,0,2,0.0
bupirimate,1,316.42700000000013,1,1,8,84.42
RTI 16,1,270.361,0,3,1,32.260000000000005
RTI 9,1,239.274,0,3,1,29.54
Tetrahydropyran ,2,86.134,0,1,0,9.23
1-Heptyne,1,96.173,0,0,3,0.0
osthole,1,244.28999999999996,0,2,3,39.44
3-Methylcholanthrene,1,268.3589999999999,0,5,0,0.0
Ethyl benzoate ,1,150.17700000000002,0,1,2,26.3
1-Chloro-2-methylpropane,1,92.569,0,0,1,0.0
Ethinyl estradiol,1,296.41,2,4,0,40.46
methyl laurate,1,214.349,0,0,10,26.3
Di-n-propylsulfide,1,118.245,0,0,4,0.0
Napthacene,2,228.294,0,4,0,0.0
1-Bromopentane,1,151.047,0,0,3,0.0
trans-2-Heptene ,1,98.18899999999998,0,0,3,0.0
Metranidazole,1,171.15599999999995,1,1,3,81.19
Pentylcyclopentane,1,140.26999999999998,0,1,4,0.0
"2,2',3,5,5',6-PCB",1,360.88200000000006,0,2,1,0.0
5-Ethyl-5-isopropylbarbituric acid,1,198.222,2,1,2,75.27000000000002
"1,1,1-Trichloroethane",1,133.405,0,0,0,0.0
Monolinuron,1,214.65200000000002,1,1,2,41.57
Cyclohexyl-5-spirobarbituric acid,1,196.206,2,2,0,75.27
dimetan,1,211.26099999999997,0,1,1,46.61
4-Bromotoluene,1,171.03700000000003,0,1,0,0.0
Diethyl ether ,1,74.123,0,0,2,9.23
Rovral,1,330.17100000000005,1,2,2,69.72
Benfluralin,1,335.2820000000001,0,1,7,89.51999999999998
"2,4,6-Trimethylphenol",1,136.194,1,1,0,20.23
Benzene ,2,78.11399999999998,0,1,0,0.0
p-Chloroiodobenzene,1,238.455,0,1,0,0.0
Metoxuron,1,228.679,1,1,2,41.57
propachlor,1,211.69200000000004,0,1,3,20.31
Styrene,1,104.15199999999996,0,1,1,0.0
Dimethoxymethane,1,76.095,0,0,2,18.46
o-Xylene ,1,106.168,0,1,0,0.0
Butan-2-ol,1,74.12299999999998,1,0,1,20.23
"1,4-Benzenediol",1,110.11199999999998,2,1,0,40.46
estriol,1,288.387,3,4,0,60.69
Benzo(b)fluorene,2,216.283,0,4,0,0.0
hydantoin,1,100.07700000000001,2,1,0,58.2
4-hexylresorcinol,1,194.27399999999992,2,1,5,40.46
allicin,1,162.27899999999997,0,0,5,17.07
Coumaphos,1,362.7710000000001,0,2,6,57.9
"5,6-Dimethylchrysene",1,256.348,0,4,0,0.0
Betamethasone-17-valerate,1,476.58500000000015,2,4,6,100.90000000000002
uric acid,1,168.112,4,2,0,114.36999999999998
"2,3,4,6-Tetrachlorophenol",1,231.893,1,1,0,20.23
"1,3-Dichlorobenzene",1,147.004,0,1,0,0.0
DDT,1,354.491,0,2,2,0.0
Isobutyl formate,1,102.13299999999998,0,0,3,26.3
thioanisole,1,124.208,0,1,1,0.0
RTI 13,1,322.29,1,3,1,58.12000000000001
Hexane ,1,86.178,0,0,3,0.0
methyl nicotinate,1,137.138,0,1,1,39.19
Bendroflumethiazide,1,421.42200000000014,3,3,3,118.36
"2,3,3',4,4',5-PCB",1,360.88200000000006,0,2,1,0.0
Vinclozolin,1,286.1140000000001,0,2,2,46.61
Cyanazine,1,240.69799999999998,2,1,4,86.52
Triphenylene,2,228.294,0,4,0,0.0
Dienestrol,1,266.34,2,2,3,40.46
Di(2-ethylhexyl)-phthalate,1,390.5640000000003,0,1,14,52.60000000000001
2-Ethyl pyridine,1,107.15599999999998,0,1,1,12.89
Naled,1,380.784,0,0,5,44.76000000000001
Biphenyl,2,154.21199999999996,0,2,1,0.0
"2,2',4,4',6,6'-PCB",1,360.88200000000006,0,2,1,0.0
Altretamine,1,210.285,0,1,3,48.39000000000001
"2,4-Dimethyl-2-pentanol ",1,116.20399999999998,1,0,2,20.23
Cycloheptyl-5-spirobarbituric acid,1,210.233,2,2,0,75.27
Fructose,1,180.15599999999998,5,1,2,110.38
"3,5-Dimethylphenol",1,122.16699999999996,1,1,0,20.23
Barban,1,258.10400000000004,1,1,2,38.33
p-Chloroacetanilide,1,169.611,1,1,1,29.1
"2,2',3,4,5,5',6-PCB",1,395.32700000000017,0,2,1,0.0
"2,2-Dimethylbutane",1,86.17799999999998,0,0,0,0.0
N-Methylaniline ,1,107.15599999999998,1,1,1,12.03
"1,4-Pentadiene ",1,68.119,0,0,2,0.0
Hydrocortisone 21-acetate,1,404.50300000000016,2,4,3,100.90000000000002
DNOC,1,198.13400000000001,1,1,2,106.51000000000002
Lorazepam,1,321.163,2,3,1,61.69000000000001
3-Chlorophenol,1,128.558,1,1,0,20.23
m-Chlorobromobenzene,1,191.455,0,1,0,0.0
chlorothiazide,1,295.7290000000001,2,2,1,118.69
5-Methyl-5-ethylbarbituric acid,1,170.16799999999995,2,1,1,75.27000000000002
2-Phenoxyethanol,1,138.16599999999997,1,1,3,29.46
Diphenylmethane,2,168.239,0,2,2,0.0
3-Octanol,1,130.23099999999997,1,0,5,20.23
Flumetralin,1,421.73400000000015,0,2,6,89.51999999999998
Propazine,1,229.71500000000003,2,1,4,62.73
2-Methylpentanol,1,102.177,1,0,3,20.23
2-Methyl-2-hexanol,1,116.20399999999998,1,0,3,20.23
Ethylbenzene,1,106.16799999999996,0,1,1,0.0
5-(3-Methyl-2-butenyl)-5-ethylbarbital,1,224.26,2,1,3,75.27000000000002
Heptachlor,1,373.32099999999986,0,3,0,0.0
butallylonal,1,303.156,2,1,4,75.27000000000002
Fenpropathrin,1,349.43000000000006,0,3,5,59.32000000000001
Methoprene,1,310.47800000000007,0,0,10,35.53
Ethyl propionate,1,102.133,0,0,2,26.3
Prometryn,1,241.364,2,1,5,62.73
Buturon,1,236.702,1,1,2,32.34
"2,3-Dimethylnaphthalene",1,156.22799999999995,0,2,0,0.0
"2,4',5-PCB",1,257.547,0,2,1,0.0
"2,3',4,4',5-PCB",1,360.88200000000006,0,2,1,0.0
2-cyanoguanidine,1,84.08200000000001,2,0,0,88.19
Chloropicrin,1,164.375,0,0,0,43.14
"2,6-PCB",1,223.102,0,2,1,0.0
p-Methoxybenzaldehyde,1,136.14999999999998,0,1,2,26.3
4-Nitroacetanilide,1,180.163,1,1,2,72.24000000000002
Ethyl heptanoate,1,158.241,0,0,6,26.3
p-Hydroxyacetanilide,1,151.165,2,1,1,49.33
indazole,2,118.13899999999998,1,2,0,28.68
triamcinolone acetonide,1,434.50400000000025,2,5,2,93.06000000000002
guanine,1,151.129,3,2,0,100.45
Methyl acetate,1,74.07900000000002,0,0,0,26.3
Stanolone,1,290.44699999999995,1,4,0,37.3
1-Hexene-3-ol,1,100.161,1,0,3,20.23
norbormide,1,511.58100000000013,2,7,5,92.18
Dibutyl ether ,1,130.231,0,0,6,9.23
1-Dodecanol,1,186.339,1,0,10,20.23
RTI 6,1,313.3610000000001,2,3,4,81.59000000000002
2-Methyl-2-pentanol,1,102.17699999999998,1,0,2,20.23
Flucytosine,1,129.09399999999997,2,1,0,71.77
stadacaine,1,293.4070000000001,0,1,9,38.77
2-Methyl-2-heptanol,1,130.231,1,0,4,20.23
Hexamethylbenzene,1,162.27599999999995,0,1,0,0.0
Thymol,1,150.22099999999998,1,1,1,20.23
Pteridine,2,132.12599999999998,0,2,0,51.56
Parathion,1,291.2650000000001,0,1,7,70.83000000000001
Methane,0,16.043,0,0,0,0.0
indoline,2,119.167,1,2,0,12.03
1-Nitronapthalene,1,173.171,0,2,1,43.14
3-Methyl-2-pentanone,1,100.161,0,0,2,17.07
isoguanine,1,151.129,3,2,0,100.71
bromadiolone,1,527.4140000000001,2,5,6,70.67
Nitromethane,1,61.040000000000006,0,0,0,43.14
Triallate,1,304.67,0,0,4,20.31
"1,5-Hexadiene ",1,82.14599999999999,0,0,3,0.0
Indole,2,117.15099999999997,1,2,0,15.79
Androstenedione,1,286.415,0,4,0,34.14
1-Hexene,1,84.16199999999998,0,0,3,0.0
Xipamide,1,354.81500000000017,3,2,3,109.48999999999998
Ethylcyclohexane,1,112.216,0,1,1,0.0
2-Nonanone,1,142.24200000000002,0,0,6,17.07
Mebendazole,1,295.298,2,3,3,84.07999999999998
Chloropham,1,213.664,1,1,2,38.33
RTI 12,1,288.73800000000006,0,3,1,49.33000000000001
Carbaryl,1,201.225,1,2,1,38.33
Ethyne,1,26.038,0,0,0,0.0
"3,5-Dimethylpyridine",1,107.15599999999998,0,1,0,12.89
"1,4-Cyclohexadiene",2,80.12999999999998,0,1,0,0.0
Mecarbam,1,329.3800000000001,0,0,8,65.07000000000001
1-Phenylethanol,1,122.16699999999996,1,1,1,20.23
"1,2-Dichloropropane",1,112.987,0,0,1,0.0
2-Ethyl-2-hexanal,1,126.19899999999998,0,0,4,17.07
Disulfoton,1,274.413,0,0,9,18.46
methyltestosterone acetate,1,344.4950000000002,0,4,1,43.37000000000001
"2,4,6-PCB",1,257.547,0,2,1,0.0
difluron,1,310.687,2,2,2,58.2
Triclosan,1,289.545,1,2,2,29.46
diisooctyl phthalate,1,390.56400000000014,0,1,14,52.60000000000001
Corticosterone,1,346.46700000000016,2,4,2,74.6
"1,3,5-Trimethylbenzene ",1,120.19499999999998,0,1,0,0.0
dioctyl phthalate,1,390.56400000000036,0,1,16,52.60000000000001
1-Pentadecanol,1,228.41999999999996,1,0,13,20.23
"2,2',6,6'-PCB",1,291.992,0,2,1,0.0
"5,5-Dimethylbarbituric acid",1,156.141,2,1,0,75.27000000000002
2-Iodopropane,1,169.993,0,0,0,0.0
"1,2-Dinitrobenzene",1,168.10799999999998,0,1,2,86.28
3-Methyl-2-butanone,1,86.13399999999999,0,0,1,17.07
Hexadecane,1,226.44799999999992,0,0,13,0.0
"1,8-Cineole",1,154.253,0,3,0,9.23
Tricyclazole,1,189.243,0,3,0,30.19
2-Octanone,1,128.21499999999997,0,0,5,17.07
Methyl nonanoate,1,172.268,0,0,7,26.3
"1,4-Difluorobenzene",1,114.094,0,1,0,0.0
Thalidomide,1,258.233,1,3,1,83.55000000000003
Trifluralin,1,335.2820000000001,0,1,7,89.51999999999998
Ethanol,1,46.068999999999996,1,0,0,20.23
Cyclopentyl-5-spirobarbituric acid,1,182.179,2,2,0,75.27
Carbetamide,1,236.271,2,1,4,67.42999999999999
phenothrin,1,350.45800000000014,0,3,6,35.53
Cycluron,1,198.30999999999992,1,1,1,32.34
Mirex,1,545.5460000000002,0,6,0,0.0
1-Bromooctane,1,193.128,0,0,6,0.0
Benomyl,1,290.323,2,2,4,85.25
aminopyrine,1,231.299,0,2,2,30.17
3-Pentanol,1,88.15,1,0,2,20.23
p-Nitrotoluene,1,137.138,0,1,1,43.14
4-Methylpentanol,1,102.177,1,0,3,20.23
Norethisterone,1,314.42500000000007,2,4,0,57.53
bromopropylate,1,428.12000000000006,1,2,4,46.53
Pyrazon,1,221.64700000000002,1,2,1,60.91
2-Methylbutan-2-ol,1,88.14999999999998,1,0,1,20.23
p-Cresol,1,108.14,1,1,0,20.23
Ethyl formate,1,74.07900000000002,0,0,2,26.3
"N,N-Dimethylaniline",1,121.18299999999996,0,1,1,3.24
Decalin,2,138.254,0,2,0,0.0
Butanethiol ,1,90.191,1,0,2,0.0
Benzo(e)pyrene,2,252.316,0,5,0,0.0
Tetrachloroethylene,1,165.834,0,0,0,0.0
3-Pentanone,1,86.134,0,0,2,17.07
Acrylonitrile,1,53.06399999999999,0,0,0,23.79
Flumethasone,1,410.45700000000016,3,4,2,94.83
2-Hexanone,1,100.161,0,0,3,17.07
Terbumeton,1,225.296,2,1,4,71.96000000000002
3-Methylheptane,1,114.232,0,0,4,0.0
"1,2-Dibromoethane",1,187.862,0,0,1,0.0
Isoprocarb,1,193.246,1,1,2,38.33
Niridazole,1,214.206,1,2,2,88.37
Benzo(a)fluorene,2,216.283,0,4,0,0.0
2-Chloroanisole,1,142.58499999999995,0,1,1,9.23
Bromophos,1,366.0,0,1,4,27.69
Quinonamid,1,332.57000000000005,1,2,3,63.24
"P,P'-DDD",1,320.04600000000005,0,2,3,0.0
Methyl acrylate,1,86.09,0,0,1,26.3
Chloroxuron,1,290.75,1,2,3,41.57000000000001
Azobenzene,2,182.226,0,2,2,24.72
4-Isopropyltoluene,1,134.22199999999998,0,1,1,0.0
"2,6-Dichlorophenol",1,163.003,1,1,0,20.23
Sucrose,1,342.29699999999997,8,2,5,189.53
d-inositol,1,180.15599999999998,6,1,0,121.38
Dyphylline,1,254.24599999999995,2,2,3,102.28
Chloramphenicol,1,323.13200000000006,3,1,6,112.70000000000002
3-Ethyl-3-pentanol,1,116.204,1,0,3,20.23
Epitostanol,1,306.5150000000001,1,5,0,20.23
"1,2-Dibromobenzene",1,235.906,0,1,0,0.0
"2,4,6-Trichlorophenol",1,197.448,1,1,0,20.23
oryzalin,1,346.3650000000002,1,1,8,149.67999999999995
RTI 20,1,255.292,0,3,2,20.31
"2,4-Dimethyl-3-pentanone",1,114.18799999999996,0,0,2,17.07
5-(3-Methyl-2-butenyl)-5-isoPrbarbital,1,238.287,2,1,3,75.27000000000002
gentisin,1,262.26099999999997,2,3,1,75.99000000000002
Caffeine,1,194.194,0,2,0,61.82
Spironolactone,1,416.58300000000025,0,5,1,60.44
"3,4-Dimethylphenol",1,122.167,1,1,0,20.23
Diphenyl ether ,2,170.21099999999998,0,2,2,9.23
"2,2',4,4',5,5'-PCB",1,360.88200000000006,0,2,1,0.0
nicotinamide,1,122.12699999999997,1,1,1,55.98
Thiophenol ,1,110.18099999999995,1,1,0,0.0
XMC,1,179.21900000000002,1,1,1,38.33
Chlordane,1,409.78199999999987,0,3,0,0.0
Dimethyldisulfide,1,94.204,0,0,1,0.0
Benzamide,1,121.13899999999997,1,1,1,43.09
o-Chlorobromobenzene,1,191.455,0,1,0,0.0
Monotropitoside,1,446.405,6,3,6,184.6
3-Heptanol ,1,116.20399999999998,1,0,4,20.23
RTI 15,1,268.32,1,3,1,58.12000000000001
"3,5-Dichlorophenol",1,163.003,1,1,0,20.23
1-Methylphenanthrene,1,192.261,0,3,0,0.0
2-Ethyl-1-hexanol,1,130.231,1,0,5,20.23
Diallate,1,270.225,0,0,4,20.31
Toluene ,1,92.141,0,1,0,0.0
Nitrapyrin,1,230.90900000000002,0,1,0,12.89
Cycloheptene,2,96.17299999999999,0,1,0,0.0
Thiram,1,240.444,0,0,0,6.48
Griseofulvin,1,352.77000000000015,0,3,3,71.06
1-Decanol,1,158.285,1,0,8,20.23
"3,3-Dimethylpentane",1,100.20499999999998,0,0,2,0.0
vamidothion,1,287.343,1,0,8,64.63000000000001
"2,3,4,5-Tetrachlorophenol",1,231.893,1,1,0,20.23
Butyraldehyde,1,72.107,0,0,2,17.07
dexamethasone acetate,1,434.5040000000003,2,4,3,100.9
Butane,1,58.124,0,0,1,0.0
o-Methoxyphenol,1,124.13899999999997,1,1,1,29.46
Fluoromethalone,1,376.4680000000001,2,4,1,74.6
Pentachloroethane,1,202.295,0,0,0,0.0
Diethyl phthalate ,1,222.23999999999995,0,1,4,52.60000000000001
2-Methylpropan-1-ol,1,74.12299999999998,1,0,1,20.23
Isobutylbenzene,1,134.22199999999998,0,1,2,0.0
Diiodomethane,1,267.835,0,0,0,0.0
4-Heptanol,1,116.204,1,0,4,20.23
Pentyl acetate,1,130.18699999999998,0,0,4,26.3
"2,3,5,6-Tetrachlorophenol",1,231.893,1,1,0,20.23
Propylbenzene ,1,120.19499999999996,0,1,2,0.0
"1,2-Dichlorotetrafluoroethane",1,170.92000000000004,0,0,1,0.0
2-butenal,1,70.09100000000001,0,0,1,17.07
tetramethylurea,1,116.164,0,0,0,23.550000000000004
"1,2,4,5-Tetramethylbenzene",1,134.22199999999998,0,1,0,0.0
norethindrone acetate,1,340.46300000000014,0,4,1,43.37000000000001
Ditalimfos,1,299.28800000000007,0,2,5,55.84
salicylanilide,1,213.236,2,2,2,49.33
Sulfallate,1,223.794,0,0,4,3.24
Chloroethane,1,64.515,0,0,0,0.0
Mefluidide,1,310.297,2,1,3,75.27000000000002
Piperine,1,285.343,0,3,3,38.77
cis-2-Pentene,1,70.135,0,0,1,0.0
thiofanox,1,218.322,1,0,3,50.69
Cyclooctyl-5-spirobarbituric acid,1,224.26,2,2,0,75.27
butacarb,1,263.381,1,1,1,38.33
Eriodictyol,1,288.255,4,3,1,107.22
Benzophenone,1,182.222,0,2,2,17.07
Eicosane,1,282.55599999999987,0,0,17,0.0
hydrazobenzene,2,184.24200000000002,2,2,3,24.06
2-Ethyl-1-butanol,1,102.177,1,0,3,20.23
4-hydroxypyridine,1,95.10099999999998,1,1,0,33.120000000000005
"cis 1,2-Dichloroethylene",1,96.94400000000002,0,0,0,0.0
Methylcyclopentane,1,84.162,0,1,0,0.0
4-Methyl-2-pentanol,1,102.17699999999998,1,0,2,20.23
RTI 11,1,254.289,1,3,0,55.56
"2,2-Dimethylpropanol",1,88.14999999999998,1,0,0,20.23
Triadimefon,1,293.754,0,2,4,57.01000000000001
Isocarboxazid,1,231.255,2,2,4,67.16
Propylene,1,42.081,0,0,0,0.0
Dichlorophen,1,269.127,2,2,2,40.46
Desmedipham,1,300.314,2,2,4,76.66
Anthraquinone,1,208.216,0,3,0,34.14
2-Octanol,1,130.231,1,0,5,20.23
Oxycarboxin,1,267.306,1,2,2,72.47
Butylbenzene,1,134.22199999999998,0,1,3,0.0
parabanic acid,1,114.06,2,1,0,75.27
Abate,1,466.47900000000016,0,2,10,55.38000000000001
Chlorthalidone,1,338.7720000000001,3,3,2,109.49
Isobutyl acetate,1,116.15999999999998,0,0,2,26.3
"2,2,3-Trimethylbutane",1,100.20499999999998,0,0,0,0.0
"2,3,3',4,4'6-PCB",1,395.32700000000017,0,2,1,0.0
Phthalonitrile,1,128.13399999999996,0,1,0,47.58
m-Nitrotoluene,1,137.138,0,1,1,43.14
halothane,1,197.38099999999997,0,0,0,0.0
Oxamyl,1,219.266,1,0,1,70.99999999999999
Thiometon,1,246.359,0,0,7,18.46
2-Methylbutane,1,72.15100000000001,0,0,1,0.0
Stirofos,1,365.96400000000006,0,1,5,44.76000000000001
