test_true_0,test_true_1,test_true_2,test_true_3,test_true_4,test_true_5,test_true_6,test_true_7,test_true_8,test_true_9,test_true_10,test_true_11,test_true_12,test_true_13,test_true_14,test_true_15,test_true_16,test_true_17,test_true_18,test_true_19,test_true_20,test_true_21,test_true_22,test_true_23,test_true_24,test_true_25,test_true_26,test_true_27,test_true_28,test_true_29,test_true_30,test_true_31,test_true_32,test_true_33,test_true_34,test_true_35,test_true_36,test_true_37,test_true_38,test_true_39,test_true_40,test_true_41,test_true_42,test_true_43,test_true_44,test_true_45,test_true_46,test_true_47,test_true_48,test_true_49
-2.54,-0.01,-2.43,-5.05,-0.8540000000000001,-0.62,-1.3,-1.14,-3.53,-3.77,-2.24,-3.5039999999999996,-0.1,-0.4,-2.523,-2.32,1.1,-2.77,0.58,-2.46,-2.86,-3.8930000000000002,-0.82,-4.883,-4.23,0.39,-0.73,-3.04,-2.6,-2.349,-1.87,-5.46,-1.21,-2.523,-2.54,-4.5,-3.42,-2.82,-2.878,-4.099,-2.436,-2.57,-3.927,-8.4,-4.314,-3.55,-2.7,-4.678999999999999,-4.06,0.29
-2.253,-8.003,-6.51,0.47,-1.64,-2.06,-1.13,-5.37,-2.15,-4.56,-0.72,-3.63,-1.96,-4.89,-4.743,-4.62,-0.6,-5.184,-0.96,-2.06,-7.82,-4.22,-2.85,-4.4319999999999995,-4.71,-5.16,0.96,-4.2860000000000005,-5.37,-7.68,-1.98,-0.31,-0.8,-4.76,-2.34,-4.1,-1.886,-2.67,-1.96,-1.886,-1.85,-2.21,-1.8030000000000002,-3.8930000000000002,-1.25,-2.78,-4.69,-4.522,-0.78,-4.8
-2.484,-1.3,-4.194,-5.66,-6.29,-8.334,-3.39,-2.31,-3.59,-0.72,-1.077,-0.89,-4.46,-6.98,0.32,-1.08,-1.64,-3.0210000000000004,-6.35,-4.25,-2.843,-3.15,-1.29,-7.8,-2.96,-0.6,-4.06,-3.75,-2.22,-2.35,-2.46,-3.68,-0.72,-4.72,-8.402000000000001,-2.35,-4.4,-3.85,-0.41,-0.14,-3.1710000000000003,-5.89,-4.56,-1.36,-3.11,-2.55,-1.94,-9.15,-1.26,-4.54
-2.54,-3.59,-4.0,-4.46,-2.35,-3.5,-0.41,-0.95,-1.78,-1.614,0.15,-3.26,-4.23,-4.24,-4.53,-2.8,-2.22,-4.553999999999999,-2.19,-1.655,-1.22,-1.82,-4.15,-1.44,-2.46,-0.6,-1.08,-0.7,-2.64,-1.92,-4.88,-2.338,-5.282,0.0,-6.726,-2.148,-1.63,-5.282,-4.74,-1.66,-0.12,-3.08,-1.99,-2.37,-6.29,-3.38,0.36,-1.89,-5.27,-4.3
-7.2,-1.92,-2.452,-2.12,-1.89,0.523,-7.92,-2.468,-1.94,-4.14,-1.37,-2.484,-4.02,-2.9,-1.34,-1.66,-4.593999999999999,-1.81,-3.36,-5.6129999999999995,-2.36,-6.09,-3.59,-4.14,-1.08,-3.85,-1.68,0.009000000000000001,-3.4,1.12,-4.207,-1.47,-2.39,-3.73,-1.19,-3.08,-0.8540000000000001,-2.89,-4.16,-4.755,-3.9,-5.19,-3.12,1.1440000000000001,-1.4,-2.943,-2.77,-1.19,-1.94,-0.36
-1.19,-1.83,-2.484,-3.1,-0.88,-3.59,-2.09,-2.39,-2.12,-8.6,-4.77,-8.01,-2.218,-1.17,-4.88,-1.96,-1.36,-7.8,-7.01,-2.92,-4.0,-4.314,-3.51,-4.16,-3.85,-3.15,-2.78,-4.8,1.58,-4.35,0.85,-0.22,-2.253,-3.17,-2.77,-4.29,0.522,-8.699,-1.08,-3.59,-6.68,-7.96,-8.6,-3.955,0.43,-2.18,-1.91,-4.36,0.38,-3.3
-4.314,-1.48,-4.4,-2.878,-2.8,-3.0,-0.8,-0.4,-8.6,-4.66,-5.21,-2.17,-8.0,1.02,-1.8769999999999998,-1.92,-2.55,-4.871,-4.1,-2.84,-4.0,-0.85,-1.1,-4.19,-2.56,-2.82,-1.9469999999999998,-2.59,-1.06,-1.75,-4.47,-2.78,-6.96,-2.58,-4.43,-1.91,-0.09,-1.78,-3.24,-4.77,-1.55,-1.29,-2.09,-3.9,-0.18,-2.77,-3.2,-1.85,-1.661,0.76
-2.19,0.94,-0.72,-7.01,-4.749,-0.44,-4.11,1.02,-5.915,-4.21,-3.48,-4.71,-0.39,-2.51,-4.099,-3.5,0.32,-1.74,-3.54,-0.45,-0.8759999999999999,-5.6129999999999995,-3.7960000000000003,-1.47,-5.46,-2.253,-3.324,-4.678,-1.3,-2.33,-2.57,-2.33,-1.29,-3.8,-4.1,-1.46,-2.676,-0.4,-3.46,-1.155,-2.98,-2.36,-1.34,-1.64,-0.36,-4.53,0.15,-2.73,-0.466,-3.68
-7.66,-3.76,0.0,0.81,-2.49,0.46,-7.28,-3.21,-4.345,-4.7989999999999995,-7.01,-0.41,-1.48,-0.5,-5.23,-1.29,-5.64,-3.57,-0.89,-3.4010000000000002,-2.34,-2.37,-3.24,-3.63,-6.0,-1.33,-2.37,-3.04,-1.34,-7.25,-3.81,-0.12,-4.64,-6.09,-2.0,0.0,-3.59,0.32,-2.77,-2.68,-6.35,-4.0,-4.805,-2.85,-7.28,-7.32,-4.38,-2.218,-3.01,-5.41
-2.57,-1.06,-2.64,-3.27,-0.59,-2.436,-1.66,-2.06,-4.19,-2.322,-1.77,-3.12,-0.55,-3.37,-3.84,-3.48,-7.2,-3.77,-5.47,-8.402000000000001,-3.931,-4.29,-0.78,-2.78,-1.75,0.46,-3.55,-1.64,1.1,-2.96,-3.7960000000000003,-3.5860000000000003,-4.24,-2.57,-2.82,-1.63,-0.74,-3.26,-2.943,-3.28,-1.24,-1.601,-4.7,-11.6,0.46,-4.59,-3.0,-3.592,-5.88,-2.369
-4.42,-6.49,-4.07,-2.29,-5.54,-0.4,-2.12,-7.87,-3.37,-4.19,-1.21,-0.624,-4.42,-1.19,-4.0,-5.153,-9.15,-4.71,-2.766,-4.907,-0.72,-3.931,-3.84,-3.091,-4.73,-4.86,-0.04,-2.82,-6.57,-0.31,-5.64,-1.47,-4.53,-11.6,-1.456,-3.76,-1.11,-3.48,-9.332,-4.194,0.76,-4.44,-3.04,-8.057,-6.57,-0.62,-4.22,-2.96,-4.37,-5.65
0.54,-2.23,-1.7,-2.73,-0.29,-4.54,-1.04,-0.45,-3.18,-3.15,-3.8169999999999997,-2.55,-3.96,1.12,-3.05,-1.49,-3.536,-1.3,-8.49,-1.4880000000000002,-5.184,-7.278,-3.028,0.715,-1.25,-4.4319999999999995,-1.44,-2.68,-5.64,-4.735,0.29,-5.24,-6.08,-4.57,-0.85,-1.96,-4.36,-2.92,-4.11,-3.408,-1.75,-0.59,-4.2,-4.43,-2.92,-3.52,0.28,0.38,-3.96,-4.43
-3.4,-1.886,-5.84,-3.68,-4.706,-2.943,-7.02,-1.74,-4.31,-2.51,0.43,-2.943,-2.43,-3.05,0.45,-2.7,-5.36,-3.7,-4.13,-5.36,-3.08,-1.99,-1.56,-6.6370000000000005,-3.37,-5.68,-1.995,-3.583,-2.218,-1.7080000000000002,-2.523,-3.19,-2.37,-4.862,-3.68,-1.95,-6.307,-2.478,-0.8540000000000001,-8.04,-5.82,-0.41,-6.307,-2.67,-5.292999999999998,-1.29,0.79,-4.16,-3.31,-3.952
-2.18,-4.69,-0.6,-2.57,-1.36,1.09,-3.03,-3.59,-7.8,-4.55,-0.01,-2.273,-2.96,-1.3,-2.37,-7.68,-0.74,-2.23,-2.43,-4.26,-1.55,-2.253,-4.522,-1.22,-5.19,-3.14,-4.1,-5.19,-0.71,-6.29,-1.06,-5.153,-3.81,-2.68,-1.95,0.51,-2.07,-1.995,-3.18,-2.92,-4.5760000000000005,-3.2460000000000004,-0.85,-4.69,-1.11,-4.88,-3.592,-0.4,-0.5,-4.24
-3.38,-1.5,-7.68,-1.11,-4.047,-3.84,-2.74,-1.25,-5.23,-7.3370000000000015,-5.27,-2.369,-4.07,-0.4,-0.51,-4.6339999999999995,-0.82,-2.46,-3.45,-2.21,-2.18,-1.32,-6.51,-2.6919999999999997,-5.84,-2.593,-2.55,-4.4319999999999995,-3.67,0.52,-3.22,-0.77,-0.244,-9.017999999999999,-1.37,-4.43,-2.86,-3.785,1.09,-2.57,-6.6370000000000005,-4.53,-2.369,1.07,-8.172,-2.86,-2.266,-7.39,0.32,-2.8
-1.92,-3.48,-0.807,-2.41,-5.7360000000000015,-2.4,-2.322,-1.19,-1.95,-2.05,-2.06,-1.71,1.1,-4.28,-2.84,-6.301,-2.369,-2.51,-3.955,-0.44,-3.82,-4.17,-0.99,-4.43,-3.18,-1.32,-0.59,-2.281,-2.46,-3.18,-2.61,-0.972,-5.16,-1.3,-1.23,-4.12,-2.55,-4.66,-5.46,-0.77,-4.16,0.3,-0.41,-8.71,-4.2860000000000005,-1.75,0.76,-2.4,-2.31,-1.64
-2.05,0.715,-4.2,-6.57,-4.805,0.85,-2.38,0.07,-0.85,-11.6,-4.5760000000000005,-2.34,0.85,-4.69,-4.29,-1.506,-6.56,-3.37,-1.78,-2.676,-3.7539999999999996,-2.077,-2.484,-2.404,-3.81,-0.01,-5.3820000000000014,-5.06,-0.78,-4.7,-2.31,-3.29,-0.99,-5.51,-3.37,-5.05,-0.85,-1.92,-3.38,-5.37,-2.63,-3.24,-4.76,-2.93,-0.17,-8.04,-3.18,-4.47,0.52,-1.899
-8.334,0.85,-2.617,-3.27,-0.7,-2.21,-3.9,-4.21,-4.77,-4.871,0.38,-4.43,-2.16,-5.46,-4.194,-2.06,-2.4,-2.29,-5.24,-2.25,-3.3,1.1,-9.16,-2.06,-0.66,-1.33,-3.127,-7.8,-4.7,-2.593,-4.28,-3.4989999999999997,-4.678,-1.4,-3.08,-4.06,-6.47,-4.25,0.29,-4.62,0.57,-3.6639999999999997,1.1,-2.33,-0.15,-3.96,-2.25,-2.78,0.715,-3.239
-4.37,-2.1109999999999998,-1.33,-1.74,0.32,-2.82,0.32,-5.51,-5.24,-7.28,-1.1,-3.68,-1.85,-7.82,-1.995,-4.81,-1.6,-2.53,-2.21,-0.4,-1.06,-2.29,-2.86,-3.094,-3.13,-3.927,-3.39,-1.34,-2.148,-5.08,-6.9,-4.66,-4.5760000000000005,-2.22,-6.96,-6.523,0.51,-3.4,-0.89,-1.92,-0.01,-4.7989999999999995,-5.0,-3.35,-3.59,-0.7,-2.41,-1.92,-3.658,-3.73
-3.76,-0.82,0.81,-2.34,-4.29,-1.886,-5.4,-4.871,0.02,-3.93,-3.15,0.26,-4.3,-5.47,-3.42,-2.43,-1.21,-4.194,-4.081,-5.2589999999999995,-7.92,-4.15,-4.4,-4.43,-4.735,-3.2,-7.02,-0.45,-4.7,-2.6,-0.09,-5.64,-0.74,-4.43,-7.2,-3.27,-3.74,-4.72,-4.376,-2.369,-1.827,0.58,-6.726,-6.005,-5.21,-3.1,-3.76,-3.11,-4.2,-1.52
-1.84,-6.29,-7.32,-7.66,-1.155,-5.21,-2.0,-2.78,-3.4930000000000003,-0.24,-0.63,-0.62,-2.21,-2.64,-0.7,-4.37,-3.43,0.36,-2.29,0.3,-6.01,-5.115,-3.93,-8.71,-8.6,-2.03,-1.28,-4.88,-0.42,-0.6,-2.8,-5.05,-2.8,-3.27,-1.3,0.02,-1.74,-2.28,-2.06,-3.63,-0.4,-1.06,-2.7,-5.41,-6.47,0.45,-1.04,-3.29,-1.8769999999999998,-0.95
-6.35,-2.22,-2.29,-3.13,-3.01,-3.27,-1.85,-0.79,-4.36,-0.4,-5.16,-0.7,-4.57,-1.6,-3.22,-0.71,-2.1109999999999998,-1.74,-2.0,-3.48,0.47,-2.4,-4.0,-6.523,-3.53,-2.62,-6.29,-0.62,-6.876,-3.483,-2.5180000000000002,-0.85,-0.95,-2.273,-3.6719999999999997,-3.15,-3.88,-4.706,-5.46,-1.4580000000000002,-7.01,-3.59,-7.96,-4.26,-4.77,-4.07,-1.84,-0.78,-6.62,0.58
0.7,-0.24,-4.678,-6.8,-4.43,-1.33,-4.046,-4.1,-3.27,-6.39,-2.5180000000000002,-3.952,-1.92,-1.14,-1.34,-2.39,-4.44,-0.98,-5.26,1.57,-0.71,-5.82,-1.06,-4.3,-4.081,-1.49,-3.54,-3.22,-1.92,-0.17,-4.93,-6.96,-1.52,-3.59,-3.88,-3.35,-2.369,-1.34,-3.324,-5.84,-2.42,-3.59,-0.74,-1.0,-3.67,-3.4010000000000002,-4.883,-2.58,1.11,-0.96
-1.57,-4.06,-0.41,-5.46,-1.73,-0.28,-1.87,-3.08,-4.81,-4.73,-3.04,0.32,-4.19,-0.98,-5.24,-1.742,-4.9,-1.97,-1.34,-1.32,-5.84,-4.8,-8.4,-3.59,-4.925,-5.89,-1.5,-3.9,0.06,-2.281,-1.03,-1.96,-4.7,-2.62,0.35,-4.73,-1.44,-2.28,-3.043,-3.22,-3.21,-0.6,-2.356,-1.71,-2.77,-7.82,-5.8389999999999995,-2.62,-1.09,-2.4
-0.74,-4.871,-2.878,-3.73,-1.25,-2.77,0.45,-2.73,-5.85,-0.63,-1.23,-1.16,-1.601,-5.46,-3.79,-0.95,-2.34,-6.0,-4.55,-0.66,-7.43,-2.39,-4.7989999999999995,-3.28,-2.23,-7.11,-5.16,-3.82,-1.742,-4.66,-3.3,-2.21,-3.927,-3.364,-7.8,-2.8,-1.85,-6.35,-0.8,-0.22,-4.6,-3.083,-3.54,-4.53,-2.253,-4.35,-3.93,-4.925,-2.016,-2.33
-7.21,-1.87,-4.26,-4.345,-6.291,-4.69,-3.7960000000000003,-2.3369999999999997,-3.4010000000000002,-1.899,-1.228,-4.5760000000000005,-4.0969999999999995,-3.14,-1.3,-2.22,-0.45,-3.79,-3.04,-1.11,-1.5,-3.88,-2.24,-3.483,-2.68,-4.114,-0.14,-2.5810000000000004,-2.7,-3.3,-7.32,-4.11,-4.14,-1.24,-1.96,-5.22,-2.67,-2.98,-2.86,-1.17,-3.05,-1.228,-4.62,-1.55,-1.29,-1.81,-3.48,-0.46,-4.12,-0.91
-0.49,-0.96,-2.084,-2.154,-4.0969999999999995,0.94,0.43,-3.0,-8.49,-5.115,-0.46,-1.96,-2.24,-1.3,-1.6,0.43,-1.62,-1.24,-9.16,-4.89,-3.63,-5.28,-7.32,-1.16,-4.12,-3.11,-6.34,-2.369,-4.19,-2.932,-1.3,-0.8540000000000001,-0.59,-0.73,-5.46,-0.4,-1.3,-4.114,-0.4,-0.17,-2.322,-4.5760000000000005,-4.64,0.35,-2.468,-2.22,-1.077,-0.244,-2.404,-2.18
-0.63,-0.49,-2.32,-4.55,-3.1,-4.56,-4.0,-0.72,-4.62,-4.16,-1.71,-2.4,-1.886,-3.408,-3.592,-2.7,-5.05,0.47,-1.38,-1.6,-3.36,-6.98,-3.63,-5.64,-1.99,-1.8,-3.73,-7.92,-1.09,-2.452,-6.301,-0.92,0.38,-6.57,-1.899,-6.124,-5.282,-1.22,-0.83,-2.596,-3.38,-5.41,-2.68,-2.18,-5.28,-2.39,-4.04,-7.66,-0.7,-7.2
-1.23,-3.01,-2.21,-1.8,-5.06,-2.5639999999999996,-4.77,-1.84,-2.24,-5.84,-2.478,-0.02,-1.64,-2.63,-7.01,-2.98,-2.68,-2.19,-4.345,-6.8,-2.59,0.45,-1.4580000000000002,-1.14,-4.173,-3.27,-2.24,-3.23,-4.7989999999999995,-2.3369999999999997,-3.38,-4.54,-2.925,-3.68,0.43,-4.4,-2.7,-1.34,-2.28,-3.1,-5.27,-2.55,-2.09,-4.89,-3.77,-1.92,-7.28,-3.12,-2.73,-3.59
-1.9,-2.31,-8.057,-2.3369999999999997,-3.88,-3.3,-0.19,-2.154,-0.17,-3.37,-1.3,-4.402,-6.0,-3.48,-3.19,-4.0,-1.82,-0.12,-7.87,-2.478,-4.38,-6.96,-5.51,-2.08,-3.8169999999999997,-2.68,-5.24,0.07,-1.24,-0.6,-2.452,-1.4880000000000002,-2.46,1.1,-0.72,-4.37,-4.805,-1.55,-4.749,-3.19,-6.317,-3.7,0.94,-2.077,-7.21,-1.14,-2.523,0.45,-5.26,-2.82
-1.34,-4.6,-1.989,-1.92,-8.6,-2.64,-6.005,-2.436,-1.57,-3.785,-1.8,-5.65,-3.54,-3.59,-5.17,-1.28,-1.03,-2.863,-1.28,-0.88,-0.99,-1.01,-0.09,-3.364,0.0,-0.22,-1.36,-11.6,-8.699,-2.56,-6.01,-6.09,-2.63,-2.86,0.43,-8.01,-3.12,-2.09,-4.64,-2.7,-4.23,-2.35,-6.56,-5.05,-0.02,-2.68,-2.6919999999999997,-1.34,0.58,-2.39
-6.726,-5.67,-2.42,-2.16,-3.52,-0.66,-1.139,-5.6129999999999995,-3.39,-1.5,-4.4,-8.6,-1.89,-1.506,-3.55,-2.461,-3.46,-2.3369999999999997,-4.07,-3.928,1.07,-8.4,-2.03,1.1,-1.899,-2.23,-5.85,-4.15,-6.124,-4.02,-2.93,-0.8759999999999999,-2.54,-3.54,-1.92,-3.0,-3.73,-2.39,-2.322,-4.21,-1.49,-4.47,-1.36,-2.4,-3.583,-3.48,-2.44,-2.593,-4.28,-5.6960000000000015
-3.74,0.43,1.12,-3.03,-3.685,-7.39,-7.85,-0.8,-2.658,-4.62,-0.29,-2.09,-2.404,-1.7080000000000002,0.94,-0.39,-6.96,0.6509999999999999,-6.025,-2.78,-6.56,-4.57,-2.03,-2.31,0.58,-3.4989999999999997,-3.27,-0.29,-4.11,-3.69,-2.58,-2.06,-3.63,-6.57,-1.96,-4.37,-2.281,-2.96,-1.4880000000000002,-1.28,-0.8,-3.46,-1.827,-2.55,-4.42,-2.08,-3.083,-6.144,-3.39,-3.75
-1.55,-2.16,-1.995,-2.17,0.35,-1.64,-6.08,-5.7520000000000024,-4.88,-0.49,-3.01,-6.6370000000000005,-6.124,-1.84,-5.56,-5.85,-7.87,-3.0,-2.22,-5.53,-7.3370000000000015,-4.63,0.64,-0.244,0.15,1.02,-2.32,-2.82,-1.49,-4.57,-1.26,-6.34,-4.955,-4.047,-4.17,-2.77,-2.92,-2.33,-3.0,-1.45,-3.85,-1.59,-4.29,-0.12,-1.1,-2.9819999999999998,0.38,-3.54,-3.35,-0.92
-2.55,-1.64,-2.21,-1.8030000000000002,-2.78,-9.017999999999999,-2.78,-2.33,-2.7,-4.4110000000000005,-4.21,-0.8,-1.3,-3.48,-4.047,-5.24,0.0,-1.17,-3.15,-6.176,-4.26,-2.36,-5.14,-2.59,-4.6339999999999995,-2.94,-2.36,0.52,-1.74,-2.23,-1.24,-1.23,-0.03,-7.278,-1.17,-6.14,-3.64,-6.176,-1.886,-1.74,-0.4,-4.19,-4.42,0.45,-0.72,0.49,-7.15,-0.43,-3.931,-4.73
-2.58,-3.11,-5.26,-7.92,-3.76,-0.82,-1.94,0.38,-2.68,-1.75,-4.46,-2.253,-2.37,-4.12,-5.05,-2.05,-6.144,-1.34,-3.01,-9.332,-4.593999999999999,-3.18,-2.68,-1.81,-2.42,-4.23,-2.4,-4.54,-3.7960000000000003,-2.0,-8.4,-4.553999999999999,-2.58,-1.34,-1.64,-6.005,-1.34,-5.19,-4.7,-2.21,-0.72,-1.22,-3.08,-4.06,-4.92,-1.85,-4.0,-0.972,-5.931,-4.55
-4.56,-1.09,-3.3,-2.0,-2.21,-4.5,-0.22,-2.63,-0.8540000000000001,-2.64,-4.16,-5.27,-0.74,-2.08,-4.207,0.39,-0.624,1.58,-3.31,-3.8960000000000004,-2.54,-3.38,0.94,0.62,-3.931,-0.59,-1.33,-3.19,0.76,-0.47,-3.08,-3.043,-4.12,-1.99,-0.88,-2.77,-3.082,-3.42,-2.468,-4.89,-1.57,-0.46,-2.4,-4.19,-7.8,-2.03,-3.1710000000000003,-3.77,-1.6,-1.8
0.0,-8.04,-8.49,-2.7,-5.0710000000000015,-3.59,-3.04,-1.995,-4.38,-0.02,-2.21,-5.23,-2.73,-4.64,-4.37,0.11,-2.349,-2.484,-7.42,-3.8,-2.338,-4.43,-4.53,-0.82,-2.281,-3.1,-4.871,-3.3,-7.25,0.522,-3.4010000000000002,-2.84,-2.168,-0.95,-3.01,-3.8169999999999997,-4.17,-1.84,-2.35,-3.48,-0.71,-0.972,-2.84,-1.4,-2.35,-7.92,-2.33,-3.1,-2.09,-0.15
-4.02,-2.42,-2.8,-3.76,-4.9,-1.62,-0.4,-5.08,-4.706,0.81,-1.46,-1.661,-4.74,-5.35,-2.63,-1.36,-2.67,-4.23,-0.85,-0.02,-4.28,-2.41,-2.9819999999999998,-1.96,-5.67,0.45,-1.55,-0.55,-2.33,-2.61,-3.76,-3.59,-1.57,-2.23,-0.78,-6.01,-4.06,-3.955,-5.05,-2.86,-3.19,-2.8,-1.92,-1.17,-0.466,-3.27,-5.51,0.29,-2.296,-0.82
-6.876,-2.89,-2.1109999999999998,-2.59,-3.483,-7.8,-2.81,-0.63,-1.33,-2.016,-0.42,-0.244,-3.27,-1.716,-2.943,-3.52,-7.92,-1.96,-2.73,-1.08,-1.96,-2.523,-5.03,-4.81,-1.655,-2.484,-3.55,0.1,-2.63,-9.15,-3.536,0.46,-0.41,-1.4880000000000002,-1.85,-5.16,-1.03,-2.06,-0.73,-2.58,-4.08,-1.93,-1.62,-2.24,-3.571,-0.85,-1.34,-1.228,-1.78,-1.89
-1.17,-4.26,-4.5710000000000015,0.7,-2.168,-3.82,-2.863,-1.6,-0.12,-2.78,-4.88,0.38,-0.28,0.62,-5.7360000000000015,-6.57,-3.36,-3.48,-3.592,-2.55,-6.14,-4.16,-7.42,-1.63,-3.65,-8.017000000000001,-0.4,-7.39,-2.478,-0.85,-2.766,-5.47,-1.6,-1.81,-3.64,-2.593,-2.32,-1.6,-3.61,-8.057,-1.64,-2.23,-4.7989999999999995,-2.38,-2.12,-1.5,-1.41,-0.66,-7.82,-4.38
-8.017000000000001,-5.19,-5.19,-0.15,-3.66,-1.37,-0.71,-2.39,-2.5180000000000002,-3.81,-4.43,-1.34,-3.928,-4.15,0.32,-1.8,-5.84,-1.4880000000000002,-1.24,-6.68,-7.32,-2.46,-2.09,-3.8169999999999997,0.07,-5.51,-3.27,-1.62,-3.5860000000000003,-2.35,-0.96,-4.0969999999999995,-2.32,-5.88,-2.21,-5.19,-2.8,-4.89,-0.24,-3.08,-3.127,-2.58,-4.57,-2.06,-2.452,-2.82,-6.89,-4.805,-2.55,-2.8
-4.207,-0.972,-3.18,-3.09,-1.17,-5.16,-7.15,-2.05,-4.38,0.64,-2.33,-4.72,-2.35,-2.11,-3.45,-4.29,-1.92,-7.15,-4.86,-4.43,-3.01,-1.99,-6.237,-4.74,-4.64,-2.09,-7.2,-6.176,-2.349,-2.7,-2.81,-5.37,-2.7,0.1,-4.13,-1.6,-3.55,-4.871,-7.28,-2.22,-4.29,-3.01,-1.34,-4.63,-4.64,-4.17,-3.68,-3.39,-4.883,-2.73
-5.68,-3.45,-0.62,-2.38,-2.73,-3.8,0.1,-3.955,-3.35,-1.85,1.02,-7.25,-0.62,-0.18,-3.5860000000000003,-3.17,-2.24,-5.14,-4.76,0.0,-4.16,-3.84,-3.3,-1.807,-4.36,-6.317,-6.96,-2.28,-3.04,-2.33,-0.43,-4.4110000000000005,-2.38,-2.56,-1.85,-4.3,-2.647,-9.15,-1.24,-0.44,-3.785,-2.06,-1.63,-1.74,-3.1710000000000003,-1.87,-1.57,-4.11,-1.68,-5.36
-7.8,-7.28,-2.35,-7.2,-2.322,-2.7,-2.54,0.106,-2.46,-2.05,-4.925,-6.005,-1.34,-2.09,-1.84,-2.49,-3.5039999999999996,-6.14,-3.0,-4.12,-2.98,-3.21,-3.24,-0.29,1.58,0.81,-4.0969999999999995,-1.14,-3.18,-3.536,-1.6,-3.48,-7.11,-1.45,-2.17,-2.4,-0.12,-2.218,-4.46,-1.99,1.57,-7.15,-5.03,-6.876,-4.28,-5.16,-11.6,-2.016,-0.85,-1.21
-4.72,-2.6,-2.21,-0.04,-0.24,-1.55,-4.31,-2.58,-2.3369999999999997,-5.292999999999998,-0.6,-3.685,-0.72,-4.15,-6.57,-3.65,-5.85,-5.08,-3.13,-3.1710000000000003,-8.56,-1.54,-2.9,-3.22,-2.21,-0.36,-1.03,-0.62,-0.88,-4.15,-9.15,-7.11,-1.25,-1.94,-1.85,-1.52,-3.19,-0.92,1.11,-9.16,-0.92,-2.35,-3.928,-4.36,-4.873,-1.45,-6.29,-4.632,-5.184,-0.19
-4.95,-2.593,-1.85,-3.0,-6.09,-3.24,-2.54,-4.88,-2.36,-0.74,0.29,-1.601,-2.266,-0.74,-1.1,-7.25,-0.7,-3.083,-8.017000000000001,0.49,-2.42,-4.862,-0.04,0.009000000000000001,-3.0,-7.82,-3.04,-3.39,-1.84,-7.92,-4.12,-5.84,-1.01,1.58,-3.05,-2.92,-7.278,-3.2239999999999998,-2.31,0.38,-2.461,-2.35,-1.52,-7.66,-4.114,-1.3,-6.0,-3.23,-7.28,-2.676
-4.02,-2.8,-3.75,-6.237,-4.16,-1.3,-2.16,-1.28,-4.1,-2.81,-3.18,-4.25,-0.83,-3.5860000000000003,-0.8,-4.15,-3.05,-1.19,-2.06,-5.0710000000000015,-1.68,1.1,-3.85,-4.553999999999999,-0.72,-2.21,-1.54,-2.39,-1.62,-1.95,-1.46,-3.36,-2.64,-2.68,-3.26,-4.22,-2.24,0.15,-1.85,-3.73,-1.78,-3.68,-0.6,1.1,0.523,-2.89,-6.25,-1.8,-3.76,-1.655
-5.05,-4.56,-3.6719999999999997,0.06,0.02,-2.73,-1.74,-0.092,-0.96,-6.237,-4.45,-4.743,-2.67,-3.927,-1.7080000000000002,0.38,-1.68,-2.73,-3.17,-0.85,-3.39,-2.5639999999999996,-3.66,-1.4580000000000002,-7.82,-6.726,-0.12,-2.9,-2.154,-5.24,-1.64,-4.53,-3.091,0.15,1.1,-1.24,-5.16,-1.989,-2.35,-0.39,-9.332,-6.8,-2.925,-4.37,0.0,0.54,-3.03,-2.468,-2.484,-1.82
-8.003,-6.98,-4.35,-1.45,-4.114,-2.09,-1.32,-3.27,-1.77,-5.2589999999999995,-4.64,-3.4,-1.36,-4.0,-1.85,-4.35,-3.62,-5.46,-4.64,-3.9,-8.057,-5.88,-11.6,0.15,-7.32,-1.742,-4.4,-3.57,-4.3,-2.05,-1.28,-0.88,-2.24,-3.48,-3.7539999999999996,-5.0,-3.1710000000000003,-1.077,-5.292999999999998,-1.54,-1.33,-3.88,-2.31,-1.3,-1.886,-2.6,0.47,-0.17,0.96,-3.7960000000000003
-5.08,-4.53,-1.17,-3.571,-3.4930000000000003,1.07,-3.81,-3.39,-1.94,-0.85,-0.85,-2.168,-5.28,0.51,-3.483,-1.52,-6.02,0.02,-1.99,-3.64,-6.02,-2.13,-4.755,-0.8,-1.71,-5.27,-6.124,-1.228,-4.749,-3.05,-3.21,-3.53,-3.12,-3.74,-1.28,-0.59,-3.93,-0.8,-2.39,-5.24,-2.338,-1.74,-1.71,-0.83,-4.57,-1.807,-3.09,-2.36,-2.9819999999999998,-1.62
-7.92,-5.64,-2.74,-2.78,-6.34,-0.8,-4.47,-8.003,-8.334,-4.89,-0.6,-2.356,-5.27,-6.29,0.35,-4.5760000000000005,-2.7,-1.41,-1.4,-4.862,-4.59,-0.85,-8.01,-2.74,-2.94,-1.99,-2.38,1.57,-1.96,-2.43,-1.91,-2.67,-5.0710000000000015,-3.79,-5.47,-2.36,-4.6,-4.1,0.35,-4.65,-6.01,0.74,-8.176,-0.89,-1.26,-4.593999999999999,-3.536,-2.78,-5.24,-3.408
-1.52,-1.93,-3.9,-1.0,-2.32,-0.12,-4.66,-7.92,-8.017000000000001,1.02,-8.01,-2.4,-1.7080000000000002,-3.55,-2.281,-3.54,-7.92,-3.74,-0.82,-1.78,-3.59,-3.61,-0.244,-2.55,-3.21,1.02,-3.483,-5.27,-3.43,-2.22,-2.05,-0.04,-1.899,-4.706,-1.93,-4.64,-0.8,-0.51,-0.95,-1.87,-8.172,-1.52,-5.4,-2.35,-1.59,-2.42,-4.65,-0.624,-3.37,-3.364
-1.99,-4.09,-5.65,-3.77,-2.843,-5.89,-5.0710000000000015,1.09,-3.18,-2.22,-2.39,0.62,1.1,-1.01,-3.73,-4.88,-0.92,-4.883,-3.73,-0.96,-1.85,-3.19,-4.29,-2.28,-0.02,-2.17,1.57,-2.96,-2.07,-3.04,1.57,-6.523,-3.66,-2.92,-7.96,-1.14,-0.624,-1.19,-0.59,-2.93,-2.09,-5.153,-5.24,-1.989,-1.16,-6.78,-1.96,-4.81,-5.23,-5.27
-1.17,0.96,-3.63,-4.26,-3.85,-4.53,-3.08,-5.19,-1.06,-3.4,-4.14,-2.15,-4.632,-1.6,-6.726,-3.39,-4.26,0.94,-2.647,-7.8,-1.4,-4.8,-1.55,-6.56,-3.19,-1.3,-3.7,-0.77,-1.4580000000000002,-0.6,-4.871,0.38,-0.14,-1.36,-2.77,-0.624,-3.11,-2.7,-1.614,-0.7,-4.883,-6.01,-5.19,-0.28,-2.78,-0.15,-3.27,-6.6370000000000005,1.1440000000000001,-2.5810000000000004
-4.749,-5.05,-5.06,-2.56,-5.84,-2.36,-4.16,-3.57,-6.02,-1.63,-2.349,-2.48,0.43,-2.07,-2.06,-0.18,0.15,-0.83,0.6509999999999999,-6.62,-4.26,-2.322,-5.72,-2.39,-2.38,-4.62,-2.523,-4.14,-3.27,-6.89,-5.05,-6.89,-3.48,-4.29,-5.16,-5.16,-4.36,-2.35,-2.253,-1.09,-6.78,-1.4,-3.59,-3.7,-3.61,-4.6339999999999995,-0.85,0.0,-4.62,-3.63
-1.63,-0.63,0.51,-2.21,-2.42,-5.05,-1.94,-4.55,-6.98,0.52,-3.85,-0.092,-0.89,-5.53,0.57,-2.016,-4.55,-2.17,-4.743,-1.3,-2.92,-2.89,0.74,-2.36,-3.4989999999999997,-4.706,-2.77,-2.3,-4.07,-2.67,-1.55,-2.54,-3.09,-4.749,0.52,-5.27,-2.42,-2.322,-0.12,-4.345,-2.6,-0.28,-5.8389999999999995,-1.75,-3.127,-3.8,-0.244,-3.62,-6.49,-1.66
-3.09,-1.57,-7.2,-4.173,-4.89,0.11,-3.2239999999999998,-3.22,-3.59,-1.41,-1.75,-0.92,-2.77,-4.53,-3.3,-4.56,-1.655,0.38,-4.57,-2.12,-3.84,-4.402,-2.06,-2.676,-3.37,-3.67,-5.19,-2.78,-0.5,-0.5,-5.88,-4.64,-4.8,-5.6,-1.25,-2.33,1.07,-2.616,-2.41,-3.85,-4.62,-4.04,-3.4,-2.74,-2.74,-5.24,-4.29,-6.291,-4.7,-3.77
-3.0,-8.23,-5.0710000000000015,-4.54,-3.27,-3.04,-2.09,-0.985,-1.96,-6.35,-5.2589999999999995,-3.955,-2.35,-4.16,-1.11,-3.84,-1.98,-2.86,-3.083,-3.685,-2.22,-1.661,-4.328,-0.47,-1.506,-8.003,-9.332,-3.38,-2.96,-4.345,-1.96,-0.8,-1.06,0.35,-5.282,0.715,-4.77,-5.7520000000000024,-1.11,-3.84,-1.1,-2.05,-8.49,-4.5710000000000015,-3.18,-4.24,-3.5,-4.26,-4.7989999999999995,-3.48
-6.291,-4.92,1.1,-3.38,-1.03,-1.9,-0.66,-9.15,-4.28,-1.64,-2.148,0.43,-3.2,-3.29,-4.081,-4.735,-3.45,-4.09,-1.19,-4.16,-3.18,-3.04,-1.0,-1.99,-4.63,-1.139,-2.932,-0.49,-5.931,-4.47,-6.124,-1.26,-6.89,-5.82,-0.71,-1.077,-3.9530000000000003,-5.4,-3.536,-4.81,-3.15,-2.8,-5.24,-7.15,-3.5039999999999996,-2.461,-2.281,-1.79,-4.64,-1.8
-2.17,-1.29,0.96,-3.21,-3.59,-4.706,-1.17,-3.67,-4.081,-3.2460000000000004,-3.37,-0.7,-6.144,-3.685,-1.22,-3.18,-7.39,-0.17,-2.06,-3.38,-3.9989999999999997,-4.76,-4.89,0.51,-5.03,-3.01,-4.883,-5.53,-5.2589999999999995,-3.094,-2.1,-1.81,1.1440000000000001,-2.21,-1.6,-5.915,-2.4,-4.2,-2.32,-2.18,-2.4,-4.632,-3.38,-4.678,-4.71,-4.31,-3.22,-3.5039999999999996,-2.338,-5.115
-2.322,-5.05,-3.6039999999999996,-7.85,-4.14,-2.647,-4.328,-3.64,-1.52,-2.56,-1.742,0.47,-1.3,-1.99,-1.85,1.1,-2.89,-4.445,-1.6,-2.77,-2.23,-5.08,-4.28,-4.08,-7.92,-4.37,-4.44,-1.3,-4.26,-6.51,-2.33,-2.77,-2.7,-3.451,-2.68,-6.9,-4.755,-0.15,1.02,-0.22,-0.85,-3.39,-0.96,-2.09,-2.878,-6.62,-0.91,-3.18,-3.028,-1.21
-0.04,-4.14,-3.19,-3.7,1.1,-1.21,-5.666,-1.06,-7.32,-1.94,-4.955,-2.925,-3.77,-4.81,-0.7,-5.27,-3.658,-3.03,-5.05,-3.04,-0.67,-5.51,-2.64,-3.37,-4.7,-7.66,-2.09,-2.86,0.39,-2.37,-2.55,-1.57,-2.23,-2.24,-2.33,-6.301,-1.78,-4.873,-1.17,0.522,-0.17,-1.52,-1.62,-0.6,-3.083,-5.24,-1.96,-4.24,0.26,-0.63
-5.7360000000000015,-3.37,0.64,-7.43,-0.6,-1.077,-2.322,-2.943,-8.0,-8.804,-3.06,-2.42,-1.24,-1.34,-4.31,-7.8,-6.9,-3.23,-0.8,-4.88,-2.94,-0.8,-8.402000000000001,-2.273,-9.16,-2.766,-2.68,-1.41,-5.53,-1.52,0.61,-1.46,-4.88,-3.52,-4.6339999999999995,-2.647,-1.95,-2.21,-2.59,-0.6,-6.307,-1.52,-3.62,-1.49,-3.14,-1.82,-1.34,-7.42,-4.76,-3.08
-4.114,0.48,-8.017000000000001,-9.16,-1.139,-0.7,-1.614,-2.13,-3.091,-2.35,-4.0,-0.41,-1.25,0.46,-4.43,-3.37,1.07,-5.53,-2.16,-0.95,-0.742,-0.6,-2.16,-3.61,-5.05,-0.67,-3.79,-0.63,-3.52,-3.239,-3.4,-6.01,-5.65,-1.96,-4.09,-3.09,-0.85,-1.23,-4.69,-3.01,-4.53,-0.667,-8.172,-3.77,-5.16,-1.94,-3.928,-2.77,-1.62,-1.139
-1.13,-3.2460000000000004,-3.38,-0.22,-1.55,-0.29,-4.4,-0.14,-1.0,-2.647,-2.25,-2.077,-4.0,-5.284,-1.139,-1.22,-1.33,-3.06,-4.02,-2.647,-0.85,-0.95,-0.6,-2.19,-6.025,-1.85,-2.5180000000000002,-0.82,-6.57,-2.06,-4.06,-4.57,-1.46,1.09,0.49,-3.46,0.38,0.26,-1.77,-3.23,-4.4319999999999995,-1.62,-6.02,-3.0,-4.706,1.02,-1.24,-4.38,-4.59,-0.73
-2.13,-4.7,-4.862,-3.21,-3.63,-4.5760000000000005,-3.62,-4.047,-3.59,-1.11,-1.24,-4.12,-2.77,-2.7,-1.24,-2.59,-4.48,-3.76,-0.12,-1.74,-1.78,0.64,-2.34,-3.03,-3.26,-1.995,-3.48,-7.32,-1.29,-3.55,-0.71,-1.96,-2.928,-3.168,-1.19,-11.6,-4.71,-3.51,-1.54,-2.35,-2.658,-5.51,-1.06,-2.58,-0.01,-0.8,-4.88,-2.42,-5.5070000000000014,-1.92
-3.96,-3.37,-3.68,-2.8,-4.4,-2.3,-4.4,-1.34,-3.19,-4.955,-1.4,-0.22,-2.05,-0.03,-1.98,-1.92,-3.451,-2.35,-2.349,-1.81,-4.36,0.58,-3.04,-2.16,-4.09,-3.63,-3.53,-5.65,-5.19,-1.73,1.1,-1.96,-2.51,-5.47,-4.8,1.57,-2.05,0.51,-3.6,-4.7989999999999995,-5.4,0.35,-1.47,-6.51,-8.057,-3.22,-3.96,-3.239,-3.12,-2.5639999999999996
-2.35,-2.67,-4.345,-2.593,-2.696,0.64,-4.445,-2.37,-3.8,-7.25,0.39,-3.8,-2.676,-2.74,-1.47,-3.451,-4.314,-2.57,-0.466,-2.68,-2.218,-1.66,0.38,-1.33,-3.04,-6.96,-2.58,-1.6,-6.301,-0.36,-1.17,-4.19,-4.38,-3.76,-2.28,-3.9989999999999997,-5.8389999999999995,-3.68,-0.85,-0.92,-1.26,-1.54,-3.4,-5.26,-3.67,-2.55,1.07,-1.98,-4.26,-4.69
-2.084,-5.35,-4.92,-2.96,-2.8,-1.16,-4.15,-3.13,-3.3,-7.68,0.0,-1.742,-3.65,-3.04,0.26,-1.7080000000000002,-3.21,-1.39,-3.927,-4.0,-4.12,-3.0,-6.14,-6.09,-1.94,-2.468,-3.685,-2.484,-1.38,0.81,-6.89,-5.66,-3.93,-4.19,-0.24,-5.5070000000000014,-2.0,-4.21,-5.7520000000000024,-4.15,-1.94,-3.18,-2.73,-2.82,-4.8,-1.94,0.61,-5.19,-4.37,-5.2589999999999995
-0.29,-8.4,-2.06,-1.99,-4.23,-0.4,-6.9,-3.0210000000000004,-1.0,-2.32,-3.33,-1.4,-0.364,0.96,-2.46,-1.44,-2.05,-5.27,-4.25,-4.53,-4.04,-3.324,-8.699,-6.29,-0.77,-2.6,-1.52,-6.08,-0.77,-1.99,-2.24,-8.402000000000001,-3.6039999999999996,-6.62,-3.23,-3.924,-5.14,-1.742,-1.94,-4.43,-4.099,-3.685,-2.67,-3.39,-3.75,-2.68,-3.083,-4.173,-4.31,-6.57
0.76,-2.05,-6.307,-0.92,-4.328,-0.31,-6.34,-1.155,-2.09,-2.28,-2.56,-5.3820000000000014,-9.16,-8.0,-3.33,-8.017000000000001,-1.34,0.45,-1.08,-4.5,-0.89,-1.96,-6.68,-4.4,-5.26,-2.19,-3.4930000000000003,-2.22,-2.0,-5.931,-3.8930000000000002,-2.37,-2.84,-4.88,-2.436,1.1440000000000001,-1.82,-4.7,-1.22,-4.69,-4.04,-3.2,-3.19,-2.51,-2.68,-3.952,-1.601,-2.56,-5.284,-2.08
-2.21,-2.03,-7.0,1.1,-9.16,-3.01,-3.35,-1.04,-6.876,-2.09,-4.23,-5.05,-2.8310000000000004,-3.01,-1.45,-0.807,-2.925,-7.43,-1.33,-3.66,-4.3,-2.28,-7.0,-1.827,-6.307,0.52,-3.8,-3.85,-7.278,-5.84,-2.05,1.34,-1.96,-3.9,-1.601,-2.07,-8.017000000000001,-1.92,-2.349,-1.6,-2.943,-3.4930000000000003,-1.75,-3.9,-1.94,-0.67,-5.05,-2.92,-6.144,-0.624
-3.931,-5.233,-4.37,-1.807,-2.3,0.61,-1.52,-5.6960000000000015,-2.05,-3.23,-1.41,0.64,-1.8030000000000002,-1.79,-0.63,-4.4,-2.16,-0.22,-2.74,-5.82,-2.18,-6.57,-3.1,-3.9530000000000003,-0.15,-1.6,-0.01,-1.3,-4.31,-3.2239999999999998,-0.04,-4.93,-0.6,-5.89,-6.35,-0.12,-6.124,-0.72,-2.35,-3.52,-1.52,-5.47,-0.22,-1.96,-5.19,0.47,-0.6,-3.15,-1.34,-6.86
-2.878,-2.266,-0.92,-3.18,-3.03,-3.19,-7.39,-4.2860000000000005,-2.82,-3.4,-2.09,-5.666,-7.278,-0.36,-6.39,-2.23,-2.06,-0.72,-0.7,-0.19,-0.22,-4.36,-2.452,-2.41,-2.64,-8.04,-5.68,-4.25,-3.78,-1.19,0.0,-2.68,-4.099,-4.38,-2.19,-4.0,-0.6,-3.19,-4.06,-3.61,-5.2589999999999995,-2.39,-5.153,-1.89,-1.92,-3.583,-2.68,-0.95,-1.19,-4.19
-0.59,-2.5180000000000002,-1.99,-6.34,-2.436,-8.01,-5.27,-4.57,-2.41,-2.266,-1.5,-3.66,-4.114,-2.523,-1.62,-4.0,-3.7539999999999996,-2.5180000000000002,-1.21,0.47,-1.19,-6.08,-2.51,-0.742,-7.3210000000000015,-0.46,-1.34,-1.827,-4.63,-4.7,-3.13,-6.47,-2.67,-3.68,-5.4,-4.77,1.1440000000000001,-1.95,-2.73,-1.11,-3.14,-8.057,-3.01,-2.484,-0.24,-2.696,-4.4,-2.0,0.28,-8.334
-1.98,-0.91,-1.899,-6.876,-1.24,-4.678999999999999,-3.04,-1.01,-2.73,-4.5760000000000005,-4.522,-3.39,-3.21,1.1440000000000001,-2.78,-3.14,-1.29,-4.0,-7.96,-1.99,0.85,-5.03,-1.827,-1.09,-3.483,-0.73,-3.67,-1.16,-6.02,-1.75,-3.658,-0.96,-2.077,-3.96,-6.02,-3.42,-4.047,-1.33,-0.624,-3.43,0.43,-3.9,-1.6,-1.8,-9.15,-1.64,-2.617,-9.017999999999999,-3.78,-2.62
-4.5760000000000005,-0.6,-6.49,1.07,-3.536,-5.3820000000000014,-1.01,-3.8,-6.86,-2.96,-1.95,-2.0,-0.51,-2.35,-3.4010000000000002,-3.77,-2.35,-2.23,-4.24,-3.55,-1.64,-6.237,-1.34,-3.0,-1.24,-2.93,-3.638,-4.22,-1.24,-1.34,-2.54,-1.84,-0.82,-0.43,-2.03,-3.1710000000000003,-2.28,-2.647,-3.85,-0.62,-2.12,-5.67,-8.94,-2.253,-5.46,-3.66,-4.48,-4.76,-4.15,-8.0
-4.755,-4.36,-3.3,-0.244,0.26,-4.76,-2.57,-4.63,-6.39,-2.12,0.26,-4.88,-1.85,-4.13,-3.082,-3.39,-2.928,-0.18,-1.5,-0.77,-3.2,-3.35,-5.8389999999999995,-1.92,-3.0,0.62,-2.51,-1.989,-0.85,-7.15,-6.726,-3.84,-2.77,1.02,-4.8,-4.0969999999999995,-1.92,-4.925,-2.05,-3.29,-3.9530000000000003,-6.34,-8.6,-4.95,-5.14,-5.886,0.38,-3.54,-4.955,-1.601
-5.64,-3.54,-2.696,-3.39,-2.96,-4.35,1.02,-2.58,-1.08,-2.37,-2.82,-1.44,-3.48,-7.25,-3.54,-8.334,-2.5639999999999996,-1.74,-2.932,-5.666,-3.5039999999999996,-1.01,-1.92,-1.78,-7.2,-1.74,-4.0,-4.45,-5.22,-6.2,-4.43,-5.886,-4.37,-3.4,-1.06,-1.85,-2.84,-1.37,-4.81,-1.614,-1.92,-7.32,-3.77,-1.08,-4.31,-1.25,-3.96,-3.28,-2.82,-1.34
-4.62,-1.19,-6.124,-1.0,-3.6,0.54,-4.64,-1.742,-2.77,-3.6719999999999997,-5.08,-3.43,-4.86,-1.06,-1.06,-4.16,-5.666,-3.5860000000000003,-4.53,-1.4,1.57,-8.0,-2.49,-2.084,-1.6,0.96,-2.523,-0.985,-1.99,-8.6,-0.9,-2.73,0.62,-3.55,-1.1,-3.51,-3.01,-3.9,-6.124,-1.827,-3.19,-0.12,-1.74,-0.39,-4.24,-2.12,-5.4,-4.23,0.6509999999999999,-1.55
-1.68,-2.616,-2.51,-2.92,-5.3820000000000014,-6.89,-2.44,-3.26,-5.4,-4.23,-0.47,-3.4930000000000003,-1.96,-3.0210000000000004,-1.52,-2.53,-2.73,1.02,0.32,0.522,-0.62,-3.15,-3.81,-3.68,-3.3,-3.18,-3.18,-2.273,0.48,-4.046,-0.63,-3.59,-5.82,-2.676,-1.7,-7.96,-0.49,-1.11,-3.931,-2.5639999999999996,-3.685,1.1,-0.4,-2.28,-4.48,-1.1,-8.0,-1.26,-1.94,-4.5760000000000005
-3.01,-5.37,-2.39,-3.74,-1.41,-4.81,-7.96,-7.28,-3.57,-0.96,-2.658,-1.506,-1.33,-4.72,-2.09,-1.6,-3.81,-3.43,-0.49,-5.19,-2.36,-1.95,-4.88,-2.89,-5.64,-4.88,-2.82,-2.21,-8.94,-1.09,-1.29,-1.3,-0.15,-5.85,-3.21,-3.8,0.48,-1.28,-0.01,-3.38,-2.61,-2.56,-7.92,-3.2,1.34,-1.01,-3.51,-3.81,-3.6719999999999997,-1.08
-4.046,-3.04,-4.07,-2.51,-8.003,-2.404,-3.04,-2.8,-1.7080000000000002,-1.06,-4.89,-3.082,-3.3,-4.22,-4.6339999999999995,-4.11,-4.21,-2.68,-0.85,-3.11,-5.666,-4.88,-2.13,-1.8,-0.49,-3.04,-2.616,-3.8960000000000004,-0.41,-3.451,-2.37,-1.1,-4.173,-4.43,-0.46,-1.49,-7.87,1.1,-5.66,-4.69,-1.36,0.54,-4.0,-1.0,-4.62,-3.38,-2.0,-5.5070000000000014,-2.15,-5.05
-5.06,-0.62,-5.184,-1.3,-0.9,-0.39,-3.01,-1.33,-2.38,-2.34,0.54,-3.5860000000000003,-6.301,-3.6,-2.676,-2.19,1.02,-1.46,-1.89,-2.94,-5.21,-2.34,-4.25,0.26,-5.27,-3.21,-4.925,-4.2,-4.12,-1.52,-1.989,-2.5639999999999996,-5.68,-4.35,-8.71,-3.22,-2.943,-3.04,-2.58,-3.19,-3.17,-1.47,-2.0,-5.2589999999999995,-1.24,-3.8169999999999997,-7.28,-0.39,-1.57,-3.68
-1.38,-3.36,0.58,-3.685,-3.18,-1.75,-3.79,-3.81,-1.45,-1.96,-1.8,-3.54,-3.54,-3.54,-1.655,-3.43,-3.84,0.48,-2.7,-3.48,-6.29,-0.83,-0.466,-3.9,-5.8389999999999995,-4.13,-1.52,-3.68,-3.93,-2.57,-3.46,-3.7960000000000003,-5.5070000000000014,-2.18,-2.28,-2.676,-3.2,-5.47,-2.19,-3.76,-3.6719999999999997,-1.92,-5.23,-1.78,-0.96,-3.094,-4.37,-3.4010000000000002,-1.3,-2.943
-2.64,-3.38,-3.27,-5.0,-6.8,-0.89,-0.63,0.85,-4.28,-6.01,-5.4,-3.13,-4.73,-2.016,-4.955,-4.77,-0.41,0.28,-1.46,-0.41,-2.4,-4.71,-1.17,-4.16,-3.46,1.09,-0.78,-3.8,-0.8,-0.01,-3.0,-3.17,-4.62,-2.154,-2.19,-3.59,-3.05,1.1,-4.4,-2.12,-2.5810000000000004,-4.88,-3.81,-2.54,-4.89,-4.47,-0.8,-4.56,-2.32,-2.6
-0.12,-0.41,-3.04,-4.43,-3.4010000000000002,-5.56,-0.17,-3.69,-4.65,-3.21,-0.74,-4.38,-2.64,-5.886,0.64,-5.915,-1.96,-3.75,1.12,0.94,-1.7080000000000002,-3.55,-1.72,-0.8,-4.36,-4.16,-3.39,-3.52,-0.49,-4.08,-3.68,0.29,-4.15,-2.89,-3.6,-1.601,-6.89,-5.915,-4.445,-3.9,-3.37,-4.081,-1.75,-4.12,-0.77,-1.44,-1.32,-0.02,-2.154,-1.3
-6.62,-0.41,-3.38,-0.85,-2.218,-0.6,-3.536,-2.5810000000000004,-2.0,-5.6960000000000015,-2.64,-1.0,-3.0,-3.22,-4.92,-3.59,-4.38,-2.74,-3.27,-7.96,-3.18,-2.35,0.715,-1.92,-5.23,-5.08,-7.39,-4.62,-3.8169999999999997,-5.6129999999999995,-2.21,-2.7,-5.16,-3.04,-1.52,-0.77,-2.31,-3.62,-1.96,-1.46,-4.706,-2.77,-0.49,-1.64,-4.862,-3.043,-1.19,-3.85,-2.647,-1.56
-0.4,-0.364,-4.3,-3.54,-3.955,-1.29,0.009000000000000001,-2.68,0.43,-1.66,-4.743,-1.3,-3.81,-7.92,-2.73,-3.19,-1.64,-4.53,-2.468,-6.08,-2.77,-2.253,-4.11,-4.69,0.38,-8.6,-3.54,-3.8,0.54,-3.45,-3.8,-5.282,-1.92,-2.06,-3.928,0.15,-3.18,-7.15,-2.6,-4.14,-1.9809999999999999,-3.39,-1.8,-4.29,-4.93,-6.237,-0.71,-3.21,-1.4,-11.6
-3.083,-3.924,-3.1710000000000003,-5.17,0.009000000000000001,-6.025,-5.37,-1.62,0.85,-1.6,-0.4,-3.39,-3.29,-3.03,-8.6,-2.932,-2.523,-3.364,-2.39,-1.29,-3.26,-1.99,-2.94,-1.68,-5.886,-8.6,-2.478,-3.1710000000000003,-2.925,-0.8540000000000001,-3.59,-3.74,-3.083,-0.47,-2.24,0.43,-3.76,-3.37,-3.2460000000000004,-7.39,-3.75,-3.54,-0.6,-2.73,0.36,-4.22,-4.72,-0.79,-2.55,-2.54
-3.59,-3.483,-2.86,-0.62,-6.08,-4.11,-6.2,-1.17,-3.93,-2.22,-3.01,-4.02,-3.85,-8.04,-3.96,-3.57,-2.3,-2.34,-0.31,-2.68,-0.244,-2.0,-4.14,-2.468,-6.9,-2.05,-1.17,-4.64,0.47,-5.17,-2.33,-0.1,-1.139,-3.19,-6.291,-3.45,-4.25,-2.78,-2.6919999999999997,-1.64,-4.74,-1.99,-3.35,-6.9,-3.61,-2.39,0.0,-7.8,-3.59,-2.53
-4.63,-0.78,-2.322,0.45,-7.32,-2.253,-3.13,-1.17,-1.75,-4.2860000000000005,-3.31,-3.091,-7.15,-6.35,-2.81,-2.16,-1.94,-4.55,-1.94,-1.601,-1.17,-2.81,-2.369,-2.62,-4.0,-0.68,-1.63,-3.06,-7.85,-4.07,-4.77,-3.1,-3.81,-3.8,-0.98,-2.49,-4.15,-3.66,-1.96,-1.99,-4.19,0.02,-3.82,-2.74,-4.06,-3.75,-3.924,-1.4,-2.59,-2.82
-1.04,-1.34,0.32,-4.19,-3.13,-2.21,-4.74,-4.11,-1.66,-1.96,0.81,-1.29,0.76,-2.35,-4.35,-3.5039999999999996,-3.239,-6.57,-5.6129999999999995,-3.083,-4.706,-1.989,-8.334,-1.17,-3.08,-0.04,-3.5380000000000003,-1.28,-3.37,-1.9469999999999998,-7.8,-1.59,-2.878,-4.43,-0.29,-5.46,-4.099,-4.28,-4.56,-1.3,-4.76,-0.29,-5.05,-6.14,-1.95,-4.37,-3.03,-3.38,-2.06,-0.89
-1.75,-5.28,0.106,-3.5039999999999996,-1.56,-0.18,-3.7960000000000003,-2.92,-3.33,-4.06,-0.244,-0.01,-2.1109999999999998,-4.02,-1.83,-2.68,-4.63,-2.676,-0.95,-3.93,-5.46,-2.68,-4.62,-4.62,-5.36,-2.24,-5.27,0.79,-5.03,-4.04,0.11,-2.9819999999999998,-2.05,-0.18,-1.99,-2.92,-3.7960000000000003,-1.66,-3.18,-0.68,-4.3,0.49,-3.38,-4.207,-2.42,-3.12,-5.03,0.61,-2.38,-0.22
-5.43,-2.36,-3.18,-1.34,-7.43,-4.62,0.54,-1.49,-1.22,-2.74,-2.928,-3.77,-0.47,-1.22,-3.38,-0.22,-2.77,-2.7,-2.62,-3.66,-2.68,-5.22,-0.7,-4.11,-5.184,0.26,-1.91,0.15,-1.7080000000000002,-8.4,-1.28,-1.63,0.38,0.7,-3.66,-0.85,-4.63,-3.59,-0.67,0.3,-4.19,-1.6,-4.24,1.02,-7.11,-0.92,-1.96,-4.06,-6.2,-1.45
-0.96,-2.55,-1.34,-4.0,-3.28,-4.0,-9.15,0.38,-2.4,1.1,-3.18,-4.74,-3.68,-0.624,-5.46,-3.18,-1.97,-3.4,-3.81,-5.41,-2.0,-0.83,-3.04,-2.54,-2.06,-4.55,-3.04,-0.667,-2.17,-3.082,-5.54,-0.85,-1.82,-9.16,-4.1,-2.1,1.1,-2.658,-1.3,-0.62,-5.72,-2.41,-1.57,-1.85,-4.88,-3.04,0.15,-2.658,-4.37,-4.047
1.07,-5.282,-4.57,-6.301,-5.85,-5.4,0.06,-3.082,0.76,-5.68,-3.2,-1.827,-0.77,-3.68,-5.65,-3.8,-1.827,-1.93,-4.2860000000000005,-4.314,-1.41,-2.33,-3.324,-1.47,-3.93,-5.21,-2.1109999999999998,-4.89,-6.34,-2.0,-2.12,-1.34,-6.8,-2.05,-5.3820000000000014,-3.93,-2.22,-0.62,-2.77,0.0,-4.47,-0.98,-8.4,-4.72,-2.59,-8.4,-4.66,-3.0,-1.1,-1.14
-1.78,-5.7360000000000015,-0.49,-0.19,-5.14,-1.9809999999999999,-1.26,-3.09,-1.506,-3.01,-1.62,-2.281,-4.07,0.94,-2.23,-9.16,-3.0,-0.8540000000000001,-7.278,-5.27,-4.37,-0.96,-5.7520000000000024,-5.08,0.15,-2.349,-4.8,-2.77,-5.16,-0.74,-2.08,-2.73,-2.21,-0.19,-1.59,-2.61,-3.48,-6.291,-0.466,-4.522,-2.322,-2.62,-4.402,-7.02,-2.46,-0.8,-3.37,-4.047,-3.63,-3.638
-0.41,-0.4,-1.0,-1.83,-3.7539999999999996,-4.31,-3.08,-6.25,-9.16,-1.08,-4.65,-6.09,-3.18,-0.77,-1.34,-2.77,-2.57,-1.9,-2.77,-4.5760000000000005,-6.876,-7.87,-2.8,0.523,-2.82,-2.1,-2.3,-2.55,-4.57,-0.4,-3.03,-2.64,-1.33,-2.42,-3.27,-0.66,-1.21,-4.4,-5.89,-5.282,-3.592,0.07,-3.37,-3.24,-2.62,-5.27,-0.89,0.0,-1.34,-1.17
-1.74,-4.2,-1.04,-4.21,-0.49,-4.12,-8.057,-2.38,-1.24,-4.43,-2.51,-4.47,-3.536,-2.64,1.09,-9.017999999999999,-0.12,-3.8,0.43,-4.02,-4.57,-4.47,-4.735,-2.17,-2.09,-4.0969999999999995,-1.06,-6.59,-3.03,-3.955,-3.21,-2.266,-1.92,-3.082,-3.082,-1.995,-1.33,-1.74,-1.74,-2.593,-0.59,-2.92,-3.31,-2.46,-0.7,-1.66,-2.39,-2.369,-2.12,-3.88
-2.68,-3.17,-3.73,-2.148,-4.86,-0.17,-4.92,-4.44,-1.64,-2.38,-0.66,-4.314,-1.96,-4.31,-3.93,-1.95,-5.89,-2.57,-6.51,0.6509999999999999,-3.67,-3.928,-5.19,-3.27,-7.92,-8.94,-0.7,-3.51,-3.81,-0.8,-0.82,-3.54,-0.29,-2.58,-7.39,-4.1,-3.84,-3.84,-1.62,0.15,-2.17,-0.77,-4.81,-0.4,-4.522,-3.12,-5.88,-1.94,-2.1109999999999998,-7.3370000000000015
-5.84,-5.24,-1.95,-1.9469999999999998,-4.907,-0.85,-1.99,-2.77,-2.56,-0.43,-0.78,-4.3,-4.64,-7.87,-2.89,-5.43,-5.6960000000000015,-4.24,-2.478,-3.59,-2.08,-3.85,-1.24,-1.8,-2.25,-2.98,-1.74,-4.16,-5.46,-1.47,0.715,-4.45,-3.24,-2.74,-2.49,-3.96,-1.96,-2.0,-2.18,-1.85,-2.523,-1.3,-5.47,-7.92,-4.1,-2.59,-1.98,-1.87,-5.46,-4.07
-3.19,-2.78,-3.15,-2.696,-0.624,1.1440000000000001,-5.292999999999998,-3.9530000000000003,-2.28,-3.85,-2.73,-3.01,-3.59,-2.78,-5.85,-0.88,-4.522,-3.46,-2.63,-1.8030000000000002,-2.932,-2.18,-3.19,-4.86,-6.02,-1.73,-8.71,-3.6039999999999996,-4.14,-2.404,0.35,-2.36,-3.0210000000000004,-3.5039999999999996,0.54,-4.6339999999999995,-4.57,-1.96,-5.6960000000000015,-6.34,-2.016,-4.69,-2.55,-4.6339999999999995,-2.51,-1.655,-5.65,-0.8,-2.24,-3.19
-1.25,-2.843,-4.86,-0.85,-2.74,-5.28,-0.6,-4.45,-6.34,-0.45,-4.4319999999999995,1.57,-3.483,-3.924,-1.5,-1.3,1.1,-0.99,-3.26,-5.84,-7.39,-2.6919999999999997,-2.41,-2.94,-0.17,-6.9,0.36,-1.22,-7.96,-1.6,-3.0,-3.27,-2.08,-2.31,-3.8960000000000004,-1.33,0.39,1.1440000000000001,-2.452,-3.658,-0.31,-4.46,-0.55,-2.21,-4.56,-2.85,-0.85,-7.25,-1.14,-7.68
-3.451,-1.16,-4.31,-3.451,0.36,-1.6,-0.98,-2.82,-2.54,-3.24,-4.7989999999999995,-4.8,-5.88,-3.03,-1.49,-8.003,-5.233,-5.06,-6.29,-4.36,-1.28,-3.483,-2.57,-4.862,-1.96,-2.24,-1.34,-5.3820000000000014,-0.92,-2.23,1.34,-3.7960000000000003,-5.26,-3.927,-2.35,-2.22,-1.87,-4.8,-0.66,-2.468,0.715,-5.64,-3.76,-4.42,-0.74,-2.22,-0.12,-3.51,-1.601,-2.23
1.1440000000000001,-5.0710000000000015,0.523,0.0,-2.58,0.06,-4.63,-2.43,-4.57,-2.09,-6.35,-1.04,-4.7989999999999995,-1.742,-2.38,-1.83,-3.57,-3.12,-3.77,-3.46,0.61,-1.84,-1.91,-2.73,-1.9469999999999998,-0.44,-1.59,-5.36,-8.176,-1.32,-5.03,-1.155,0.7,-6.14,-1.8030000000000002,-4.805,-2.54,-4.5,-4.53,-3.5860000000000003,-2.077,-2.48,-3.03,-5.47,-6.98,-4.65,-2.932,-4.28,-5.6,-0.83
-0.8,-4.38,-0.092,-4.1,-4.15,-3.18,-6.25,-3.685,-5.47,-2.21,-6.51,-2.63,-0.4,-3.04,-8.56,-3.62,-2.54,-3.785,-4.22,-4.37,-4.06,-2.34,-1.64,-3.38,-2.928,-4.22,-5.666,-1.92,-3.59,-0.14,-2.3369999999999997,-0.79,-7.0,-6.176,-3.03,-4.553999999999999,-2.0,-4.0,0.07,-1.19,-6.39,-3.48,-2.523,-0.92,-4.11,-5.26,-0.29,-4.081,-7.15,-2.24
-5.0710000000000015,-1.85,-2.11,-4.43,-4.16,-2.39,-3.06,-1.96,-2.9819999999999998,-0.68,-0.7,-0.9,-4.02,-0.49,-1.44,-0.12,-2.12,-3.931,-3.18,-0.624,-2.676,-4.08,-3.42,-3.1710000000000003,-0.88,-5.84,-2.21,-4.93,-2.7,0.46,-3.54,-3.37,-1.74,-2.46,-8.01,-0.364,-3.03,-3.63,-0.82,1.1440000000000001,-4.207,-3.19,-4.345,-3.6719999999999997,0.58,-2.11,-2.78,-3.091,-6.96,-1.96
-7.3210000000000015,-3.091,-1.95,-1.85,-4.21,-4.44,-6.68,-1.8,-0.4,-9.017999999999999,-7.32,-4.047,-2.11,-0.83,-0.8,-3.45,-3.93,-4.19,0.47,-4.955,-2.484,-6.62,-2.73,-1.83,-6.301,-4.48,-2.928,-4.48,0.106,-2.73,-4.64,-1.899,-1.01,-4.02,-0.99,-3.2,-6.35,-2.05,-7.3210000000000015,-4.24,-3.27,-1.85,-7.21,-7.3370000000000015,-2.78,-1.19,-2.39,-5.37,-4.73,-2.82
-7.85,-1.11,-1.24,-1.456,-0.364,-0.82,-7.25,-0.4,-4.12,-4.081,-1.09,-5.66,-2.33,-1.139,-3.93,0.51,-2.06,-2.322,-2.61,-1.66,-7.02,-4.173,-3.06,-6.47,-2.51,-0.71,-4.81,-1.96,-2.34,-0.12,-2.4,-0.95,-5.46,-1.22,-0.77,-2.322,-2.54,-3.65,-4.07,-1.139,-2.349,-2.57,-2.78,-1.228,-0.972,-4.43,-3.2239999999999998,-2.23,-3.38,-6.8
-1.22,-4.7,0.522,-2.676,-2.154,-0.92,-1.0,-2.7,-1.52,-1.87,-1.01,-3.76,-3.46,-2.6,-6.8,-3.3,-2.658,-0.6,0.57,-1.64,-2.62,-3.6719999999999997,-4.08,-3.42,-4.955,-6.291,-5.7520000000000024,-2.077,-1.17,-1.57,-5.47,-0.72,-5.35,-3.05,-3.39,-3.6,0.26,-2.34,-3.1,-4.31,-2.62,-1.89,-3.14,-2.34,-3.324,-0.01,-4.28,-0.36,-2.9,-3.04
-2.39,-6.14,-0.7,-2.92,0.61,0.74,-5.43,-2.35,-6.01,-1.34,-3.77,-8.71,-1.36,-1.95,-8.94,-1.92,-4.907,-1.23,-1.45,-5.03,-4.081,-3.54,-4.345,-2.35,-0.7,-1.4880000000000002,-2.74,-1.01,-1.6,-2.09,-3.1710000000000003,-2.09,-1.91,-6.39,-0.62,-0.22,-2.13,-3.927,-2.23,-4.43,-2.73,-2.33,-1.6,0.26,-0.41,-2.18,-0.7,-3.483,-6.29,-2.68
-1.94,-6.01,-4.7,-3.04,-3.37,-3.55,-4.4,-1.21,-7.02,0.1,-3.6719999999999997,-3.571,-2.34,-2.523,-4.13,-1.4,-8.23,1.1440000000000001,-6.49,-1.33,-9.16,-0.4,-1.99,-5.27,-3.583,-5.85,-3.27,-3.18,-1.807,-11.6,-1.742,-2.61,-3.73,-3.15,-2.084,-1.04,-2.36,-1.601,-3.15,-6.2,-0.4,-4.54,-4.47,-1.96,0.62,-5.53,-1.92,-6.47,-2.48,-4.376
-1.506,-4.402,0.39,1.11,-1.74,-8.6,-5.6,-1.52,-3.59,-2.404,-2.766,-1.73,-2.78,-2.05,-2.461,-4.21,-5.184,-1.4,-4.29,-1.28,-2.46,-2.596,-2.37,-5.68,-5.41,-2.53,-7.92,-5.43,-1.77,-0.24,-3.27,-0.71,-3.9,-4.88,-5.931,-1.41,-2.523,-3.36,-4.21,-4.76,-8.402000000000001,-3.324,-3.7960000000000003,-3.1,-1.94,-3.6039999999999996,-5.666,-1.6,-2.13,-1.74
-0.19,-6.307,-4.59,-0.85,-4.402,-1.84,-7.2,-4.69,-7.25,-1.71,-2.39,-2.35,-3.27,-0.41,-0.19,-0.82,-2.6919999999999997,-2.43,-0.4,-8.94,-1.96,-2.616,-7.96,-4.54,-5.16,-3.9,-1.08,-0.28,-4.4110000000000005,-3.59,-3.928,0.76,-2.0,-6.89,-4.16,-4.2,-2.0,-0.4,-2.28,-4.2,0.58,-4.376,-1.34,-2.41,-2.616,-1.59,-4.046,-3.4989999999999997,-1.5,-3.37
-1.11,-0.68,-6.59,0.009000000000000001,-1.0,-3.42,-1.29,-1.28,-3.7,-1.14,-1.85,-3.28,-2.55,-3.61,-4.1,-4.114,0.43,-5.54,-7.02,-4.69,-3.571,-8.334,-1.11,-2.92,-2.82,-1.661,-0.82,-2.5180000000000002,-1.3,-1.06,-4.3,-7.96,-0.4,0.49,-5.14,-4.69,-2.68,-2.67,-4.345,-7.32,0.02,-6.68,-2.42,-4.871,1.02,-0.03,-1.08,-4.54,-4.328,-0.29
-2.12,-9.332,-4.805,-0.88,-2.55,-4.16,-1.03,-3.583,-6.317,0.32,-3.04,0.94,-3.19,0.39,-0.364,0.38,-0.7,-6.86,-4.046,0.85,-6.34,-0.62,-1.8,-1.99,-6.57,-0.82,-0.22,0.38,-1.28,-4.73,-2.09,1.12,-2.25,-1.85,-5.03,-4.47,-2.9819999999999998,-5.19,-6.291,-3.9,-1.48,-3.06,-3.81,-2.468,-1.01,-2.322,-3.127,-0.1,-0.91,-2.68
-1.62,-2.57,-3.96,-4.23,-6.144,-4.099,-3.14,-1.71,-2.55,-0.72,-6.78,0.49,-3.4,-2.33,-1.91,-6.237,-0.04,-4.593999999999999,-4.207,-2.67,-2.51,-3.82,-3.4,-4.925,-1.34,-5.84,0.79,-7.96,-0.85,-2.21,-3.785,-4.88,-2.5639999999999996,-3.15,0.15,-8.04,-2.077,-2.36,-3.685,-4.59,-3.77,-0.8759999999999999,-1.21,-2.43,-4.15,-1.54,-6.59,-3.15,-3.1,-5.35
-3.52,-3.0,-2.42,-3.81,-0.17,-4.755,-3.127,-2.4,0.38,-2.82,-2.925,-0.59,-3.2460000000000004,-0.44,-0.624,-2.73,-3.028,-3.15,-0.18,-2.05,-2.33,-0.1,-0.972,-3.18,-4.55,-5.26,-4.805,-4.11,-1.34,-0.82,-3.955,-1.99,-3.46,-2.296,-0.8,-1.21,-0.73,-2.84,-3.27,-1.77,-1.63,-4.173,-0.8,-2.16,-0.62,-2.73,-1.96,-6.08,-2.0,-3.4
-2.85,-3.364,-3.46,-4.37,-0.22,-0.59,-1.34,-2.42,-0.45,-6.523,-0.18,-2.8,-2.41,-1.93,-4.4,-3.33,-3.1710000000000003,-2.46,-4.15,-0.01,-3.239,0.38,-2.925,0.54,-3.4,-3.24,-5.23,-1.77,-3.77,-3.22,-3.2460000000000004,-2.6919999999999997,-2.1109999999999998,-2.266,-2.48,-4.678,-3.08,0.36,-2.523,-2.461,-5.68,-8.04,-4.37,-2.18,-1.79,-4.805,-1.614,-2.478,-2.676,-1.47
-4.5,-4.36,-4.57,-2.74,-0.03,-2.9819999999999998,-2.253,-2.5639999999999996,-1.3,-1.28,-4.314,-4.345,-3.08,-3.09,1.02,-2.82,-0.63,-4.1,-4.925,-1.16,0.26,0.32,-8.23,-3.083,-3.6719999999999997,-4.11,-3.2460000000000004,-0.83,-4.88,-4.54,-1.14,-0.7,-3.76,-0.6,-2.94,-3.364,-2.148,-2.4,-2.11,-5.24,-0.96,-5.7360000000000015,-2.1,-1.47,-3.04,-1.85,-2.34,-8.4,-4.63,-3.7
-3.3,-3.27,-3.39,-1.34,-1.807,-2.0,-1.08,-2.49,-0.742,-1.17,-8.176,-6.57,0.6509999999999999,-1.077,-1.661,-2.68,-3.38,-4.17,-2.23,-7.21,-1.6,-2.8,-3.11,-2.09,-3.38,-0.89,-2.593,-1.92,-1.25,-3.04,-2.4,-5.115,-3.5860000000000003,-3.6719999999999997,-0.7,-1.99,-2.18,-1.8,-4.29,-3.37,-7.85,-2.676,-3.66,0.79,-4.749,-0.41,-7.0,-5.05,-6.237,-3.2239999999999998
-1.7080000000000002,-0.85,-2.843,-7.28,-2.68,-2.843,-0.8,-3.1,-5.64,-0.41,-0.8,-0.99,-1.57,-0.62,-9.15,-2.452,-3.04,-3.59,-3.5,-5.54,-3.03,-4.21,-1.36,-5.6,-2.51,-4.522,-4.93,-3.0,-5.17,-4.14,-1.33,-5.27,-4.46,-1.6,-4.62,-1.23,-6.96,-5.6,-5.21,-1.29,-3.21,-8.6,-1.08,-0.82,-0.8,-3.924,-0.74,-3.42,-2.09,-1.64
-2.35,-5.27,-4.09,-4.314,-3.083,-4.173,-0.83,-0.36,-2.29,-0.36,-0.41,-7.39,-2.9,0.38,-5.27,-6.49,-1.4,-4.95,-2.523,-4.57,-0.17,-2.6,-1.9809999999999999,-1.24,1.02,-3.12,-3.85,-8.0,-2.06,-3.42,-8.49,-5.4,-2.35,-4.445,-0.82,-7.02,-6.2,-2.48,-1.1,-3.26,-0.39,-5.03,-0.85,-0.6,-2.41,-2.48,-5.184,-6.0,0.81,-3.8960000000000004
-4.07,-3.55,-5.7520000000000024,-3.1,-3.61,-3.3,-5.17,0.009000000000000001,-7.28,-6.25,-1.99,-11.6,-7.28,-4.19,-0.55,-0.8540000000000001,-1.66,-1.45,0.1,-1.25,-0.83,-0.42,-5.46,-2.478,-0.62,-4.56,-3.68,-4.522,-6.01,-3.0,-3.19,-2.9,-4.36,-1.52,-6.59,-3.55,-0.59,-3.85,-4.0,-0.36,-3.81,-0.96,-2.68,-4.046,-2.21,-4.69,-5.36,-9.332,-1.06,-3.583
-2.67,-4.44,-1.96,-3.6719999999999997,-3.81,-3.38,-1.34,-4.74,-6.25,-2.64,-4.3,1.1,-0.79,-2.943,-5.03,1.02,-3.51,-1.96,-1.8,-4.31,-0.66,-2.932,-6.35,-5.8389999999999995,-1.16,-1.94,-3.84,-4.553999999999999,-3.59,-7.8,-4.21,-4.65,-5.153,-0.24,-5.184,-3.6639999999999997,-6.237,-1.9,0.0,-0.49,0.54,-2.63,-2.084,-2.68,-5.64,-2.73,-4.755,-0.667,-1.7080000000000002,-2.11
-4.92,-4.735,1.02,-2.23,-1.228,-0.5,-1.11,-4.09,-5.06,-0.92,-2.55,-2.17,-3.64,-3.2,-1.39,-3.05,-0.8,-3.592,-3.1,-4.14,-4.678,-5.4,-3.3,-2.81,-1.96,-1.8030000000000002,-4.69,-3.59,-1.63,0.61,-1.077,-2.22,-5.36,0.81,-1.9809999999999999,-3.67,-7.85,-1.92,-6.35,-1.17,-1.4,-3.955,-1.456,-3.81,-2.478,-5.8389999999999995,-0.24,-5.915,-4.63,0.15
-0.12,-5.03,-3.43,0.62,-4.11,-2.484,-1.66,-7.3370000000000015,-2.928,-4.8,-0.6,-2.36,-0.8,-4.3,-2.94,-0.4,-2.68,-3.85,-4.43,-3.57,-6.523,-2.0,-1.45,-1.32,-3.14,-6.523,0.0,-4.81,-3.84,-3.85,-1.99,-2.82,-6.317,-1.96,-4.2860000000000005,-3.2,-1.01,-4.16,-5.36,-4.35,-2.13,-2.49,-1.601,-2.22,-4.07,-3.59,-3.39,-4.15,-4.14,-1.83
-2.16,-0.6,-0.5,-9.15,-7.21,0.52,-5.08,-1.4580000000000002,-4.54,-2.77,-0.74,-0.24,-6.237,-5.26,-3.19,-4.4319999999999995,-2.5810000000000004,-2.22,-5.284,1.1,-0.79,-4.8,-1.3,-5.05,-3.75,-2.44,-2.73,-0.4,-1.96,-3.74,-4.74,-4.8,-1.96,-6.96,-3.27,1.11,-8.04,-2.68,-2.03,-4.445,-3.93,-5.666,-1.3,-4.21,-2.44,-3.408,-5.05,-5.26,-4.24,-1.6
-2.21,-6.6370000000000005,-5.16,-1.28,-3.39,-3.658,-2.68,-7.8,-5.26,-2.62,-5.153,-0.17,-3.59,-3.33,-5.21,-1.52,-3.22,-4.02,-5.233,-1.1,-3.043,-3.08,-3.37,-3.028,-2.77,-5.4,-2.43,-3.21,-0.29,-3.6639999999999997,-0.41,-1.36,-6.59,-1.94,-2.617,-1.11,-1.77,-5.931,-4.92,-1.94,-2.18,-3.28,-2.676,-4.69,-2.05,-5.06,-2.523,-4.955,-4.862,-4.12
-2.356,-4.12,-2.41,-1.04,-2.322,-3.364,-4.03,-3.2239999999999998,-3.03,-5.67,-3.59,-3.64,-3.66,-7.278,-0.1,-1.64,-4.0969999999999995,-1.09,-2.1109999999999998,-2.39,-3.69,-4.69,-4.9,-1.72,-3.22,-4.678999999999999,-3.083,-4.42,-3.76,-0.03,-2.54,-1.25,-2.932,-5.666,-2.12,-1.52,-2.338,-2.51,0.009000000000000001,-4.805,-4.17,-3.638,-6.144,-4.883,-3.15,-2.55,-4.3,-3.5380000000000003,-4.314,-3.18
-2.23,-2.1,-3.6,-1.06,-2.28,-1.0,-0.29,0.49,-1.64,-1.37,-3.59,-2.41,-0.24,-1.8,-4.2860000000000005,0.26,-5.115,-1.83,-6.005,-2.09,-1.08,-4.7,-0.79,0.07,-1.19,-2.57,-6.98,-1.68,-5.4,-3.59,-6.68,-4.74,-6.025,-1.73,-3.0,-1.742,-4.29,-3.239,-4.743,-2.658,0.32,0.38,-1.8769999999999998,-6.307,-0.4,-5.282,0.3,-5.85,-1.81,-2.78
-2.77,-8.71,-5.886,-1.742,-2.676,-5.64,-4.805,-6.86,0.48,-2.39,-3.27,-1.92,-4.4319999999999995,-2.92,-6.78,-4.706,0.74,-1.28,-4.17,-3.42,-3.364,-2.22,-1.7,-2.06,-0.6,0.07,-4.03,-6.876,-0.17,-1.6,-1.01,-2.64,-0.78,-4.54,-0.24,-0.742,-3.69,-4.8,-1.29,-3.38,0.38,-0.95,-4.66,-4.17,-1.155,-1.84,-3.3,-3.638,-2.55,-0.6
-2.29,-2.82,-2.56,-1.23,-1.74,-3.4,-0.7,-3.4989999999999997,-3.78,-4.77,-5.19,-2.73,-2.5639999999999996,-0.8,-0.22,-1.1,-3.04,-8.334,-6.9,-3.31,-1.8,-4.6339999999999995,-3.4930000000000003,-8.057,-3.28,-3.3,-8.4,-2.478,-3.38,-3.09,-2.32,-2.253,-2.658,-5.153,-7.68,-1.6,-7.15,-1.827,-2.0,-1.41,-6.96,-2.09,-2.18,-3.48,-4.65,-3.35,-4.62,-8.699,-2.878,-0.82
-1.456,-5.27,-2.68,-4.26,-3.638,-5.85,-2.56,-0.66,-7.43,-3.1,-1.24,-4.16,-2.696,-1.29,1.58,-2.28,-8.6,-1.24,-1.99,-8.6,-7.28,-5.184,-1.155,-3.22,-2.89,-1.95,-1.89,-3.928,-4.63,-4.55,-3.27,-3.09,-3.82,-0.72,-0.7,-6.29,0.6509999999999999,-4.55,-8.6,1.34,-1.64,0.39,-3.61,-2.78,-4.81,-6.34,-1.99,-3.043,-6.57,-4.45
-3.583,-8.699,-1.4880000000000002,-3.8,-4.28,-1.57,-2.7,-3.4930000000000003,-3.76,-4.36,0.47,-3.55,-2.647,-2.1,-4.402,-2.46,-4.37,-2.25,-4.02,-0.8540000000000001,-3.27,-3.5039999999999996,0.0,-4.8,-0.667,-1.3,-4.12,-1.04,-7.92,-7.21,-5.85,-2.06,-3.8,1.1,-7.28,-0.972,-0.6,-0.31,-2.55,-8.0,-4.402,-1.8,-2.843,-2.63,-8.6,-4.28,-3.6719999999999997,-4.23,-3.74,-7.87
0.523,-1.655,-4.71,-1.17,-5.6960000000000015,-1.98,-3.6,-1.06,-1.63,-1.73,-6.34,-4.63,-1.72,-4.7,-3.2,-6.34,-4.11,-0.73,-3.952,-1.4,-1.28,-1.807,-4.92,-2.928,-2.34,-5.2589999999999995,-1.6,-0.19,-8.71,-4.16,0.39,-1.506,-3.7539999999999996,-1.33,-5.41,-3.35,-2.63,-5.23,-2.5180000000000002,1.11,-3.364,-3.592,-3.21,-0.41,-2.82,-1.92,-1.807,-3.52,-9.16,-6.301
-4.15,-7.96,-2.51,-4.29,-1.09,-1.85,-3.18,0.96,1.1440000000000001,-3.928,-3.094,-5.21,-4.11,-1.1,-4.8,-3.36,-6.78,-2.5639999999999996,-1.8,-0.42,-3.96,-0.92,-4.06,-3.82,-4.15,-2.077,-2.46,-2.92,-2.266,-1.95,-4.57,-3.52,0.06,-2.55,-0.8,-3.5860000000000003,-6.02,-1.52,1.02,-2.647,-6.144,-5.931,-6.34,-0.02,-6.144,1.34,-5.284,-3.01,-1.59,-3.6039999999999996
-4.4,-1.97,-2.09,-2.64,-4.21,-1.74,-4.93,-1.03,-1.28,-2.55,-6.34,-1.52,-8.6,-4.71,-1.25,-2.54,0.1,-3.3,-1.83,-4.89,1.11,-7.66,-1.66,-2.78,-3.82,-2.863,-0.742,-0.73,-2.4,-4.57,-2.38,0.522,-2.41,-3.35,-3.127,-4.03,-3.62,-1.37,-0.8,-5.23,-4.522,-5.16,1.02,-1.03,-4.24,-8.6,-2.42,-1.66,-2.37,-3.77
-4.16,-1.33,-5.37,-2.11,-3.36,-8.4,-2.35,-5.886,-3.38,-3.68,-3.38,-3.05,-1.85,-3.15,-4.24,-2.484,-7.42,-5.19,-2.58,-4.47,-1.1,-0.8,-4.63,-3.536,-1.456,-3.8169999999999997,-5.0710000000000015,-3.36,-2.55,-2.168,-3.48,-4.907,-2.09,-3.658,-3.483,-7.21,-2.82,-4.55,-5.64,-4.72,-5.6129999999999995,-3.18,0.85,-6.176,-2.33,-7.92,-2.22,-6.726,-2.42,-2.34
-5.886,-0.807,-7.42,-3.03,-5.22,-2.218,-0.72,-5.22,-5.7520000000000024,-2.273,-1.96,-4.4,-5.82,-5.43,-6.35,-6.86,-6.34,0.35,-1.04,-5.37,-4.76,-3.21,-1.84,-0.29,-0.72,-1.92,-1.82,-1.92,-4.06,-4.42,-3.592,-8.4,-6.29,-1.16,-2.54,-1.11,-5.64,-7.82,-1.52,-5.0710000000000015,-2.37,0.29,-2.92,0.32,-2.3369999999999997,-4.86,1.57,-2.03,-2.74,-1.96
-3.68,-5.85,-3.76,-1.57,-2.09,-2.33,-3.55,-7.39,-3.083,-3.05,-1.29,-1.06,-2.68,-3.39,1.34,-2.19,0.54,-1.92,-0.66,1.1440000000000001,-2.16,0.0,-5.19,-3.7539999999999996,-1.94,-3.38,-0.4,1.02,-4.445,-1.456,-7.3210000000000015,-8.4,-5.64,-0.82,-2.82,-2.658,-1.4880000000000002,1.02,-3.09,-6.25,-2.34,-8.017000000000001,-2.55,-3.37,-1.36,-0.95,-1.33,-3.61,-0.24,-1.077
-3.55,-4.4,0.6509999999999999,-8.49,-4.88,-3.66,-3.0210000000000004,-3.17,0.62,-4.29,-3.1,-5.8389999999999995,-1.52,-3.19,-3.4,-3.82,-5.4,-1.63,-2.09,-2.863,-2.13,-1.75,-1.96,-3.54,-1.09,-0.09,-3.928,-4.55,-4.55,0.47,-2.41,-3.82,-3.08,-2.09,-4.862,-1.17,-4.42,-2.09,-4.21,-1.04,-6.96,-2.15,-2.928,-1.37,-0.7,-3.63,-2.22,-2.92,-0.68,-3.63
-2.39,-1.28,-3.5039999999999996,-3.46,-2.32,-5.14,-3.48,-4.71,-2.67,-4.31,-4.678,-2.468,-3.028,-2.878,-3.7,-1.807,-4.13,-6.35,-2.35,-7.11,-4.35,-2.36,-2.084,-5.7520000000000024,-0.17,-1.64,-2.154,-2.154,-4.56,-6.96,-0.95,-1.96,-0.8,-2.22,-4.7989999999999995,-5.47,-2.617,0.522,-4.26,-3.8,-2.5180000000000002,-2.932,-6.25,-2.356,-0.51,-4.0,0.96,-3.928,-0.29,-2.154
-3.685,-8.6,-5.3820000000000014,1.1440000000000001,-0.8759999999999999,-4.92,-6.237,-4.553999999999999,-3.67,-3.69,-1.28,-6.237,-4.173,-4.57,-4.77,-3.01,-7.28,-4.04,-5.05,-2.273,-2.55,-5.14,-3.76,-1.09,-1.228,-5.666,-4.4,-1.94,-4.08,-5.27,-1.04,-2.617,-3.27,-2.35,-2.253,-3.33,-4.9,-2.73,-4.4319999999999995,-7.66,-0.624,-4.6,-1.96,-6.25,-5.233,-2.296,-2.15,-5.36,-2.73,-4.15
-1.96,-3.6639999999999997,-6.29,-2.98,-1.99,0.28,-7.28,-3.14,-4.755,-0.85,-1.33,-4.805,-6.57,-1.28,-2.34,-4.74,-6.0,-6.29,-1.96,-3.69,-3.8930000000000002,-6.25,-4.883,-3.68,-4.553999999999999,-3.931,-4.59,-3.4,-0.8,-2.98,-2.77,-5.7520000000000024,-8.176,-2.843,-3.18,-3.9,-3.22,-5.03,-0.742,-2.25,-1.99,-1.37,-1.64,-1.1,-3.21,-3.8,-6.47,-4.376,-4.749,-1.28
-2.46,-1.96,-0.6,-4.0,-3.73,-1.995,-2.05,-7.42,-2.33,-4.71,-0.77,-2.25,-4.63,-3.55,-4.805,-0.31,-5.16,-3.7960000000000003,-1.75,-2.22,-1.14,-3.37,-4.445,-2.0,-0.92,-2.56,-1.16,-8.6,-2.56,-1.99,-5.931,-2.46,-4.749,-7.92,-1.91,-1.92,-4.64,-6.0,-1.29,-1.47,0.0,-4.194,-1.11,-5.35,-4.63,-0.82,-1.17,-3.4,-5.03,-0.72
0.45,-0.92,-2.523,-4.081,-2.06,-1.82,-1.85,1.02,-3.17,-3.8960000000000004,-3.04,-2.9819999999999998,-0.8,-2.78,-3.9989999999999997,-2.17,-4.63,-0.66,-4.593999999999999,-4.2860000000000005,-1.34,-3.638,-7.3370000000000015,-3.45,-3.68,-1.886,-4.04,-5.24,-2.03,-1.87,-1.96,-3.01,-0.72,-1.85,-1.94,-0.4,-3.083,-5.24,-8.01,-2.39,-3.04,-3.8,-2.29,0.36,-1.29,-2.452,-1.77,-1.37,-1.8,-2.32
-4.553999999999999,-2.54,-2.19,-0.62,-3.93,-3.33,-2.09,-5.03,-2.06,-4.12,-2.8,-4.43,-3.09,-3.63,-4.08,-3.8,-5.153,-5.22,1.07,-2.19,-4.5,-1.98,-3.05,-2.85,-2.356,-4.36,-4.69,-1.995,0.32,-4.06,-9.16,-5.2589999999999995,-2.03,-1.04,-7.92,-3.8960000000000004,-3.1,-4.0,-1.19,-2.928,-1.44,-6.876,-0.17,-2.54,-6.68,0.106,-2.46,-4.553999999999999,-5.915,-1.32
-0.28,-2.08,-2.05,-3.42,-4.37,-1.08,-4.5760000000000005,-0.39,-2.58,-2.468,-2.676,-3.68,-0.03,-6.08,-1.78,-5.292999999999998,-4.81,-2.55,-1.01,-0.8,-3.06,-2.28,-3.6039999999999996,-4.88,-1.46,-1.47,-1.11,-4.37,-0.19,-0.66,-4.13,-3.36,-2.7,-6.9,1.1,-1.26,-1.4580000000000002,-2.148,-2.98,-0.8,-6.301,-1.47,-2.35,-1.04,-2.5639999999999996,-3.18,-0.4,-4.62,-3.4930000000000003,-3.24
-1.4580000000000002,-2.369,-3.2,-2.5180000000000002,-2.03,-3.43,-2.05,-0.8540000000000001,-3.658,-4.4319999999999995,-2.356,-1.24,-4.37,-2.67,-0.39,-7.3210000000000015,-2.1,-2.4,-5.282,-2.09,-4.47,-0.742,-4.02,-1.95,-0.03,-7.2,-0.47,-4.21,-1.29,-3.571,-0.1,-3.43,-5.88,-1.4,-1.08,-1.25,-0.22,-3.4,-4.706,-3.4930000000000003,-5.915,-6.317,-2.404,-1.899,0.32,-1.36,-0.22,-3.8960000000000004,-3.26,-3.0
-4.35,-1.23,-2.86,-3.81,-5.65,-4.74,-7.11,-0.59,-8.23,-3.592,-0.22,-0.67,-0.66,-6.6370000000000005,-5.08,-4.62,-1.3,-1.807,-1.16,0.32,-2.1,-2.266,-0.45,-2.356,-5.6,-2.92,-3.7960000000000003,-6.25,-0.83,-1.11,-2.73,-3.0,-3.364,-1.077,-3.15,-0.88,-1.62,-1.52,-6.86,-0.9,-3.09,-6.29,-1.99,-1.96,-3.03,-2.484,-2.016,-4.3,-6.301,-0.77
-1.47,-4.0,-1.29,-1.52,-3.364,-2.49,-5.14,1.07,-1.74,-4.35,-5.7360000000000015,-1.19,-0.72,-2.94,-4.07,0.49,-0.68,-4.11,-8.56,-5.24,-2.154,-3.81,-2.56,-2.46,-3.93,0.32,-3.19,-0.41,-3.4989999999999997,-1.85,-1.827,1.1,-3.483,-2.11,-3.12,-2.64,-4.28,-1.25,-3.239,-3.7,-1.46,-1.96,-9.16,-3.21,-2.37,-2.281,-3.24,-1.661,-3.23,-3.1
-1.52,-2.96,-5.36,-4.871,-6.39,-5.08,-0.95,-3.48,-1.25,-0.1,-4.63,-3.3,-5.915,-6.34,-8.04,-2.05,-3.4010000000000002,-4.4,-1.52,-4.55,-4.36,-4.376,-1.57,-3.3,-1.601,-1.52,-1.8,-3.78,0.45,-4.43,-1.886,-1.62,-3.2,-5.64,-2.96,-1.89,-3.63,-0.43,-5.5070000000000014,-2.5810000000000004,-4.2860000000000005,-2.168,-2.484,-2.29,-1.456,1.09,0.32,-1.077,-3.4,-0.92
-4.37,-4.21,-1.742,-3.12,-0.44,-3.18,-1.85,-1.886,-4.7989999999999995,-3.3,-2.61,-7.02,-3.61,-0.89,-4.63,-1.03,-2.78,-1.47,-5.292999999999998,-7.0,-5.66,-1.6,-3.927,-2.19,-0.4,-1.155,-2.57,0.54,-3.61,-6.301,-8.176,-4.57,-2.98,-1.14,-0.89,-0.89,-3.05,-3.33,-7.85,-0.85,-3.09,-2.19,-0.85,-4.22,-1.52,-3.028,-2.73,-6.59,-3.952,-0.4
-8.804,1.02,-5.68,-1.99,-1.614,-7.3370000000000015,0.74,-1.68,-1.11,-3.51,-2.0,-3.19,-0.742,-1.97,-3.27,-4.194,-4.62,-3.66,-2.616,-1.25,-0.02,-1.78,-4.35,-2.64,-3.39,-6.124,-1.39,-4.24,0.15,0.94,-3.52,-2.863,-6.02,-1.456,-2.39,-3.37,-2.21,-3.23,-4.6339999999999995,-6.62,-2.253,-6.35,-0.95,-0.74,-3.51,-0.8759999999999999,-3.19,-4.314,-2.56,-0.85
-3.37,-4.76,-1.04,-2.82,-6.523,-0.96,-2.73,-2.84,-4.873,-3.924,-2.85,-3.46,-0.92,-3.952,-0.667,-4.53,-3.01,-3.59,-0.85,-3.96,-2.878,-2.7,-4.4319999999999995,0.43,-3.59,-6.98,-0.8540000000000001,-2.35,-4.5710000000000015,-4.743,-2.07,-0.7,-4.29,-1.139,-4.194,-5.23,-2.322,-4.14,-1.13,-4.19,0.79,-3.51,-3.63,1.58,-3.22,-0.85,0.009000000000000001,-0.85,1.1,-3.082
-2.57,-0.46,-2.21,-1.3,-3.21,-4.24,-6.291,-1.52,-3.01,-2.461,-0.85,-3.1710000000000003,-1.11,-4.16,-2.06,-3.536,-1.41,0.26,-5.51,-0.12,-3.2460000000000004,-6.34,-3.54,-3.62,-0.67,-1.25,-3.35,-8.71,-3.01,1.02,-1.6,-3.364,-3.15,-7.87,-2.356,-2.06,-4.73,-2.35,-5.37,-2.322,-4.743,-8.334,-3.35,-2.68,-3.6719999999999997,-6.35,-1.96,-8.6,0.15,-3.928
-8.49,-4.11,-3.36,-2.356,-3.11,-2.676,-3.75,-6.124,-2.53,-5.0,-5.282,-3.37,-1.4880000000000002,-2.154,-8.057,-3.73,-4.14,-4.64,-5.4,-0.68,-1.742,-4.06,-4.632,-1.3,-4.43,-5.3820000000000014,-2.39,-2.0,-4.43,-2.33,-5.84,-5.24,-3.67,-0.22,0.26,-1.06,-2.09,-3.931,-2.25,-0.41,-2.676,-3.127,-2.92,0.106,-1.34,-3.61,-5.24,-1.33,-1.155,-0.72
-1.8,-2.766,0.32,1.12,-3.03,-1.827,-2.28,-1.33,0.29,-4.07,-5.26,-0.22,-0.89,-4.64,-2.67,1.02,-1.155,0.79,-3.68,0.76,-0.39,-2.084,-0.12,-0.96,-7.278,-2.35,-4.37,-4.62,-3.69,-1.614,-3.09,-2.436,-1.25,-3.67,-1.11,-3.48,-3.638,-5.24,-0.51,-7.11,1.1,-2.36,-5.68,-5.05,-2.58,-5.666,-2.82,-2.616,-3.7539999999999996,-2.05
-3.36,-6.317,-8.334,0.58,-6.56,0.47,-6.98,-5.16,-2.273,-1.44,-0.49,-1.28,-4.955,-3.85,-2.54,-1.08,-2.54,-1.36,-2.24,-7.85,-4.15,0.522,-1.92,-4.16,-5.88,-4.735,-4.38,-6.62,-8.804,-2.92,-8.71,-3.09,-3.3,-4.26,-4.4110000000000005,-3.05,-5.27,-0.62,-5.16,-3.65,-1.3,-4.7,-7.8,-4.28,-4.26,-5.03,-3.61,-2.06,-2.51,-3.54
0.38,-2.37,-1.96,-2.0,-6.57,-3.39,-2.523,-4.11,0.3,-6.57,-4.805,-1.97,-3.1,-4.76,-6.86,0.47,-3.1,0.715,-2.93,-5.6960000000000015,-3.68,-1.11,-1.52,-4.0,-5.82,-1.62,-3.81,-2.82,-1.155,-3.37,-2.44,-2.93,-1.75,-6.86,-4.86,-3.239,-2.19,-4.883,-5.35,-1.62,-1.64,-5.0,-2.35,-2.41,-4.925,-7.11,-2.22,-3.09,-2.51,-6.317
-2.148,-7.39,-2.54,-2.06,-3.51,-2.77,-1.52,-3.84,-2.932,-6.49,-1.85,-2.523,-0.71,-7.3210000000000015,-3.35,-3.7960000000000003,-1.19,-1.68,-3.88,-2.59,-3.685,-4.42,-4.07,-1.06,-1.45,-1.85,-3.04,-4.53,-4.15,1.02,-1.6,-0.43,-3.24,-7.92,-2.41,-2.34,-3.39,-2.253,-5.8389999999999995,-6.726,-5.03,-3.64,-0.9,-5.16,0.62,-2.154,-2.54,-5.06,-7.92,-8.6
-5.19,-2.81,-7.39,-4.046,-5.915,-2.3369999999999997,-4.74,-2.81,-3.85,0.38,0.58,-1.8,-2.878,-2.03,-4.38,-3.21,-1.8769999999999998,-2.39,-0.59,-2.296,-5.54,-1.3,-3.04,-2.18,-3.785,-4.47,-1.95,-3.927,-6.144,-6.01,-0.29,-2.58,-0.85,-5.65,-3.18,-4.76,-3.043,-3.39,-1.24,-2.07,-3.65,-5.915,-0.04,-3.38,-0.6,1.1,-1.99,-0.96,-3.2,-8.6
-2.86,-2.39,-4.02,-5.4,-7.87,-1.34,-1.09,-4.19,-1.09,-1.8769999999999998,-1.45,-3.239,-1.59,-2.1109999999999998,-0.63,-1.01,-2.25,-4.03,-2.03,-5.64,-3.05,-2.16,-3.43,-2.09,-2.61,-1.601,-0.89,-2.843,-6.59,-1.06,-4.02,-4.522,-4.21,-1.3,-6.25,-7.01,-0.71,-1.29,-2.5639999999999996,-4.54,-5.5070000000000014,-0.8,-4.15,-2.8310000000000004,-1.08,-4.8,-3.8169999999999997,-4.12,-2.64,-6.47
-1.16,-7.32,-4.53,-2.676,-3.39,-4.7989999999999995,-5.2589999999999995,-3.592,-2.41,-2.436,-3.69,-6.56,-4.29,-1.36,-2.42,-2.29,-3.19,-4.6,-5.54,-3.54,0.64,-4.59,-0.19,-1.94,-3.592,-2.404,-2.64,-4.07,-5.43,-0.67,-5.56,-5.82,-8.6,-5.24,-6.08,-5.282,-3.6639999999999997,-4.522,-0.96,-4.7,-2.67,-1.55,-4.11,-3.85,-0.85,-1.7080000000000002,-2.928,-0.8,-2.21,-2.56
-1.8,-0.5,-3.81,-3.22,-8.71,-1.25,-1.4,-3.7539999999999996,-4.16,-1.95,-6.98,-3.364,-2.06,-8.4,-0.8540000000000001,-1.29,-1.85,-5.26,-3.18,-2.82,-4.42,-7.02,-0.96,-3.66,-1.8769999999999998,-2.8,-1.81,-7.2,-5.41,-3.6039999999999996,-3.028,-5.6960000000000015,-4.19,-3.24,-4.54,-1.44,-6.29,-4.76,-7.32,-2.41,-6.0,-4.522,-1.96,-0.71,-3.69,-3.21,-5.68,-2.82,-2.39,-3.37
0.43,-2.55,-2.17,-1.6,-0.82,-1.29,-4.706,-3.54,-1.17,-3.59,-4.081,-2.24,-0.4,-1.01,-0.62,-6.02,-0.62,-0.7,-6.57,-1.04,-1.99,-2.593,-0.85,-2.35,-4.56,-4.3,-4.16,-6.29,-4.0969999999999995,-0.74,-1.09,-1.06,-6.57,-0.96,-1.74,-3.26,-4.522,-3.928,-4.43,-0.31,-0.63,0.45,-3.04,-3.01,-2.5180000000000002,1.07,-1.75,-2.21,-8.017000000000001,-1.47
-1.59,-2.23,-6.34,0.29,-2.356,-6.29,-1.96,-4.42,-5.14,-2.54,-0.24,-7.32,-9.017999999999999,-4.37,0.62,0.79,-4.114,-8.4,-3.4010000000000002,-1.228,-5.292999999999998,-3.03,-0.8,-1.4,-5.282,-3.55,-0.82,-3.81,-1.6,-6.307,-1.32,-5.292999999999998,-1.96,-3.685,-1.85,0.1,-4.62,-3.5860000000000003,-5.43,-0.36,-1.36,-2.54,-5.284,-7.0,-3.54,-7.278,-1.0,-3.11,-0.624,-2.9
-1.73,-2.85,-5.14,-1.37,-4.11,0.43,-4.114,-2.03,-5.72,-1.24,-6.523,-7.82,-2.09,0.0,-0.7,-3.4989999999999997,-2.77,-3.5039999999999996,-0.624,-0.12,-4.14,-1.92,-2.5810000000000004,-3.21,-1.4,-3.59,-1.3,-3.685,-1.09,-4.047,-2.46,-3.67,-0.8,-1.24,-7.3370000000000015,-5.7520000000000024,-2.928,0.76,-1.74,-1.44,-3.451,-3.37,-5.915,-2.253,-1.34,-1.24,-2.86,-1.716,-5.6960000000000015,-1.807
-3.65,-4.9,-1.62,-0.41,-0.6,-3.48,-2.03,-1.06,-2.08,-6.08,-3.21,-1.3,-5.24,-1.78,-2.37,-3.26,-0.41,-2.281,-2.58,-3.28,-2.58,-4.14,-2.11,-1.45,-2.42,-3.43,0.45,-0.74,0.57,-1.29,-2.168,-1.72,-0.17,-8.176,-2.18,-1.72,-5.05,-5.5070000000000014,-7.01,-3.12,-4.21,0.43,-6.89,-2.11,-2.68,-6.51,-0.4,-8.402000000000001,-4.0969999999999995,-7.3210000000000015
-1.1,0.32,0.58,-4.63,1.34,-1.97,-2.82,-3.18,-4.63,-3.77,-7.2,-5.4,-2.39,-5.6129999999999995,-2.9,-0.63,-1.3,-4.955,-2.05,-7.32,0.02,-3.083,0.15,-4.2,1.12,-4.53,-2.7,-5.46,-2.68,-3.62,-6.08,-3.27,-3.4010000000000002,-3.9530000000000003,-2.0,-6.02,-1.62,-4.345,-2.63,-2.19,-0.6,-2.452,-4.65,-4.735,-6.02,-2.863,-5.27,-2.37,-3.11,-1.94
-3.35,-4.11,-4.55,-4.25,-2.77,-0.51,-4.65,-5.282,-0.8,-6.0,-1.73,-1.29,-5.84,-0.68,-2.5639999999999996,-3.15,-3.63,-4.46,-4.15,-0.85,-1.24,0.26,-2.78,-1.17,-6.8,-5.03,-3.3,-1.8769999999999998,-3.59,-1.94,-4.862,-1.34,-5.931,-2.03,-3.14,-5.37,1.34,-3.952,-1.506,-2.925,-1.52,-4.26,-0.19,-0.14,-1.87,-1.62,-4.3,0.523,-1.71,-1.36
-7.15,-3.638,-3.2239999999999998,-4.4,-3.2460000000000004,-4.74,0.62,-4.69,0.1,-4.28,-3.48,-1.82,-7.92,0.29,-6.02,-5.115,-6.005,-2.16,-3.11,-5.27,-4.64,-2.4,-4.59,-0.28,-1.04,-0.74,-7.92,-2.5639999999999996,1.1,-1.25,-3.55,-0.85,-4.207,-3.39,0.39,-3.63,-1.54,-7.42,-3.76,-2.74,-4.02,-3.11,0.57,-2.35,-1.46,-0.6,-3.4,-3.1,-1.85,-6.02
-4.0,-2.86,-1.39,-2.22,-5.28,-0.17,-3.8,-2.17,-2.38,-4.64,-4.5710000000000015,-4.2,-0.19,-4.59,-0.74,-0.972,-2.55,-2.92,-0.22,-1.09,0.58,-3.73,-4.73,-4.38,-1.716,-2.31,-2.35,-2.36,-9.16,-4.74,0.009000000000000001,-2.55,-6.291,-3.51,-0.44,-1.9469999999999998,-2.0,-2.05,-0.29,-1.98,-3.27,-2.39,-3.59,0.32,-2.93,-5.153,-1.28,0.06,-3.3,-1.11
-3.29,-3.64,-3.88,-2.54,-1.45,-4.24,-2.35,-1.22,-8.94,-1.52,-7.28,-1.54,-3.74,-0.82,-4.706,-2.62,-0.92,-6.57,-3.7960000000000003,-4.4,-2.281,-5.47,0.15,-3.96,-2.8310000000000004,-2.64,-2.96,-0.89,-0.6,-4.25,-2.523,-2.74,-1.73,-4.522,-4.74,-2.09,-1.0,-0.807,-3.01,-5.666,-1.94,-3.27,-5.27,-1.3,-2.016,-3.11,-3.12,-1.96,-3.955,-2.68
-4.81,-2.3369999999999997,-3.51,-1.228,-4.314,-3.408,-5.89,-1.23,-1.79,-4.328,-1.52,-2.34,0.29,-4.43,-3.638,-1.74,-2.32,-5.05,-2.58,-4.883,-1.3,-0.44,-1.8,-2.34,-1.32,-0.667,-1.04,-1.17,-1.28,-2.05,0.15,-7.01,-3.74,0.15,-1.17,-2.154,-3.77,-0.29,-3.62,0.64,1.1,-4.11,-3.43,-4.23,-8.01,-1.41,-6.09,0.43,-5.03,-3.13
-3.75,-3.43,-9.15,-2.273,0.85,-0.972,-1.52,-1.34,-1.32,0.32,-4.86,0.48,-5.666,-0.96,-1.28,-1.139,-8.6,-0.83,-6.34,-4.743,-3.43,1.11,-1.6,-1.36,-4.16,-4.16,-4.8,-5.84,-6.35,-4.64,-4.314,-0.244,-0.12,-1.06,-1.03,-1.99,-0.4,0.62,-2.89,-3.028,-1.24,-2.41,-2.74,0.51,-0.59,-2.64,-0.6,-4.25,-4.63,-4.173
-8.04,-4.57,-2.82,-2.05,-1.742,-4.21,-1.04,-1.64,-3.24,-1.64,-2.7,-3.19,-3.08,-1.16,-6.09,-3.85,-1.39,-2.28,-5.47,-0.39,-4.95,-0.85,-4.46,-2.281,-4.06,-9.16,-3.64,-4.63,-5.292999999999998,-6.34,-3.14,-3.66,-2.9,-1.52,0.106,-0.98,-0.89,-4.64,-4.47,-4.17,-3.658,0.57,-2.468,-0.62,-2.11,-0.62,-3.408,-3.82,-6.34,-5.46
-2.41,-3.11,-1.24,-1.74,-2.5810000000000004,-3.03,-1.24,-1.92,-5.67,-1.17,-4.173,-3.1,-1.79,-0.6,-1.899,-4.03,-4.17,-1.47,-1.94,-1.06,-3.38,-1.077,0.57,-3.67,-2.3,-0.8,-5.0,-1.96,-3.37,-2.68,-0.55,-2.09,-0.85,-2.16,1.02,-3.36,-0.6,-4.1,1.12,-4.593999999999999,-0.79,-1.94,-3.24,-3.4930000000000003,-3.65,-0.6,-3.15,-6.78,-4.3,-4.38
-8.6,-2.253,-1.5,-1.17,-4.194,-5.03,-2.928,-3.2460000000000004,-4.53,-1.3,-4.4110000000000005,1.02,-5.19,-2.06,-3.35,-4.46,-1.077,-3.24,-5.67,-6.59,-3.59,-1.24,-3.931,0.35,-3.0210000000000004,-0.96,-3.927,-2.32,-1.9,0.15,0.36,-2.6,-2.593,0.57,-6.317,1.02,-3.68,-2.55,-6.2,-1.01,-3.8,-2.53,-1.01,-4.194,-4.194,-3.3,-2.696,-6.56,-1.6,-7.2
-0.17,-0.667,-2.46,-1.21,-1.85,-1.4880000000000002,-6.35,-0.42,-5.115,-7.01,-4.4,-3.927,-2.436,-6.8,-0.6,-3.408,-3.53,-4.77,-2.77,-3.82,-1.36,-1.3,-2.53,-1.9,-3.38,-3.127,-7.278,-4.59,-7.8,-4.4,-2.35,-4.2860000000000005,-4.13,-6.8,-5.8389999999999995,-5.82,-3.571,-4.31,-4.31,-1.37,-2.19,-0.92,-1.79,-2.67,-2.7,-3.18,-4.47,-7.2,-6.98,-3.03
-1.37,-2.478,-2.09,-1.1,-0.28,-4.0,-2.338,-4.07,-4.26,-0.82,-6.005,-2.39,-7.85,-0.62,-1.3,-8.0,-2.78,-2.59,1.57,-2.93,-3.81,-5.27,-0.22,-4.04,-1.74,-2.09,-1.99,-1.09,-2.73,-2.17,-1.52,-2.322,-0.17,-1.74,-0.8759999999999999,-2.58,-2.6919999999999997,-3.74,-3.408,-2.5180000000000002,-4.11,-7.66,-8.017000000000001,-3.22,-2.09,-3.67,0.522,-2.3369999999999997,-3.14,0.54
-2.21,-0.36,-7.278,-2.13,-2.17,0.79,-4.1,-2.21,-1.11,-3.81,-4.553999999999999,-3.043,-4.4,-4.4,-1.29,-5.64,-6.291,-2.09,-4.47,-4.0,-3.083,-4.53,-2.06,-3.08,-5.64,-4.8,-2.676,-4.6,-4.89,-3.18,-3.43,-2.8,0.85,-4.77,-5.51,-3.3,-5.26,-3.5380000000000003,-1.52,-4.873,-5.89,-0.89,0.74,-1.68,-3.9,-3.68,-5.27,-1.64,-2.37,-2.16
-3.8,-3.19,-3.536,-2.296,-3.6719999999999997,-0.85,-1.38,-2.7,-0.7,-2.9819999999999998,-2.17,-3.583,-2.23,-3.67,-0.6,-5.84,-0.59,-2.89,-1.68,-7.02,-1.21,0.715,-6.35,-2.89,-2.86,-3.48,-3.01,-2.523,-6.96,-2.73,-2.18,0.38,-8.23,-1.13,-2.8,-5.666,-3.3,-7.92,-1.49,-3.88,-3.08,-8.4,-4.24,-2.322,-3.9530000000000003,0.6509999999999999,-1.9469999999999998,-2.48,-4.02,-2.696
-0.68,-2.68,-1.37,-5.6960000000000015,-2.33,0.51,0.51,-1.6,-0.62,-5.43,-1.64,-2.154,-5.27,-8.23,-1.77,-2.84,-1.26,-0.82,-0.9,-2.461,-1.9469999999999998,-1.85,-5.6,-5.53,-1.06,0.43,-7.3370000000000015,-2.696,-3.15,-3.21,-2.84,-1.96,-4.37,-4.678,-6.29,-2.7,-4.4319999999999995,-0.41,-1.46,-4.07,-1.8,-3.2,-0.72,-2.39,-1.56,-3.84,-0.466,-5.46,-3.18,0.64
-2.61,-6.176,-3.583,-6.98,-0.82,-3.08,-4.678999999999999,-2.356,-3.06,-2.168,-4.43,-4.62,-3.9989999999999997,-2.59,-2.24,-0.98,-3.31,-4.0,-0.63,-0.73,-1.96,-2.55,-5.64,-6.08,0.38,-2.35,-3.82,-0.24,-1.89,0.64,-4.02,-4.37,-2.58,-0.85,-6.09,-1.24,-7.28,-5.21,-3.68,-5.26,-4.63,-3.66,-1.06,-0.72,-2.54,-6.47,-3.43,-0.04,-3.38,-2.86
-7.87,-4.2860000000000005,-3.324,-2.48,-6.62,-4.07,-1.4880000000000002,-1.99,-2.616,0.39,-4.13,-2.82,-3.01,-5.8389999999999995,-1.06,-3.77,-2.593,-3.9,-2.32,-0.742,-2.766,-2.48,-5.68,-4.47,-2.05,-4.12,-7.96,-5.915,-2.39,-7.0,-3.33,-7.43,-4.194,-2.18,-5.67,-3.04,-2.96,-4.42,-4.36,-2.55,-1.77,-4.593999999999999,-2.154,-1.16,-0.66,-1.0,-8.6,0.715,-0.39,-0.1
-2.59,-0.22,-0.92,-1.28,-1.95,-1.94,0.43,-4.12,-5.21,-0.89,0.26,-8.56,-4.16,-1.9,-3.08,-1.0,-8.56,-2.523,-1.456,-2.18,-4.29,-4.64,-2.63,-2.68,-0.18,-1.47,-2.7,-1.5,0.79,-0.807,-4.047,-0.63,0.39,-2.21,-1.98,-4.862,-1.56,-5.51,-4.07,-2.59,-2.53,-6.6370000000000005,-3.66,-2.55,-3.85,-3.65,-3.15,-1.45,-4.099,-4.4319999999999995
-0.1,-8.172,-1.96,-6.86,-7.96,-4.2860000000000005,-3.1,-2.21,-4.402,-2.56,-5.54,-1.94,-1.78,-1.92,-5.22,-6.523,0.3,-3.54,0.15,-3.043,-2.82,-5.68,-2.77,-4.8,-1.11,-7.3210000000000015,-0.83,-2.41,-0.667,-2.54,-4.11,-2.523,-3.93,-4.4319999999999995,-2.44,-0.79,-1.17,-1.45,-6.176,-4.06,-3.9989999999999997,-3.45,-7.87,-4.47,-8.6,-2.44,-2.57,-2.33,0.522,-0.9
-4.24,-0.7,-8.23,-6.6370000000000005,-2.35,-3.083,-1.56,-6.57,-5.6129999999999995,-5.6,-1.57,-4.706,-4.23,-1.25,-3.658,-2.56,-1.32,-3.84,-3.27,-3.24,-3.85,-0.31,-2.36,-5.284,-5.3820000000000014,-3.408,-4.21,0.62,-2.3369999999999997,-1.228,-0.8,-1.49,-5.24,-0.29,0.79,-2.12,-1.25,0.38,-5.84,-2.23,-1.989,-2.8310000000000004,-1.87,-7.278,-5.36,-2.56,-2.338,-3.26,-1.08,-3.48
-0.55,-4.8,-4.4,-2.21,-2.676,-3.35,-0.5,-2.34,1.12,-5.16,-3.74,-2.932,-3.09,-0.31,-1.6,-5.08,-3.127,0.46,-1.228,0.51,-3.66,-2.84,0.0,-0.72,-3.85,-4.02,-4.4,0.7,-0.8540000000000001,-0.22,-2.928,-2.68,-0.742,-3.2460000000000004,0.7,0.28,0.7,-3.6639999999999997,-3.15,-2.617,-3.4010000000000002,-1.55,-2.55,-6.98,-0.1,-8.057,-8.71,-4.77,-4.89,0.52
-2.78,-2.78,-5.5070000000000014,-1.29,-2.46,-4.36,-3.51,-1.52,-5.27,-3.18,-4.59,-3.18,-4.805,-0.6,-3.21,-4.0,-3.043,-7.278,-6.62,-2.17,-2.16,-2.273,-4.1,-3.11,-4.74,-7.278,0.38,0.26,-7.42,-5.28,-4.55,-4.06,-2.28,-2.78,-3.9,-6.876,1.11,-2.54,-4.15,-8.01,-3.18,-0.45,-2.03,-1.79,-4.62,-1.08,-4.11,-4.14,-3.93,-3.4930000000000003
-4.6339999999999995,0.29,-0.7,-1.16,-3.324,1.34,-4.16,0.26,-2.843,-4.173,-2.41,-4.43,-2.68,-3.37,-5.64,0.43,-2.54,-3.8,-2.6,-4.36,-1.26,0.48,-8.6,-1.5,0.06,-2.28,-1.55,-2.18,-4.02,-2.16,-3.11,-0.02,-0.29,-3.61,-4.04,-5.292999999999998,-3.27,-0.98,-4.114,-4.5710000000000015,-4.73,-1.66,-5.56,-1.82,-1.63,-1.06,-6.005,0.36,-4.046,-1.01
-0.6,-0.72,-1.4,-4.749,-1.38,-1.78,0.64,-5.7360000000000015,-4.31,-3.67,-2.0,-1.155,-1.93,-2.5180000000000002,-1.4580000000000002,-8.56,-1.8,-3.15,-4.62,-1.48,-3.37,0.106,-1.6,-1.13,-3.4,-4.63,-2.68,-1.96,-2.35,-5.4,-3.04,-2.478,-0.6,-3.12,-1.01,-0.24,-0.72,-11.6,0.6509999999999999,-3.24,-1.97,-4.17,-8.23,-3.6039999999999996,-3.3,0.85,-5.931,-3.59,-4.09,-2.49
-3.77,-2.51,-2.78,-0.8540000000000001,-2.338,-3.21,-1.14,-5.284,-0.44,-1.62,-4.55,-4.328,-5.2589999999999995,-1.96,-0.85,-1.79,-4.28,-3.11,-3.18,-4.8,-1.84,-6.005,-4.7,-1.34,-4.24,-4.173,-2.404,-0.82,-0.85,-5.3820000000000014,1.1,-4.4,-0.364,-5.292999999999998,-2.696,-1.886,-2.05,-2.13,0.46,-6.9,-2.218,0.0,-2.39,-4.328,-4.47,-3.14,-7.42,0.51,-1.45,-2.35
-6.57,-3.39,-1.19,-0.71,-1.32,-3.24,-3.61,-3.6719999999999997,-4.48,-0.46,-3.46,-1.06,-4.81,-0.19,-2.878,-0.73,-3.17,-2.478,-5.89,0.61,-3.324,-4.11,-5.24,-0.6,-7.39,-0.96,-2.46,-2.77,-1.36,-1.66,-5.66,-2.925,-5.72,-0.46,-4.31,-2.67,-1.71,-3.9989999999999997,-4.76,-1.95,-4.8,-4.21,-3.01,-4.64,-1.57,-2.74,-1.28,-5.08,-6.57,-1.92
-0.22,-7.39,0.38,-2.36,-1.82,-5.27,-4.593999999999999,-3.59,-1.7,-2.696,-0.98,-2.36,-1.85,-1.8,-6.124,-1.4880000000000002,-2.64,-3.35,-4.31,-0.7,-3.1,-0.63,-0.43,-6.89,-4.43,-0.22,-8.176,-3.76,-5.67,-7.28,-3.26,0.94,-2.39,-0.364,-4.706,-2.077,0.96,-3.61,-8.94,-2.64,-1.68,-4.07,-2.647,-3.4010000000000002,1.1,-2.58,-3.85,-1.92,-1.96,-4.14
-2.696,-3.127,-1.49,-3.38,-4.65,0.62,-1.6,-2.21,-4.29,-1.06,-1.78,-2.766,-2.73,-4.6339999999999995,-2.68,-1.5,-0.77,-4.14,0.76,-2.38,0.32,-4.6,-8.49,-1.48,-2.67,0.62,-2.89,-5.7360000000000015,0.51,-1.24,-1.11,-1.4,-5.6129999999999995,-2.67,-1.74,-6.39,-3.59,-4.65,-2.64,-2.08,-3.31,-1.899,-2.21,-3.73,-4.4,-6.317,-1.68,-4.8,-1.52,-1.36
-0.8,-1.34,-2.58,-1.9,-1.9,-3.48,-3.96,0.81,-0.47,-3.27,-4.57,-2.6,-3.43,0.48,-0.31,-4.63,-3.66,-8.56,-2.55,-2.16,-0.6,-3.4,0.35,-3.6719999999999997,-1.85,-5.43,-4.57,-1.62,-1.0,-4.862,-2.55,-4.31,-2.03,-2.09,-3.1,-1.71,-7.42,-5.03,-0.36,-3.4989999999999997,-2.168,-8.402000000000001,-0.66,-3.685,-4.04,-5.16,-1.456,-4.749,-1.77,-5.915
-3.4,-3.8,-1.99,-3.5860000000000003,-4.0,-0.62,-3.3,-3.928,-4.3,-4.907,-1.94,-1.56,-4.88,-1.4,-0.72,-3.63,-1.6,-3.6719999999999997,-1.52,-6.29,0.26,-1.52,-2.523,-2.647,-7.21,-5.24,-4.47,-6.01,0.522,1.07,-5.26,-2.25,-3.05,-0.7,-1.72,-3.43,-3.21,-1.6,-4.77,-8.003,-2.266,-3.6719999999999997,-3.1710000000000003,-2.58,-6.8,-1.96,-2.21,-2.51,-7.01,-2.59
-3.37,-3.01,-3.19,-2.82,-2.658,-3.31,-0.92,-4.23,-8.176,-5.26,-3.54,-3.9989999999999997,-6.47,-0.71,-2.55,-7.92,-2.7,-0.4,-3.12,1.1,-2.56,-0.7,-4.02,-3.18,-3.924,-0.7,-2.21,-4.29,-4.5760000000000005,-6.62,-5.282,-3.77,-4.04,-2.281,-1.26,-6.35,-1.99,-1.68,-2.57,-2.33,-4.57,-3.61,0.43,-6.57,-1.25,-2.21,0.57,-6.2,-0.92,-0.85
-2.863,-1.614,-0.41,-4.12,-3.48,-5.915,-2.676,-2.41,-1.16,-3.14,-3.62,-2.09,-0.04,-7.2,-8.003,-3.29,0.106,-2.05,-6.08,-2.356,-6.35,0.62,-3.81,-3.9989999999999997,-1.077,-3.48,-3.536,-0.364,-0.89,-4.37,-2.322,-1.95,-3.0,-2.33,-0.85,-0.59,-4.55,-2.77,-1.34,-2.09,-1.899,-4.16,-8.0,-2.843,-3.84,-7.87,-4.08,-1.83,0.06,-2.39
-3.45,-4.47,-3.66,-1.52,-3.12,-0.96,-5.886,0.15,-0.43,-1.78,-2.03,-2.22,-3.36,-2.12,-1.99,-2.41,-2.16,-5.115,-5.36,-2.084,-8.003,-1.1,-3.5039999999999996,-1.6,-4.0,-8.402000000000001,-0.36,-6.39,-1.506,-2.42,-1.64,-5.233,-3.094,-0.8,-5.66,0.79,-9.332,-4.57,0.61,-5.35,-3.18,-0.6,-0.985,-1.8769999999999998,-7.82,-3.638,-2.82,-4.88,-0.7,-1.74
-0.22,-5.21,-3.685,-4.06,-1.52,0.15,-5.915,-8.017000000000001,-3.37,-3.324,-1.14,0.79,-3.38,-0.72,-1.79,-0.46,-0.85,-2.21,-6.124,0.7,-2.22,-1.73,-6.144,-3.8930000000000002,-1.26,-5.24,-4.72,-3.96,0.62,-2.253,-1.06,-3.03,-5.89,-1.03,0.51,-4.9,-3.27,-3.59,-2.39,-3.18,0.6509999999999999,-1.96,-4.4319999999999995,-0.85,-4.4110000000000005,-4.64,-4.047,-7.02,-2.523,-0.78
-4.883,-1.54,-3.924,-1.077,-0.5,-1.91,-3.26,-3.81,-1.99,-3.46,-3.54,0.32,-0.62,-5.4,-0.22,-2.67,-3.2460000000000004,-3.81,-1.73,-1.807,-5.05,-3.14,-3.76,-3.26,-2.46,-5.7520000000000024,-1.36,-1.06,-5.153,-2.15,-1.08,-3.61,-3.35,1.1440000000000001,-5.72,-4.194,-2.51,-1.3,-0.78,-0.96,0.11,-7.85,-0.14,-1.74,0.1,-2.436,-1.3,-6.96,-2.46,0.6509999999999999
-2.73,-2.21,-6.0,-1.64,-4.4,-2.35,-4.45,-4.15,-3.38,-3.26,-2.404,-5.6129999999999995,-1.8769999999999998,0.1,-1.827,-1.3,-3.13,-4.755,-3.59,-3.45,-4.0969999999999995,0.81,-0.44,-4.92,-4.8,-0.62,-3.083,-4.74,-3.685,-6.59,-3.38,-2.78,-3.1,-2.37,-2.148,-2.58,-1.7,-2.34,-1.4,-2.24,-1.16,-1.32,-9.15,-5.115,-3.19,-4.4319999999999995,-1.55,-2.86,-8.699,-1.99
-1.75,-4.43,-2.17,-1.74,-3.043,-1.01,-5.67,-3.2,-2.17,-3.5,-4.11,-5.4,-0.99,-4.735,-2.55,-2.593,-5.27,-1.01,-5.27,0.52,-4.4,-4.0,-2.0,-5.28,-1.97,-1.37,1.58,-2.676,-1.47,-2.484,-0.85,-4.42,-3.76,-2.452,-5.292999999999998,-0.9,-2.09,-6.523,-3.08,-2.4,-1.06,-2.05,-3.27,-4.88,-2.37,-3.18,-2.218,-2.35,-7.21,-3.8
-3.8169999999999997,-5.84,-1.11,-0.02,-2.6919999999999997,-0.47,-1.94,-2.296,-1.98,-1.81,-2.016,-3.22,-1.14,-1.77,-6.35,-0.19,-3.7960000000000003,-3.04,-3.5039999999999996,-2.9,-1.22,-3.8960000000000004,-2.29,-4.749,-3.9530000000000003,-2.59,-0.74,-4.36,-4.805,1.1,-1.17,-2.39,-0.83,-8.4,-3.46,-4.4,-3.0210000000000004,-4.54,-5.22,-1.11,-2.404,-2.468,-4.8,-3.67,-1.64,-0.98,-2.16,-3.48,-5.64,0.57
-1.85,-0.17,-1.64,-1.16,-1.78,-5.16,-1.5,-6.005,-1.8030000000000002,-2.16,-2.94,-8.6,-0.466,-1.72,-3.38,-2.22,-1.995,-2.64,-2.67,-1.92,-4.314,-1.19,-2.33,-1.077,-1.7,-4.37,-1.4880000000000002,-3.27,-2.16,-6.01,0.32,-4.14,-2.96,0.32,-2.41,-4.5760000000000005,-1.64,-3.083,-1.52,-3.59,-1.7080000000000002,-2.33,-1.99,-5.6,-4.755,-4.06,0.48,-4.89,-6.08,-0.972
-3.091,-2.93,-6.96,1.02,-7.28,-6.62,-4.955,-2.32,0.07,-4.9,-2.37,-1.3,-1.16,-3.27,-4.36,-1.64,-1.46,-1.989,-1.94,-2.168,-2.34,-3.39,0.58,-6.78,-2.54,-1.96,-6.307,-1.8030000000000002,-1.36,-5.67,-5.5070000000000014,-3.48,-1.8,-1.8,-2.928,-3.27,-1.93,-0.96,-3.27,-3.927,-2.34,-4.046,-2.59,-2.6,-2.54,-1.3,-1.94,-3.35,-4.207,-6.96
-1.33,-0.4,-7.96,-1.04,-0.83,-9.15,-4.69,-5.24,-6.2,-3.85,-3.24,-4.5710000000000015,-3.93,-6.86,-5.05,-8.49,-1.96,-6.25,-6.307,-4.345,-1.45,-2.46,-2.23,-8.23,-3.12,-1.6,-1.155,-3.63,-0.62,-4.114,-0.79,-2.74,-3.54,0.715,-4.445,-4.314,0.49,-0.95,-3.93,-0.72,0.15,-6.78,-0.92,-2.37,-3.76,-3.082,-6.62,-11.6,-3.5380000000000003,-2.42
0.15,-3.04,-4.47,-3.2,-2.09,-4.678,-4.678,-4.54,-3.09,-1.077,-0.31,-4.89,-3.27,-4.35,-5.115,-0.49,-3.35,-0.46,-4.14,-0.83,-8.94,-4.56,-1.47,1.02,-0.8,-1.98,-3.05,-1.6,-4.06,0.7,-4.12,-1.52,-2.0,-2.0,-4.73,-3.84,-1.64,-1.89,-2.8,0.46,-2.148,-3.96,-3.38,-8.01,-6.2,1.1440000000000001,-2.461,-4.402,-1.52,0.0
-1.34,-1.81,-1.0,-1.506,-8.4,-5.26,-3.38,0.7,-5.53,-2.3369999999999997,-3.65,-1.96,-4.12,-2.86,-2.78,-5.03,-0.74,-1.899,-3.62,-3.35,-7.28,-3.38,-2.33,-1.228,-5.6129999999999995,-1.655,-3.5039999999999996,-1.886,-0.59,0.26,-2.23,-2.596,-0.62,-4.88,-1.34,-4.74,-6.57,-0.71,-1.03,-5.4,-3.15,-0.36,-5.66,-0.47,-0.41,-2.46,0.15,-3.4930000000000003,-3.082,-1.4580000000000002
-6.02,-4.15,-0.1,-5.84,-3.59,-1.19,-2.29,-3.168,-3.3,-5.03,-2.29,-3.27,-3.7,-3.77,-0.82,-6.2,-1.66,-4.8,-2.98,-0.667,-3.01,-3.7960000000000003,-4.07,-2.64,-1.74,-0.83,-3.67,-0.41,-4.8,-2.9,-6.57,0.36,-7.92,-5.43,-4.8,-0.85,-1.655,-2.39,-3.06,-1.22,-4.56,-1.29,-5.53,-2.863,-1.8,-3.0210000000000004,-7.21,-3.0,-0.244,-3.35
-4.955,-5.19,-6.144,-2.6,-2.68,-5.666,-1.99,-4.64,-1.01,0.35,-1.85,-3.1,-3.1710000000000003,-0.83,-3.127,-0.41,-2.08,-1.03,-1.71,-2.36,-1.56,-1.09,-1.99,-7.92,-2.18,-9.15,-0.29,-2.81,-5.27,-3.27,-8.0,-0.36,-2.89,-3.08,-3.536,-2.55,-3.11,-2.863,-1.75,-2.58,-2.55,-0.624,-5.28,-3.083,-0.092,-1.9469999999999998,-8.6,-4.871,-0.01,-2.13
-6.144,-2.9,-1.38,-0.78,-4.445,-1.3,-3.14,-1.75,-1.96,-2.73,-4.12,-2.28,-2.28,-1.99,-1.01,-3.11,0.26,-2.34,-1.77,-2.8,-2.06,-7.85,-3.55,-2.36,-3.6639999999999997,-1.82,-3.61,-3.04,-0.36,-2.24,-0.092,-2.593,-4.42,-1.228,-4.5,-3.12,-4.328,-2.32,-6.14,1.09,-4.45,-1.52,-2.21,-0.77,-2.58,-3.09,-9.16,-7.28,-5.17,-3.55
-4.06,-4.45,-0.78,-2.82,-2.461,-2.39,-2.676,-5.03,-4.64,-4.43,-3.15,-1.13,-2.22,-5.65,-2.25,-3.03,-5.47,-0.4,-3.48,-0.85,-5.46,-1.8,-2.21,-3.2,-1.77,-3.68,-3.21,0.0,-5.284,-4.62,-0.92,-2.86,-1.48,-1.55,-3.931,-6.09,-2.59,-4.2860000000000005,-5.115,-3.21,-1.56,-2.89,-5.51,-4.1,-7.25,-0.19,-4.1,-8.23,-1.24,-2.44
-8.23,-0.22,-1.13,-2.94,0.522,-2.42,-5.47,-0.03,-4.0969999999999995,-4.376,-2.92,-4.8,-8.01,-8.01,-7.68,-0.74,-3.6039999999999996,-4.88,-2.19,-2.43,-4.63,-2.1109999999999998,-8.94,1.57,-1.36,-1.55,-8.0,-2.766,-0.12,-5.84,-4.345,-4.21,-1.94,-1.04,-1.09,-2.89,-5.666,-1.17,-2.17,-8.71,-4.593999999999999,-1.66,-2.42,0.009000000000000001,-5.47,-5.67,-1.8030000000000002,-1.7,-3.17,-8.94
-0.667,-0.45,-0.17,-1.7,0.07,-3.06,-4.23,-6.09,-8.402000000000001,-2.82,-1.139,-4.046,-6.96,-6.301,-2.1,-4.63,-3.37,-0.244,-3.42,-1.22,-1.32,-1.74,-5.27,-4.57,-5.4,-1.72,-2.016,-2.54,-3.6639999999999997,-3.27,-4.678,-3.11,-1.9809999999999999,-0.22,-2.64,-2.6,-0.24,-0.82,-4.553999999999999,-1.3,-0.985,-4.14,-2.3369999999999997,-4.0,-1.17,-4.9,-6.86,-4.57,-0.6,-0.79
-4.6,-4.53,-0.63,-4.69,-2.29,-2.06,-3.88,-4.735,-3.08,-4.43,-4.31,-1.03,-4.5710000000000015,-0.85,-4.7989999999999995,-2.78,-5.24,-1.21,-4.873,-3.59,-5.19,-0.18,-2.24,-3.31,-2.29,-3.68,-1.95,-3.77,-3.0,-4.09,-0.667,-3.127,-3.04,-2.016,-5.19,-2.596,-0.22,-5.37,-1.6,-6.96,-1.456,-2.94,-5.72,-2.22,-0.85,-0.8,0.106,-4.0,-3.4989999999999997,0.79
-5.2589999999999995,-4.86,-0.88,-1.25,-0.62,-7.28,-2.523,-6.96,-5.88,-5.915,-4.06,-6.35,-1.33,0.0,-0.4,-2.64,-3.952,-0.8,-3.08,-3.03,-2.21,-3.27,-5.36,-3.168,-2.82,-1.96,-4.26,-4.44,-3.7,-4.55,-4.57,-2.48,-3.2460000000000004,0.76,-3.658,-6.96,-4.54,-5.7360000000000015,-3.1710000000000003,-5.184,-2.64,-2.73,1.12,-4.14,-0.59,-5.0,-3.12,-2.09,0.43,-3.8
-2.68,-5.666,-4.72,-3.8,-4.24,-2.09,1.58,-4.81,-5.24,0.11,-0.742,-1.09,-1.077,-1.74,-0.02,-1.77,-6.57,0.11,-1.506,-2.41,-2.36,-0.24,0.36,-2.09,-1.73,-2.369,-1.01,-2.24,-0.092,-2.9819999999999998,-1.19,-4.71,0.26,-2.48,-2.46,-2.6919999999999997,-1.34,-1.85,-2.82,-2.17,-1.08,1.57,-2.54,0.48,-0.22,-3.4,-0.47,-1.995,-9.15,-4.62
-2.593,-2.05,-5.67,-5.37,-0.96,-6.08,0.11,-4.805,0.39,0.43,-8.6,-4.71,-2.12,-1.3,-4.25,-3.88,-0.29,-2.932,-0.4,-1.79,-4.69,-2.41,-2.7,-2.42,-4.29,-7.2,-7.82,-1.8,-3.67,-3.03,-2.64,-1.28,-6.01,-1.01,-2.37,-1.8769999999999998,-3.38,-6.237,-7.96,-3.61,-8.4,-1.34,-0.972,-4.11,-2.33,-1.92,-5.53,-2.73,-6.9,-7.8
-3.028,-2.9819999999999998,-1.614,-2.34,-4.64,-3.583,-0.42,-0.22,-1.995,-0.8,-6.14,-3.67,-3.36,0.36,-6.291,-3.61,-2.8,-2.468,-1.72,-2.63,0.009000000000000001,-1.85,-5.82,0.52,-4.62,-3.81,-1.09,-4.19,-8.49,-1.29,-3.15,-0.6,-1.6,-2.09,-3.59,-2.11,-5.56,-4.53,-2.58,0.58,0.15,-7.43,-4.4,-4.09,-3.08,-3.84,-5.82,-3.08,-4.43,-2.461
