test_pred_0,test_pred_1,test_pred_2,test_pred_3,test_pred_4,test_pred_5,test_pred_6,test_pred_7,test_pred_8,test_pred_9,test_pred_10,test_pred_11,test_pred_12,test_pred_13,test_pred_14,test_pred_15,test_pred_16,test_pred_17,test_pred_18,test_pred_19,test_pred_20,test_pred_21,test_pred_22,test_pred_23,test_pred_24,test_pred_25,test_pred_26,test_pred_27,test_pred_28,test_pred_29,test_pred_30,test_pred_31,test_pred_32,test_pred_33,test_pred_34,test_pred_35,test_pred_36,test_pred_37,test_pred_38,test_pred_39,test_pred_40,test_pred_41,test_pred_42,test_pred_43,test_pred_44,test_pred_45,test_pred_46,test_pred_47,test_pred_48,test_pred_49
-0.44426948,-3.7160707,-2.349985,-4.3981743,-1.5113614,-0.38099098,-2.5179136,-1.9902198,-4.6072507,-4.2146397,1.597599,-4.592396,-4.344799,-5.0693297,-1.1745533,-0.14428222,-2.623677,-6.4688296,-3.8759751,-6.373499,-3.4309773,1.5112331,-6.600876,2.733975,-3.9348855,-3.1591566,-20.834633,-3.0760615,-1.5327272,-4.4101505,-3.1388478,-2.4896734,-6.342578,-4.5998726,-6.3015523,-7.5937614,-2.3627613,-4.3960967,-4.271869,-0.093248844,2.686161,2.776624,0.9391444,-5.599255,-3.7625694,-7.625326,-2.8542926,1.4179914,-3.6332326,1.6226356
-3.506577,-2.695688,-0.30684125,-3.0596058,-4.8655086,-5.7242055,-1.3108948,2.3866625,1.1344707,-2.8323612,-3.195967,-4.2303457,-6.1948195,0.5219574,-4.6229215,-5.2867045,-4.341596,-0.32972604,-1.2221836,-8.408217,0.28479522,-5.9319243,-6.457619,-9.443866,-4.291704,-3.6698513,-4.995338,-1.4890736,-4.415399,-2.8690696,-0.9910563,-5.4604945,-4.2760596,-10.182074,-4.240871,-3.9120536,-3.006903,-1.7100527,-3.6362,-0.79671896,-7.056212,-0.83100665,-5.0455465,-2.1309876,-3.6623683,-5.306699,-1.3543673,-3.895515,-6.500325,-0.042212963
-9.871323,-4.1124167,-1.7877169,-6.333074,-3.5190578,-0.43237138,-2.5656805,-3.254538,-4.4104896,-3.373755,-6.018302,-3.6724315,1.7221397,0.5865633,-3.0682786,-15.151269,-3.163102,0.9781002,-2.9264812,-2.6763613,-4.56257,-2.6192293,-0.3554312,-8.213061,-0.9146701,2.7371688,-7.2076135,-1.1513001,-3.1113713,-5.103037,-3.227023,-15.874899,1.0022563,-3.4595144,-0.014485002,-3.861843,-4.323776,-7.8181124,-6.4879546,-4.512502,-2.9489577,0.8644806,-5.4145627,-6.295292,-3.814746,0.34346706,-2.5417814,-11.36268,-9.237674,-12.247882
-5.2209854,-6.1726465,-1.826158,-9.126679,-0.18079919,-8.148629,-8.4340105,0.5896748,-5.8531103,-6.3970356,-3.9521365,0.11064157,-3.0309675,-1.6644704,-6.350024,1.4440831,0.4277355,2.8340547,0.6164195,-10.228908,-0.6803175,-3.54346,-4.9918985,-3.7894955,-0.24188733,-2.1871817,-10.185073,-6.333094,2.4067497,-4.6251936,-7.458933,-5.1544495,-0.42892784,-9.084956,-6.8755946,0.98356164,-17.444735,-4.5164256,-8.688685,-0.42947423,-0.6660501,-4.757239,-1.8423393,-3.687811,-0.76919293,-4.489641,-4.502276,-3.853712,-2.6232147,-0.9538541
-8.558111,-6.2262936,-7.4073386,1.1254692,0.13399667,-2.3384838,-8.483906,-9.173037,-1.9351141,0.4564074,-6.1630015,-6.252362,-1.1882304,-12.130434,-1.6689119,-1.6930668,1.3452637,-6.9425044,-16.624836,2.2407064,-2.477154,-2.8991156,-3.4704328,-6.839757,-16.685942,-1.3971225,-0.26654506,-2.759425,-3.8882856,-4.5250697,-3.8765764,-2.5950863,-1.4566188,-2.6647449,-3.7117925,-5.5539956,-3.5396695,-3.591591,-4.8531356,-7.590274,-6.387315,-1.0209472,-4.099427,-3.07881,2.1729493,-3.0949242,-6.0660424,-3.7472425,-3.8584976,-9.91387
-1.3372222,-9.053633,-3.3127725,-3.1913855,-0.31257892,-1.0594876,-2.3658555,2.4085517,-4.725514,-3.382939,0.45341974,-2.8845923,-2.344907,-3.4539452,0.2709781,-0.8785435,-3.4816232,-6.132689,-0.030729532,-5.33932,-3.0175455,-7.543584,-6.9844656,-4.2215395,-4.0345106,2.846871,-0.85984373,-3.3921204,-3.5831447,-4.6487074,2.7396648,-7.895666,-2.6033463,-0.68876195,0.07208553,-12.162272,-6.3555593,-7.306686,0.28225034,2.742648,-3.3574524,-4.6013536,-1.26298,1.7192312,0.08124873,-0.06609273,-1.5445821,-5.242918,-5.6390877,-1.3497906
-3.6241298,-5.7543535,-2.0769036,1.4524504,-6.9641514,-4.0958953,-0.17244208,-11.985052,-2.4840376,-5.0086646,-3.0017664,-6.2462206,-4.322763,-16.821735,-1.0383205,-2.4097998,-5.925123,-0.9047066,-2.9937842,-8.515344,2.8075707,-4.0107484,-3.840456,-0.013462722,-4.157492,-5.1627965,2.9143429,-2.3342416,-6.9223704,-1.5514262,-3.8773508,-8.611518,-6.0603814,-2.648463,-1.0821526,-6.3975472,-0.47153687,-3.17754,-8.968901,-5.389124,-7.4076915,-8.728883,-3.1158295,-2.6204512,-0.5481626,-8.226642,-6.8939457,2.8789983,-3.6133747,-0.49091488
-4.870023,-0.10225594,-8.217118,-0.42893004,-1.696156,3.039517,-3.7008228,-2.8371918,0.49689034,-1.2371479,-10.483747,-1.3191912,2.040533,-2.7971253,-7.0091953,-3.670083,-7.2463527,-1.967269,-8.774681,-6.8569813,-6.9375224,-4.2986817,-2.385215,2.1593883,-2.9787104,-4.9390516,-14.080436,0.79968387,-4.555373,-1.1643522,-14.230088,-2.6307192,-1.5989356,2.0374854,3.2573776,-16.692297,-2.523708,-2.704811,-2.3945594,-6.3896127,-4.362355,-3.3341656,-10.200734,-1.935797,-5.3652534,2.7763815,-4.251392,1.6417108,-2.8738744,0.4048232
-5.559536,3.492206,-6.211871,-20.628191,0.24771821,0.8948724,-5.624345,-2.8215144,-4.3236437,-0.7667297,-2.9017906,-3.89752,-5.892571,-6.97621,0.6581515,-7.39933,-1.690552,-7.8017063,-4.1206,-2.87446,-0.49357176,-4.497214,-6.734914,-4.3713746,-2.676374,-4.073048,0.18258539,2.1262236,-4.1557517,0.12259716,1.1916625,-2.8438761,-8.588863,3.2837443,1.5048597,-5.3761315,2.8160431,-6.253098,-2.3428373,-4.1849113,-3.5298991,-9.926652,-6.163397,-6.3287725,0.1442061,-4.311733,-5.2945576,0.87389696,-2.8890676,-5.130626
-5.993435,-0.4701466,-7.6634407,-1.5879166,2.647475,-3.199063,0.77555037,-5.9815936,-4.079186,-2.8800883,-7.224117,-8.143404,-0.41129404,-6.6812186,-3.3378038,-7.678382,-1.1872615,-4.861805,-0.12503332,-5.5573373,-9.835342,1.8519499,-4.1998405,-0.27120936,-3.4220016,-3.6050782,-4.4880285,-0.9067795,-3.2162395,-2.284563,-3.6605601,-3.9192643,-1.4986367,-7.562458,-2.2853653,-1.6794136,-2.9532444,0.6066661,-9.697296,2.664566,-2.8424423,-2.8649945,-1.9080069,-2.4991455,-3.5620608,-2.754901,-1.5168829,-2.7010918,-2.1141794,-1.7637172
-0.7801981,-1.6837683,-6.43658,-8.962551,-5.5974307,-3.8283744,-3.46612,0.69137055,-5.8178096,-4.2730236,3.0731337,-4.2835474,-0.6499709,0.7950294,-8.104764,-2.2420127,-3.8902106,-6.300126,-3.2952662,-2.6891665,-2.5848567,-4.3103538,-5.2451034,0.95605963,-5.984917,-2.9156227,0.6790022,0.13027695,-6.153429,-6.893069,-2.2674868,2.104602,-1.4254712,-6.4028277,-2.4497797,-7.2839694,0.92892724,-0.54297554,-4.487265,-7.4566774,0.8978987,-4.3690014,-1.878833,-4.2291517,-4.255377,-3.074817,-4.6995254,-4.613934,-6.6536636,-8.389398
-1.7699261,-4.9184523,-4.0409603,-0.8035759,-4.2169943,0.072539,-2.9550288,-4.663636,-4.285705,-0.57665694,-1.3758935,-6.551651,0.7694293,-0.57800376,-0.9044858,-6.122236,-5.4910264,-5.1121407,-6.1336718,-4.2005596,-1.0601842,-4.4462986,-4.3209248,2.8878427,-5.8595657,-4.523548,-9.832582,-5.654077,-5.3916216,-4.450674,1.882485,-0.692911,-5.7580905,0.4126009,-2.5934668,0.8007382,-1.2056125,-6.0597696,-5.8112016,-3.4954865,-7.9277954,-2.4157336,-2.5719666,-1.3800708,-4.1713114,-2.3268266,-3.7928567,1.8536144,0.28884453,-1.3924321
-9.892449,-3.209204,-0.44034094,-7.2144237,-1.7858622,-8.366198,2.233612,2.714899,-5.6898046,1.2761841,-0.71337724,0.85000855,3.0545578,-9.869276,-0.35242128,0.7029519,-5.6871896,-7.4957666,-12.128722,-6.126954,-4.3699994,-3.707467,-2.725266,-9.597063,-5.156649,-11.240206,-0.99679124,1.7561059,-1.0844187,-2.9771352,-4.3606467,-3.3002903,-8.522944,-2.2109869,-6.430986,-12.86288,-9.432065,-4.7529836,-5.443064,-11.9155855,1.6663966,-2.8279655,-1.8596928,-2.5098646,-6.592679,-4.39492,-4.8277225,-7.748907,-1.5146766,-4.251554
0.6132992,-8.802486,-5.944174,-0.54025424,-6.0450363,-4.258509,-7.3072977,-11.848939,0.9384588,-4.6521034,0.69669044,-4.9985027,-16.582788,-4.112769,-7.3015227,-2.3942637,-7.195901,-6.552782,-4.832253,-4.2006855,-5.748018,-5.831075,-4.3440123,-5.206822,-3.2903519,-16.385426,-1.8344674,-0.6829872,-5.0149403,-1.3765037,1.926795,-4.955546,-5.950364,-3.4766362,-4.685974,-6.082684,-3.5091877,-8.949271,-2.7070656,-1.9655931,1.7615337,0.3499924,-5.136151,0.87632716,-2.438129,-8.205558,-4.229251,-3.846881,-0.44219005,-1.5350223
-0.0986743,-0.4664507,-2.95724,-4.6153464,-4.3444333,-5.1521406,-6.1902256,-9.473729,-4.086981,-0.63610625,-1.224836,-5.319608,-4.1847696,-12.307069,2.0613084,-9.153233,1.878381,-3.3961513,-6.1289606,-1.474954,-4.559574,-2.4275486,-3.9303617,-4.2794056,-4.240891,-7.025092,-2.82759,-4.5589986,-4.139557,-2.5660737,-8.670482,2.6627367,-4.0742106,0.48482713,0.78605294,-3.4740171,0.3668786,-0.3613063,-3.3265448,-4.04362,-4.050918,-2.927914,-1.4150746,-8.861177,-4.5517974,-5.585444,2.9108052,-0.038012683,-5.5001483,-4.5840435
-3.12374,-22.408224,-0.13992637,-2.3673136,-6.1329484,-0.6401738,-7.6545773,-2.818946,0.24574515,-9.261446,0.6792153,-3.37141,-5.3899035,-2.7634602,-3.1108735,-7.0508327,-3.8707657,-3.8544617,-8.365882,-4.5669765,-8.990655,-4.8351874,-0.2866804,-0.717662,-2.30648,-8.669184,-5.961895,-3.634881,-0.64867556,-7.7640305,-4.4958863,-3.0256164,-8.164673,-4.296953,-5.62361,-5.7093196,-2.994385,0.67442274,-2.2771144,1.3019892,-3.0509477,-7.040471,-9.3123045,-4.7050467,0.67423975,-2.8758843,-5.3318644,1.5967342,-6.1139917,2.2677665
-2.0734348,0.059186757,-2.459772,-5.463299,-5.1126804,-0.7781137,-4.0541353,-9.453498,-3.2813365,-4.9665403,-6.4107795,-6.4523144,-9.253473,-3.0562687,-2.1254134,-4.1477456,-6.591589,2.9390337,-15.370095,-5.34846,-2.3591726,-4.8163795,-4.073614,0.12216154,-1.9860253,-5.560599,-1.3218691,-0.96111894,-8.5210905,-3.6613483,0.70809865,-0.66903925,-9.064643,-2.9677331,-4.6317296,-2.8855376,-0.13696355,-7.2597675,1.3245045,-3.6474357,-0.9347327,1.1223395,-3.9128952,-1.3662219,-5.051591,-6.6117144,-9.544093,-7.810234,-8.248647,-4.9407787
-2.6621177,-3.8710852,-5.711676,-4.398439,-10.037335,-6.961988,-3.4337106,-1.2521944,-4.405941,-1.2927848,-7.333368,-1.3109521,-5.9536653,0.8819984,1.5639637,-5.4082217,-0.040207207,-2.3481443,-5.9722886,-4.5891495,-3.3887625,-1.5768688,-1.2325132,-1.07427,-0.24130213,-5.6360536,-1.3633832,-1.2581136,0.021318406,-3.53026,-3.2195673,-1.5455785,-4.1180096,-4.341497,-2.0851283,-8.912646,-2.79293,-3.9492621,0.17081338,-4.7416945,-2.6472836,-2.1882982,-3.630146,-4.583617,-7.878744,-1.561405,-0.27366257,-5.509466,-1.998148,-2.0583587
-8.221978,2.7010531,-7.3985066,1.4193641,-4.0120664,-7.091964,-6.0287333,-3.9223208,-6.010065,-1.2331642,-5.808669,-8.798927,-4.6978087,2.4074435,1.2906265,0.6302955,-6.2682734,-9.81233,0.16869977,-4.9176574,-4.894707,-0.9934002,-0.34188306,1.3618485,0.6503396,-9.500552,-7.685746,-1.490709,-3.4308488,1.4084764,-2.8668523,-2.2212877,-8.226574,-1.3770651,-6.1586537,-1.4902414,0.5639015,-3.5512977,-1.0049368,-1.1763228,-0.9028547,-5.2361355,-2.5503905,-1.3444637,-10.435842,-2.7245207,-0.42829078,-3.1390698,2.6889484,-1.6022565
-1.2651187,-0.60877705,-4.8486557,-0.72200346,-9.201221,-6.2033706,-2.3698115,-2.7280123,0.30330017,-1.5130472,-1.4536625,0.68805593,-6.674192,-1.8677697,0.11512816,-4.483032,0.9050744,-1.3583608,-5.5771203,-10.810885,-4.89756,-7.0968585,-3.5335245,0.53017336,-0.48638064,-2.7841146,0.8233028,-4.1130824,-7.1039195,-4.5983825,-5.1474137,-3.0172253,-3.4990861,-7.2593865,-4.3008523,0.49792537,-8.897753,-1.8376105,-9.829615,-2.4402823,-4.2666035,-1.5257533,0.64799505,0.19153526,-1.4599341,1.2202175,-0.43607306,-0.8649272,-3.5671883,2.9533124
-12.082483,-6.5065136,-10.720713,-0.9263357,-1.1240534,-0.05082071,0.015153527,-11.393563,3.1038604,-4.056528,-5.9452467,-9.241375,-5.247136,-8.289296,-4.254576,-6.6496916,-3.5377502,-4.31377,2.8696098,-7.931509,-0.10327387,2.8991637,-0.8616816,1.5564588,-10.209113,-1.4548317,-6.2843485,-0.8626238,-2.8717194,-0.061997354,-2.3788276,-0.21797097,-5.951877,-6.3622293,-0.45378244,-9.212177,-6.8187094,-5.9062343,-2.637655,-7.0890055,-2.9758985,-4.47537,-3.6012502,-5.7719183,-2.0626626,-7.8554564,-2.2763674,-2.902161,-0.23599118,-5.3578086
-9.627425,-8.163369,-3.757197,-17.635494,-6.832458,-1.2979288,-0.79540515,-8.04371,-10.619761,-1.7930284,-7.3969717,-4.901571,-4.713016,-10.171532,-4.3388853,-6.695577,-4.836842,0.56697047,-4.520345,-5.2483373,-4.5763726,-0.5408641,-7.9409494,-1.9343367,-8.16894,-5.7927938,-2.1591775,-0.63091516,-3.7719626,-4.6008945,-10.344975,0.11172658,-7.201748,-2.3467278,-0.11709583,-2.7808306,-3.3491526,-6.7862926,-2.815805,-2.3671918,-2.7754974,-6.2438655,-3.6162624,-3.7031312,-23.939896,-10.062376,-2.781407,-4.3077073,-4.29039,-9.80898
-3.2671506,-4.4321456,-0.28395128,1.7582294,-3.8671737,-4.564021,-8.197136,-2.0005295,-4.0006185,-4.346605,0.48177642,-4.3977447,-2.2588623,-5.5051804,-2.9468482,-4.2970085,-15.994165,-1.9678285,2.8696098,-7.405468,-6.9155846,-5.4718037,-15.236331,-6.450489,-12.230897,-1.6313581,0.8482814,-7.0797744,-4.1732593,-4.476801,2.2099423,-4.8007154,-0.2929498,-11.750852,-8.16105,1.3324366,-4.132983,-8.30385,-2.04797,-0.9159529,-3.9963756,-3.3277256,-5.2419195,-5.675332,-6.55105,-2.4690711,-0.29558903,-5.938678,-9.726249,-3.784896
0.32227468,-1.1787317,-0.5554918,2.051725,-4.3311214,-4.6290007,-4.665398,-9.012888,-1.5412796,-0.0027825832,-5.2481465,-2.80276,-1.4623519,-6.27555,-11.947327,-3.4468591,-6.6778893,-3.5912633,-5.415871,-6.7883635,-3.046451,-0.9718329,-5.9070106,-4.011576,-5.887568,-4.7320848,0.90244204,-14.995078,-2.3522499,-8.749105,-2.0070121,0.20234853,-4.3128777,-4.1477766,-17.093763,-2.591268,-2.5947013,0.013810724,-4.563689,-3.709795,-4.61933,-3.6141334,-2.6432276,-0.13148737,-2.55985,-5.4586935,-0.5981902,-4.423369,-1.4901296,-0.5308292
-6.24675,-9.344669,-7.298089,-7.33761,-2.4363625,-7.9938173,-4.425572,0.84128284,-7.8357143,3.0152385,-7.7109003,-2.886197,-4.403722,-6.2412696,-3.927775,-5.209603,-5.9058113,-3.8201718,-3.1885116,-6.2640676,-17.876295,-6.93488,-4.1019096,-8.872024,-4.1027994,-1.6702044,-4.214758,-3.0231524,-7.57773,-4.566849,1.0971038,-5.2333484,-5.6256127,-2.8723402,-4.481662,-5.436678,-3.0493717,-6.785113,-2.5785127,-10.232675,1.4546669,-6.387614,-8.157572,-7.0596805,-0.5481626,-1.1415968,2.3953161,-6.9605913,-8.4022875,-7.6466208
0.2204586,0.81658375,2.946065,1.1899862,-6.3759813,-2.5390952,0.032373756,-3.860064,1.3743186,-7.41395,-11.10448,-1.6085515,-3.2790935,-4.8231506,-6.11444,-3.7334828,-6.0304027,-3.52275,-6.2249484,-4.8069444,-6.125545,-3.3739367,-10.208058,-4.5654397,-10.373824,-3.3522089,0.85390615,-3.5455785,-0.5789567,0.317361,-6.0033574,-3.000012,-3.2898436,-9.049035,-3.7150917,-2.3696957,-5.575881,-1.8462625,-5.0478063,-4.0615635,-3.081604,-0.8332385,-6.7752147,1.1467888,-7.160029,-1.38775,-12.478967,-2.402856,-2.4097137,-4.5734696
-5.6583886,-3.078828,-0.32555062,-7.2326784,2.333612,0.49374443,-16.09979,-3.5611892,-8.056983,-2.063512,-3.7709718,-7.4452477,-1.561415,-2.382013,-8.403906,0.3415138,-1.3244257,2.4533067,-3.6915226,0.35454994,-4.008084,-0.3756137,-1.3689036,-1.2473687,-0.8490474,-3.0711792,-2.796043,-9.620118,-4.9974875,2.568393,-0.1942383,-4.355398,-9.098059,-1.3182349,-4.568053,-0.8911221,-14.6468315,-5.996066,-2.550114,-5.8651633,0.07107636,-6.1353755,-0.7305964,-3.0476718,-4.504278,-1.9896734,-4.383653,-8.366926,-8.502772,-0.4239267
-1.1164614,-1.2273644,-4.0217695,-5.2236443,-15.8317585,-7.043673,-2.519122,-1.8926084,-0.67483056,-4.058037,-2.474806,-1.9397509,-6.892675,-3.545247,-3.90103,-3.93925,-3.730657,-6.905343,-4.9309607,-4.325599,-3.3008409,-5.984197,2.910573,-3.2272308,-2.3346484,-3.5716724,-4.0582814,-0.6583955,-7.440807,-2.6003678,-2.9841154,-9.442511,-6.977151,0.66475236,-3.4325697,-5.9881296,1.4662039,-2.5101027,-6.1506195,1.7995343,-5.8636317,-12.644632,-0.24504972,-6.046891,-6.103031,-1.0506257,-1.4305439,-1.4102247,0.5788349,-3.1650548
-9.811397,-5.144379,-9.450267,-5.314442,-2.0519478,2.3192987,-3.6838837,-3.0655122,-4.6041784,0.61172044,-6.7113304,0.18293837,-0.31824356,-2.3607376,-16.619938,-2.8116431,-2.34673,-2.4226775,-0.49788797,-8.647106,-4.07419,-4.5895376,-4.576788,-3.170057,2.5247605,-4.810704,-4.6911755,-10.147998,-0.16577339,1.1859375,0.9148222,-1.784589,1.4696634,-2.9995668,-4.976847,2.6651073,-4.3997674,1.1184952,-1.3712211,-5.2196074,-2.9640393,3.0541003,-2.9408011,-12.495184,-4.21311,-6.8310676,-4.066501,2.5782394,-2.9713266,0.83219457
0.5112576,-2.4499795,-2.1763082,2.5800757,-4.0023036,-5.778211,-4.2070594,-6.2098784,-2.032609,-4.2737327,-3.8737807,-1.2799455,-0.6657264,-0.9476255,0.24370116,-4.0506926,-0.52728295,-2.8528585,-4.894676,-6.932154,-4.440823,-1.8872633,-13.987687,-4.6109004,-7.422546,-6.0449505,-5.9188623,-1.290831,-3.497376,-9.7159,-3.603262,-2.7630591,-5.593609,-9.459605,-7.2155623,-3.887178,-5.2559066,-7.79097,-2.2128088,-3.2156348,-1.7716687,-8.307391,-4.2353044,-4.7623363,-0.370566,-12.915849,-2.6146014,1.4031336,-3.9416385,-6.4031343
0.14567554,-6.2496986,-5.6352544,0.97408956,-3.510168,-1.254971,-1.8029764,-10.498881,-3.5904222,-10.064025,-15.27634,-7.294127,-7.046874,-2.9027297,-3.9704013,-2.6924052,-7.210236,-16.35222,-2.8559568,-4.1453795,2.0397816,2.7950256,-6.5951834,-4.010776,-1.4780867,-7.4533515,-7.765814,-6.2530084,-0.109072566,-5.9113884,-5.5553684,2.0389,-3.7959094,-8.823798,-2.8204858,2.8500972,-9.521352,-2.483021,2.8179827,-9.12164,-0.65819824,1.3682371,-4.9843597,-10.394968,-3.7138553,-4.8168516,-5.250867,-1.2129085,-3.5940485,1.4298849
0.64170897,-0.002018571,-4.216625,-3.4044633,-4.4595656,-5.663094,2.494358,-1.6902316,-0.6231841,-2.7908638,-3.7858038,-4.1887603,-0.19528556,-5.4350924,-0.77268434,-0.54978704,-7.4901133,-4.6270165,-3.0696657,-9.960583,-8.2175665,-6.7202997,-2.008882,-4.3719597,-7.6717587,-5.138709,-14.459951,-4.7844324,-6.8867,-10.803655,-0.06679249,-2.2892396,-2.762231,2.9466982,-2.1466465,-8.401013,-4.071346,-2.865119,-6.270886,0.98134184,-3.8040552,-7.583354,-0.3047397,-5.777921,-4.4391804,-2.4360998,-3.9069476,-0.88955283,-4.745944,-9.472144
-0.93703234,-5.4329004,-1.317386,-3.3231018,-7.668687,0.09015435,-1.0515876,0.7022622,-2.3329663,-4.758756,-2.780415,-1.6795661,-0.7508522,-9.019735,-2.8409705,3.0583048,0.047741473,0.3823131,-1.4367162,-2.6925364,-2.5397139,-2.996826,-1.9962802,2.3634346,3.0257447,-3.871879,-4.754866,-3.7516994,-6.87629,-6.0096865,-3.7737637,-4.281389,-3.9540277,-2.7374997,-7.189995,-2.2987382,-2.5021615,1.3612546,-4.461057,1.9754314,-0.60445726,-3.8188543,2.081056,-1.7544429,-1.5825193,-10.367717,-9.006664,-3.556201,-2.5974114,0.17395023
-5.317312,-8.62991,-0.5070274,-10.849276,-0.71535194,-3.0447254,-6.061298,-4.3029656,-3.7856631,-2.8261886,-7.0750337,-3.7805333,-4.1733756,-7.297886,-0.5140358,-1.4732641,-1.7794893,-2.9411871,-3.6157165,-0.6105474,2.6867785,-3.1107183,-3.5345392,-1.7932541,-7.4278264,-3.9521122,-6.698093,-6.272234,-6.974506,-3.4689376,-18.149733,-2.8710086,-0.83480024,-11.123812,2.915252,1.3010616,0.56299216,-7.2797832,2.7398667,-2.0594225,-3.9644194,-4.4649954,-6.451558,-3.9306865,-1.2359204,2.866769,-4.117856,-9.553155,-2.26098,-2.7589025
-6.1626678,-9.344669,-4.379007,-11.311582,-3.9050555,-2.4942102,2.3258271,-4.4122767,-3.6472926,-5.8879995,-6.681969,-0.46230102,-3.644312,2.774199,-9.935935,-8.127312,-5.876127,0.7516148,-2.6624737,-3.0857348,-10.824247,-9.240034,-2.797816,-4.553364,0.9514976,-0.64953053,-10.60032,-9.747612,-11.44462,-2.9402692,1.982679,-0.12578952,-2.7673626,-4.1712046,-2.8309827,-22.621437,-2.8279219,-5.0307455,-8.517264,-8.929331,-2.1982653,-1.3351532,-2.9977105,-9.066853,-2.5888972,1.3127146,-3.9650297,-2.7724564,-6.1134825,-3.784896
-3.137234,-10.090109,-4.4447556,-5.788656,-3.1811826,-8.986116,-3.8092804,-9.552186,-3.6438742,-5.4268503,-4.3702183,-2.2097514,-10.240303,-2.4902065,-7.996213,-3.4074569,-4.4748387,0.36880183,-9.78634,-8.100861,2.5273166,-2.0601358,-4.1447716,-4.2289944,-4.5448046,0.7389797,-4.403265,-3.7556958,-2.8235621,-3.1256294,-6.280687,-3.0519102,-0.6629453,-7.2407165,-1.8481336,-0.45097667,-6.386677,-5.3427663,-4.6588707,0.02001205,-6.0973744,-6.965605,0.9067056,2.69025,-3.2677772,-2.3785286,1.2502769,-21.747328,-1.2274611,-7.5774164
-3.240606,-7.3644333,-8.15665,-3.149464,-3.2767918,-5.726928,-2.5509708,-5.229566,-16.64528,-5.503174,0.97198665,-0.78774667,-0.36300886,0.24576521,0.51565176,-1.1130548,-2.589884,-4.740675,-6.354538,-0.8701949,-0.88905084,-3.9181538,-3.153415,-4.127443,-5.1850214,2.666379,-2.0231354,-1.6222336,-5.2455363,-2.5840578,-3.5555692,-4.997886,-2.7442503,-1.5108852,-3.1996827,-10.036078,-8.786854,-9.762024,2.9627535,-4.4853888,-1.3242882,0.71598375,-1.5132148,-4.440745,0.9385494,-1.1421229,-5.3934574,-5.6017375,-3.066876,-12.534195
2.5433004,-3.5246077,-8.88653,-3.2085474,-3.6488028,-0.14465266,-7.3657703,-0.66562116,-6.682082,-3.0562365,-9.625053,0.8347315,-1.6615813,-2.4453492,1.2473011,-5.6736274,1.4740653,-4.9116983,-5.1797175,-0.44216412,-4.3851237,1.7793791,-6.275929,-0.09322047,-7.5640745,-0.9106492,-5.129883,-4.3779516,-3.8843193,-13.301662,2.6137753,1.1357114,-3.097755,-3.8567638,-4.6787257,-2.4013696,-9.185628,-4.7126446,-7.478932,1.5455518,-3.3047652,-2.1771817,-6.944561,1.0655081,-1.1765509,-7.428488,1.431926,-6.518061,-21.135632,-2.3826125
-1.0183659,-2.104359,-5.762216,-4.7396727,-2.7977064,-3.3994977,-0.28719366,-6.992202,-2.378531,-6.2103405,-4.634404,-2.5763283,-2.8866808,-4.340869,-4.20779,-5.622163,-5.495005,-4.3467655,-3.644125,-1.1168908,2.048551,-5.187384,-5.4340024,2.67454,-2.9704218,-3.3364315,-1.6970263,-1.843035,-0.56588495,0.87071884,-4.3386154,-6.4817224,-9.512018,-4.690964,-5.1178956,-2.7470732,-5.8996053,-0.62028193,-1.2681155,-8.657635,-4.667972,-2.840067,-9.172882,-0.08365661,-3.7114263,-6.060919,-7.323672,-4.104984,-2.649232,-2.776685
-4.3584647,-7.790863,0.4231665,-5.4854255,-5.255748,-5.042534,-2.8890593,-8.232471,-4.714671,1.4685454,-10.923167,-3.9041305,-6.0049396,0.6521053,-0.80695987,-0.54963994,1.632951,-7.3870864,2.7092032,-0.87665915,-1.3092891,-0.6482544,0.8299452,-10.020646,-4.354686,-13.280281,-0.40273416,-4.3094497,-3.763361,2.8274322,-0.5907353,1.9661374,-6.9157195,-1.264681,-4.28547,2.2213311,-4.0636497,-6.056011,-4.4669814,-4.58871,-1.6495376,-6.0062113,-6.4025264,-8.681254,2.9332087,-2.1794958,0.016483903,0.4840112,-4.7195487,-0.7725266
-6.436704,-0.8543587,-7.52503,-0.6713338,-3.6457157,-5.5041475,2.0913196,-8.473968,0.49365017,1.5611838,-0.26789534,1.6358027,-3.0223293,-4.7681518,-3.69412,-2.8626618,-0.6473166,-8.510521,-2.362252,-21.844915,-4.376249,-2.4144738,2.3608682,-3.5788412,-6.4065676,-4.5842557,0.7089877,-3.6619945,-17.202087,-4.5513816,2.3543963,-6.2306447,-7.2230716,-9.43951,-4.6523137,-6.1018844,-2.2361174,-4.081288,-6.720749,-3.373952,-9.597501,-4.639095,-4.727926,-9.749367,-1.825758,-4.218558,-0.44705838,-1.974416,-6.9276586,1.2742367
-0.24060023,0.33609647,-10.150148,-5.501419,-7.2343884,0.8275165,-2.7717464,-15.611282,-3.3541167,-3.9798164,-8.387875,-4.051276,-0.48667902,-6.5806193,-8.358945,-2.5027075,-2.3419685,-15.240601,-5.4098487,-4.2568526,-12.293996,-0.50826037,-4.9227915,-4.5038667,-4.6479545,-8.9678755,-2.3924243,1.3674371,-1.0354345,-1.2055634,-2.738143,0.42573467,-0.6575123,-2.998655,-0.42064607,-6.3876843,2.163062,-0.56465936,-5.082801,-1.1687837,-1.2709818,-7.4436727,-6.761113,-5.746552,-1.1559138,-0.6329886,-3.1302304,-5.1613955,1.984218,2.9931486
-4.8436246,-7.1003976,-4.557479,-5.4592123,-3.082923,-2.088183,-9.119233,-4.538561,2.159243,-2.1748345,-9.581916,-3.614129,-3.8482175,-4.5180707,-2.7990983,-3.302255,-2.0674314,0.9678076,-4.1730742,-4.2008843,-6.8844895,-3.1215377,-7.2644706,-0.351254,-5.665609,1.3661222,-9.163625,-4.4513636,-9.298547,-6.9602313,-0.76325345,-8.145231,-5.063663,-0.7427478,-6.0623884,-1.7107496,2.6827326,-4.7374964,-0.5878978,-4.7081485,-11.105366,-2.6301773,-6.1848135,-9.846156,-4.7309914,-0.17622232,-3.5815907,-8.750369,-7.096913,-2.6789472
-0.54657733,-5.6526165,1.3278157,-13.964741,-1.8195484,1.8090644,1.7044761,-6.972258,-7.1907177,-1.4795974,-3.0930932,0.31327498,-2.0800977,-7.4542804,-4.2561383,-2.622984,-2.4530265,-4.6192822,-2.9700627,-6.112106,-6.090629,-1.5230229,-3.7114472,-2.5627825,-6.003402,0.2646771,-4.8583903,-4.198219,-1.3428371,2.6078799,-2.4790444,-4.046547,0.5640178,-4.0347753,-6.609206,0.0060051084,-5.8043146,2.6994796,-6.3092766,-3.0419803,-7.123687,1.0880055,-5.6533775,-13.417482,-7.26426,0.9822761,-4.3057523,-5.818481,-5.5104594,-2.7893443
0.90871227,1.7337607,-3.7243295,-9.548582,-19.667065,-3.3996735,-2.4740586,-21.592453,1.0412142,-4.3811164,-17.281313,-1.5173447,-8.558955,-14.875836,-6.8087645,-3.8660235,2.7636685,-0.88348377,1.2146585,-11.87751,0.47044662,-4.2703238,-6.3470297,-2.4065425,-4.750762,-7.5896654,-6.423225,-5.325483,-3.0825772,-3.3114212,-13.587761,-2.3811748,-6.1363215,-6.3555107,-8.548207,-3.5456395,-2.6325088,-7.192018,-1.268999,-3.5007405,0.09694433,-9.443416,-3.491586,-0.69524264,-0.9784267,-4.1077538,-12.078431,-4.0706267,-15.423856,-2.7583983
1.318863,0.6748802,-0.37162083,-6.323033,-1.5960782,-2.6629195,-0.8260273,-4.8222427,-5.867711,-7.4959993,-4.866276,-9.937632,-7.6423464,-9.348067,0.7058711,-5.3363914,-4.3774004,2.6893592,-3.2355652,-2.5667984,-7.840292,-0.9025568,-6.1698976,1.6996733,-5.951025,-6.6491947,1.7105166,-0.3350345,-10.675968,0.0016545653,-2.4941964,-7.0467086,1.0343118,-3.0323331,-5.8906784,-9.965405,-9.703924,0.494433,-0.6977323,-8.783034,-0.26885545,-4.6265965,-4.2757564,-4.471267,-1.286224,-2.992659,0.9217962,-1.5996184,-8.914087,-2.4675648
-6.581034,-0.4076953,-1.4777538,-6.3784857,-4.480198,0.7770876,-0.6428945,-6.167745,-3.4219053,-1.5693393,-7.7313194,-3.9134746,-10.234222,-2.9476552,1.4882791,-4.271245,-8.000366,-1.8727932,-5.743531,-9.684362,-7.128912,3.036412,-0.2293247,-1.3393042,-0.12992853,-7.023165,-4.715319,-1.4428031,-3.8337383,0.94445705,-3.6207366,-6.1279526,2.3085175,-6.6635942,0.5804788,-3.407694,-9.721298,-4.2457113,-6.1868544,-2.3616998,-2.498785,-0.26057005,-9.538335,-0.9543208,-15.074698,-6.6589284,-6.3194356,-3.3830833,-5.535341,0.0045496225
1.6155933,-9.007712,-3.425263,-1.2735531,0.21474993,-1.2213378,-7.563756,-4.979573,-4.822657,-0.9402212,-9.6216755,-6.2030706,-1.5865126,-4.8319483,-4.554642,0.6774398,-4.5067472,-2.0193152,-4.638679,-4.207414,-1.3741587,-15.522984,-6.5101967,-1.1726512,-2.235756,-4.7888517,-4.625338,-4.2026896,-5.43658,-3.4955974,-10.579374,-2.7236047,-7.3791986,-2.8677132,-6.457629,-2.509077,-1.2933073,-6.0835896,-3.33902,-0.41979754,2.8707073,-2.078007,-2.5783112,-2.6402392,-4.270713,-5.816498,-2.8787036,2.4641602,-4.364906,-6.38196
-7.9411535,-0.39254522,-8.074913,-2.4101484,-3.3117998,-4.713571,-2.507021,-3.1573813,-3.9146843,-8.371975,-3.788127,2.5994785,-3.1089997,-0.23104203,-7.2522087,-3.926877,-10.06047,-0.18155336,0.41881624,-1.579581,-1.3220854,-10.812061,-4.922188,-0.19785702,-7.2491302,-2.4689066,-6.014368,-15.549326,-5.644413,-4.264015,-1.4993482,-5.1536098,-1.376703,-8.02069,-5.3836555,-2.8641613,-4.2822475,-5.655496,-6.1607485,-4.2510905,-4.9251456,-15.816866,-10.272599,-3.5854788,-13.050162,0.8880055,-4.352854,-4.6456633,-3.4551942,-1.3559301
0.18685603,-4.393305,-6.5936427,-3.8629856,-1.4061538,-5.8895726,-6.4303007,-2.710583,-10.395853,-2.4459815,-3.172916,-3.5245352,-0.74634385,-5.5536466,-4.5792837,-2.452888,-7.921277,-6.362582,-16.690681,-21.78937,-2.986294,-9.311352,-1.105642,-4.472376,-6.0906053,-8.779928,-3.0269585,-4.1716514,-9.439219,-2.832411,-10.468159,2.7594624,-0.063697815,-3.0514972,-4.290082,-0.6317915,-0.5802697,1.3220991,0.7652882,-3.5357146,-10.126737,-9.6875725,2.7907336,2.4448972,-1.3155302,-4.7720165,-3.0743833,-1.3520658,-6.030304,-2.973064
-2.2150183,-0.89918745,-2.0459425,-4.613016,-3.7468119,-2.151391,-7.4086413,-3.6384258,-9.530454,-4.021413,-2.3680756,0.07352468,-0.30440742,-4.1013846,-5.9580336,-6.7721205,-4.4551396,0.075451344,-5.3345013,-2.4271908,-2.8280275,-4.7267723,-5.002354,-1.9292681,-0.23470622,-4.83683,-5.763524,-9.983009,-5.386753,-2.1342788,-4.7083197,-8.435938,-2.7253132,-2.2708929,-9.055536,-2.4067125,-4.563014,-3.689683,-4.6285973,-3.3521378,-5.2444654,0.21638396,-1.2102547,-1.2872452,-1.6975741,-3.8306446,-4.126643,-9.008713,-2.6694875,-4.250962
-3.8795538,-1.2258368,0.16400862,-3.827981,-9.356618,2.225274,-3.6146545,-7.1399293,0.5508088,-3.6167393,-4.6774135,-0.62402785,2.6729054,0.18047136,-10.14115,-3.10944,-0.36660004,-0.82648563,-3.1546137,-3.6036787,-5.759113,-3.6597757,-2.7834437,-7.1322517,2.7255213,-3.1402824,-3.2426474,-2.3882403,-3.123385,-16.478096,-2.3701081,-23.110632,-7.010293,-0.7814634,-1.3612001,-2.6444795,-7.295311,-0.753824,-2.8661633,-9.640543,-10.282563,0.8855881,-7.6533346,-18.662193,-3.2255645,-6.4799953,1.6668988,-3.618299,-0.97379684,0.03601852
-1.4673518,-4.441919,-3.9212298,-7.1857986,-3.799909,1.3342564,-3.6599665,-7.383404,-1.1398236,2.6844232,-8.913581,-0.70931435,-10.345655,-5.246838,-3.9048362,-5.983702,-5.5606976,-0.6908103,-2.7708116,-5.9898934,-8.250841,-6.244541,-5.74203,0.47739705,1.8895178,-4.3632393,1.4354229,-9.525478,-1.243022,3.1221483,-3.381581,-1.5730665,-5.79489,-4.679754,-4.3068943,-3.6223316,-5.511377,0.88230616,-4.606771,-3.4315882,1.8354383,-2.7432237,1.2722769,-1.5549173,-1.3676316,-5.445989,-4.7318673,-6.159389,-3.5733428,-8.516159
-1.1325722,1.4368198,2.8812099,-3.262439,1.2516758,-4.3579493,-2.5849915,-6.3529596,-6.127924,-0.09092724,-5.999085,-6.261062,-3.6622415,1.202781,-1.8783517,-4.022097,1.11045,-4.694524,-8.647292,-4.35731,-7.297792,-6.750922,-9.044522,-7.869278,-1.4842337,-3.3638623,-2.7729325,-4.015231,-6.291067,-4.6742783,-4.6368384,-2.3216732,-6.14741,-2.3888197,-4.5647693,-0.44600463,-8.146749,-0.7762995,-1.6013482,-5.6868525,-6.0746546,-5.0453343,-1.3624758,-5.668564,-8.829568,-4.2717505,-2.6765366,-2.2055826,-6.1600018,-5.5776296
-0.7426617,-4.528428,-6.149196,-5.8717546,-6.2263865,-9.28888,-10.083355,-12.221586,0.18488288,0.1343849,-6.745623,-4.882496,-1.539361,-6.87669,-3.4713209,-1.8192272,0.42239594,-2.4058268,2.0251346,-3.1400127,-5.791851,-9.066666,-6.018673,-3.6282082,-9.684963,-3.6560655,-2.5128548,-5.7527213,-7.3242555,-1.8915503,-6.3087015,-6.5581446,-4.571577,-0.83412635,-2.3700628,-0.95930755,-4.987991,0.9582585,-3.1917977,-6.276227,-2.9612732,0.38235068,-6.511464,-4.926772,-10.530936,-6.3445415,-4.192972,-2.8947902,-0.93566597,-3.240088
-6.398867,-3.7332554,-0.381307,-6.7117214,-12.163184,-7.6413374,2.0128126,-0.5116259,-8.428247,0.48585218,-2.4180493,-4.6867237,-2.174392,2.4491055,-3.0482008,-1.3075448,-4.0511966,-6.362582,-3.8097067,-0.24607712,-6.1895466,-0.027926266,-3.075228,-0.67207825,-7.2165728,-6.2327337,-7.060459,-1.5266342,-5.971065,-23.417912,-6.1436954,-1.5528908,-0.8214841,-3.643311,-6.4283214,-5.5715647,-3.111152,1.5566041,-4.7561665,-4.8002815,-5.370482,-0.83330834,-4.1005855,-18.064856,1.8522092,-2.5885155,-4.400954,0.30145076,-6.1504574,-3.3360634
-2.9408884,-4.660243,2.0805404,-1.3611236,-2.6151655,-0.092582226,-0.5982425,-7.751152,-7.167213,-3.010664,-5.9960365,2.089437,0.009418339,0.69889283,-2.3719773,-2.7916245,-0.37308097,2.207965,2.317113,-2.8580353,-8.668013,-0.61319065,-1.1624199,-4.349605,-3.7289753,-14.409317,-4.215109,-19.942993,1.3961678,0.44096398,1.2456428,-2.702206,-3.8893619,-7.3132343,-1.4981699,-6.664756,-5.300616,-2.9363704,-4.959849,1.8556051,-3.7295938,-6.4671607,-4.7652755,-3.390727,-7.5804033,-0.083646834,-5.9385304,-3.92445,-0.5196096,-7.7794647
-17.624796,-6.928398,-3.344838,-4.6444263,-10.096822,0.11752406,-4.8174915,-3.3756769,-5.091892,-3.2085977,-2.780415,0.133479,-2.6775093,-4.2816467,-5.364876,-4.3854303,-3.9505715,-9.785782,-5.438857,-3.996714,0.7615273,0.01719284,-3.3002756,-0.32082546,1.1569471,-2.5710764,2.231869,-2.014257,-4.1936727,-4.4617567,-4.1162972,-6.241377,-3.665946,1.4796759,-5.683065,-7.979392,-4.721923,-2.3161576,-1.9515007,-6.887955,-5.9514537,-2.2696402,-9.418417,-2.4498634,-2.4884036,-6.825356,-3.5050168,2.812308,-4.3164253,-5.1470747
-22.978191,-4.725503,-6.550307,-3.695343,-3.3667712,-3.5170965,0.13952917,-5.58856,-2.8317304,-4.309824,-4.634725,2.8253822,-3.2791133,-9.322355,-4.511736,1.8726863,0.5402614,-2.6850655,-2.5354385,-4.6603956,-5.1316595,-4.280039,-10.657091,-6.7028522,-11.866014,1.7669452,-7.7756224,-5.4437246,-8.755876,0.57349694,-9.542375,-1.4590725,-9.098059,-0.35322595,-8.878288,-3.7418518,-2.4794655,-1.1772088,-6.10717,-4.2032814,-2.6207614,-6.1077623,-2.1450245,3.0199418,-4.5468082,-5.366793,-4.4132605,2.5843177,-0.6424502,2.4592748
-3.1236348,-4.3018804,-4.948244,-3.8587174,-3.3748848,-2.4401824,-0.61291766,0.11181283,1.6842234,-6.0877132,-7.3705745,-0.025817633,-6.027496,-4.8347664,-4.153743,-1.2360399,1.7068213,-0.6476306,-3.1116755,-10.904576,-5.192291,-1.2044853,-5.409508,-4.6367445,-0.5376198,-5.0192566,-6.540609,-6.848606,-4.8716664,-6.5670185,-1.4498804,-2.253053,-0.42120522,-2.730587,-2.743401,-1.7515676,-4.7040515,-4.7145977,-2.095914,-6.3395586,-9.158087,1.2634513,-5.2050037,-3.0448189,-1.4004481,-5.2686954,-4.8174453,-4.5607915,-9.282935,-6.2068486
-0.7814841,2.424594,-2.4782813,-2.8439796,-4.268788,-8.801827,-3.0048919,-6.0754867,-2.624717,-5.150322,-4.478161,-14.167394,-0.88498485,0.28568178,-6.0975766,-9.628542,-2.7019181,-3.1704605,-0.8990884,-1.3037643,-4.9814224,-2.6137776,-4.017784,2.0123632,-6.4897304,0.18627876,2.8484304,-6.3267145,-1.3257419,-0.616951,-5.998661,-4.8634157,-0.7215657,-6.339107,-3.3052263,-2.5335958,0.19600344,-6.1642675,-0.4407071,-12.237981,-8.909405,-4.9849977,-5.5645537,-0.6215962,-11.514622,-0.64263177,-8.929031,-1.5549188,-4.403754,-1.6582291
-3.5085983,-1.2293546,-5.3252034,-4.705496,-4.537256,-0.30166793,-5.8310184,-8.375393,-6.260374,-7.187401,-1.0826278,-4.077289,0.917876,-3.441898,-5.403023,-3.7640967,-1.2319473,-7.1700225,-1.8149445,-6.680149,-2.2785292,-4.009022,-6.6311684,-1.2657917,-5.8364263,-0.8734367,-5.0995207,-1.2799685,-1.3932214,-7.08907,-2.2982943,-2.553663,0.40682513,-1.5330226,-0.5961002,-3.5326204,-5.9485435,-5.9157333,-3.8077636,-3.0419836,-3.2056687,-4.2109113,-0.3733487,-0.3783515,-2.7027013,-3.9573565,-5.0298767,-5.63581,-3.8377123,-7.2891665
-3.0767243,-2.2834313,-1.5141373,-1.3255181,-1.2451249,-1.3555828,-3.2693074,-6.270256,-2.1595178,-1.4096153,1.8438022,0.2779503,-3.8065777,-0.6434729,2.307608,1.9625705,-7.1837754,-0.7537528,-5.570803,-17.321186,-3.5572615,-1.7336719,-1.8157005,-4.19192,-2.608984,-5.183929,-2.2830918,-4.4134145,-24.119835,-2.5385785,-3.585237,-4.5816355,-2.502757,-3.0348399,-4.591438,-1.9413164,-3.9928937,0.1600706,-0.55897593,-3.5346122,-7.524212,-3.9687614,-3.2213097,-1.447093,2.4718819,-1.8324099,-5.1240544,-3.464909,-2.8109436,2.096144
-2.4003942,-6.195766,-1.7801952,-3.8026028,3.1128967,-3.805077,-3.6646066,-6.2355924,-1.4388361,-9.877761,-10.348289,-6.3713694,-4.329824,-1.4591647,0.34000415,-15.0844555,-3.0348954,-3.3596764,-4.142623,1.2565106,-1.7171416,0.56773025,1.783861,-0.20088017,-3.6532183,1.401944,-3.0983973,-3.8182545,-6.387825,-7.7911463,-5.425048,-12.531279,-3.4212291,-3.3233511,-5.4509444,-3.9112554,-5.202343,-2.3291109,-3.9304118,0.3054642,-1.6608737,-5.9460015,-3.9061275,-0.41509163,-4.653984,-9.11129,-4.327725,-2.6128416,-4.3809724,-6.654167
-2.3975737,1.8918941,-0.2125361,-4.2234044,0.6428474,0.6922174,-1.4274381,-6.6695223,-7.734926,-0.35047847,-2.4108388,-1.1215273,1.7037162,-4.6443825,-5.2001824,-0.9472873,-3.304037,-2.566197,-8.77937,-0.8378891,-7.3760476,-10.151357,-0.7162986,-7.097417,0.8934963,-4.541434,-8.200169,-2.7315874,0.21834686,-4.889587,-4.7572975,-0.85659635,-3.196186,-4.398268,-4.3918257,-7.9052057,-0.83038306,-6.304129,2.8092883,-14.749029,1.2185371,-6.025344,-5.6404834,-7.912101,1.2451417,-2.561328,-2.1552374,-8.43888,-5.5040455,-0.64614797
-5.420374,-3.9786916,2.6357481,-4.503526,-3.1471062,-3.3031816,-3.7123318,-14.975262,-6.7062426,0.69623566,-2.9024858,2.7712748,-3.261119,-0.42600644,-1.1672274,-5.0327706,-10.689087,-0.30643213,0.67345583,-6.200048,-4.9082026,-6.692336,-9.401262,-4.6794934,-3.390361,-3.0818026,-5.8182325,-9.124316,-8.822672,-1.386872,-5.6173644,-5.663463,-3.9158306,-6.123599,-1.588253,-3.9950166,-3.6761909,-8.21076,-7.4031186,-5.0994363,-4.4068093,-7.880144,-7.258103,-3.5530066,-4.554452,-4.855219,-0.9611362,-6.7777777,-10.322544,-4.435484
-2.7010489,-5.9058785,-5.791485,2.1983876,-1.3359907,-8.801458,-3.6657844,1.4202931,-8.43608,-4.7101398,-4.6039248,-4.3408303,-6.469998,0.55562216,-5.6604385,-3.6925278,0.6598793,-3.5363894,-4.192207,-3.6798139,-4.687092,2.6806495,-7.1824484,-2.757409,-0.602473,2.34653,-2.4813788,0.7767563,-1.4852206,-0.4670065,-1.2561946,-0.15182465,-3.2876155,-1.624152,-8.557824,-4.834467,-0.48036897,-5.605508,-9.452204,0.07036191,-4.5666213,-1.6402283,1.5172014,2.9156938,-6.560097,0.25193343,1.2432607,0.8395885,-0.015786469,-4.739127
-4.785516,0.53950757,-3.27452,-7.1397996,-9.473411,-9.550341,-4.6777697,-0.20185733,-5.7991815,-9.341487,0.022782952,-2.4951162,0.35639888,0.43341404,-6.177009,-8.238211,-3.6697197,-2.6575162,-2.448533,0.77668643,-1.8604879,0.32341695,0.19718283,-0.8280761,-5.435078,-4.2875953,-1.4007468,-7.489966,-2.4710464,-6.7915235,-0.96031165,0.40238336,2.5473807,-5.830048,-6.6310344,-1.2863674,-8.78034,-10.89711,-3.818646,-5.692803,-0.0025069714,-2.9506042,-8.528796,-2.8000548,-2.244745,-4.575419,-5.8369575,2.6086094,-2.7700806,-6.2897253
2.8475697,-0.40716952,1.7558198,-5.345695,-5.0955315,-2.4859624,-4.5882316,-6.4106574,-5.6736627,-4.987676,-7.9045324,-3.8032393,-3.3700633,-1.3097848,-3.0400395,-4.3593836,-0.820927,-2.424994,1.7975746,-0.4767965,0.19067171,-4.5239077,-0.747133,-2.4819555,-4.928132,-3.3207643,-6.020407,-2.7533488,-3.9710765,-6.4180546,-1.9003575,-1.6759453,-8.968747,-1.9109285,-0.28341174,-9.157204,-1.7079148,-4.970857,-3.2467213,-2.6776013,-5.134201,-0.76071024,-5.536837,-9.266899,-0.07402569,-3.6729379,-1.0440139,-8.234765,1.3744812,-2.8926551
-4.1577415,-4.0662537,-8.723551,-10.471604,-7.1565332,-3.949998,0.21263936,-5.5160065,-2.050324,-1.5673008,-2.854303,-3.3187528,-6.090585,0.95515156,-0.9492346,2.7124588,-1.3849993,-2.671689,-4.375528,-0.31938237,-7.0928817,-6.795447,-1.8452888,-2.7902634,-2.0945995,0.46775198,-9.290341,-4.960689,-3.690462,-7.0458593,1.715434,-4.753333,-3.3307734,0.8806666,-12.1453285,-10.232104,-1.8899653,-5.6577682,-1.4206449,-3.0519266,-8.95852,-2.828365,-7.3026776,-3.4480355,-5.6118793,-17.628683,-10.775051,-9.061105,-0.120093346,2.3299856
-0.2715628,-6.774659,-6.7678404,2.701358,-4.4752097,1.6719238,-4.7712445,1.2192788,-4.453093,2.4952343,-0.46391833,-4.012871,-6.189087,-1.2817568,1.4522058,-3.4973264,3.0841064,-2.6727982,-1.4876264,-3.956853,-10.545431,-5.19862,-1.3487363,-4.5542674,-3.9348855,-0.8480183,-6.625559,-9.896997,0.22253343,-0.8774748,-7.2702785,-8.008689,-15.809496,-2.9351797,0.7362671,-2.2170937,-1.8937864,-0.68177843,-4.3969927,-4.8737664,1.0088526,-2.225745,-4.3835135,-1.6057763,-4.066911,-0.15602374,1.8952292,2.9918482,1.7728654,-5.5771227
0.7550496,1.4325681,-3.98836,-8.8091345,-5.907308,-1.304479,-4.160371,-3.756878,-7.566887,-3.4479892,2.5633345,-8.867088,-3.833054,0.5264154,-7.9374294,-7.0001473,-2.4806905,-3.0703282,-3.106437,-0.31938237,0.0123743415,-7.8180227,-3.0151248,0.51182073,-8.541145,-8.403552,-17.513546,-2.3201418,0.46600205,-2.542539,-6.4077373,-1.191619,-2.2226562,-7.3655477,-6.169678,-5.5733404,-9.643575,-3.208101,-2.4325204,0.96439785,-2.2083497,-2.4051054,-6.8042393,-6.202628,-6.968443,-5.827238,-11.01478,-5.288661,-4.694362,-4.1654544
-5.523355,-0.058307707,-7.4854193,-2.3036509,-0.64533746,-5.6650004,-6.0099463,-2.3414855,-3.2933683,-9.238241,-6.108794,-9.076671,-1.2839135,-8.682305,-4.8784375,-1.1080458,-0.820927,-12.363564,-3.5607572,1.9951638,-3.0005825,-3.269355,-0.20636284,-9.577507,-3.583859,-2.4795225,0.15308705,-4.7354684,-2.4810581,-6.9537272,-6.7195997,-4.33757,-4.298002,-0.9192296,-3.636304,-4.5639606,0.55817664,-1.5438354,-1.2902668,-4.687911,-9.444576,-4.1416025,-5.996804,-8.768245,-4.012668,-2.2703605,-3.20035,-4.3067966,-2.9955935,-4.346831
-2.8017628,-4.655328,-7.5921392,-2.6088796,-1.9229805,-6.230608,-6.494112,-8.72647,-9.120269,-6.1650147,-3.1278853,-1.618577,-2.3909838,-0.4734922,-0.76437426,-2.6561189,-3.3930724,1.1641792,-6.1544147,-4.72,0.5340094,-15.126589,-2.7323365,-3.7409306,-4.2585435,-4.9163437,-7.293722,-7.975478,0.73225844,-10.532008,-2.8844519,-4.317941,-4.2143965,-5.598232,-5.867546,-5.232513,-3.8401308,-1.4233887,-3.1075106,-6.617121,-4.589498,-9.586675,-4.006236,-8.609001,0.22416624,0.7919426,-21.347633,-9.321922,1.1527755,-4.2857385
-4.470117,1.5348297,1.7418859,-3.5963836,-5.3394537,-3.4709556,-7.8630743,-4.6054745,-9.647828,-1.3642014,-8.423986,-4.848432,1.383384,-8.917503,-5.1955485,0.8041953,2.0084064,-1.1256944,-7.32993,-4.7195125,-2.5354471,-3.3732824,-2.2101498,-6.002703,-4.397987,-2.3357227,-9.297561,-6.6931114,2.9655492,-15.641632,-8.125737,-6.9908357,-4.7849393,-6.8285074,-6.7062864,-4.8329077,-4.228168,-1.6426618,-2.2985926,-3.1495688,-22.553452,-6.5078683,-3.6855392,-3.6285315,-3.2007854,-2.3990176,-3.8740683,-2.8324025,-2.5075827,-3.8471193
3.0929236,-1.9761605,-3.293997,2.1330605,-3.8385649,1.9547246,-2.7667902,-0.6853571,-0.65225875,-1.3868746,-2.7769094,-1.5362298,-4.044728,0.06834799,-4.2286634,-3.3126233,-0.6447239,-7.1545134,-3.5465903,0.3830471,0.4853289,-5.001343,-6.1088448,1.8119962,-11.59691,-1.4198267,-5.41761,0.15312922,-4.8954873,-6.5378923,-3.7195616,-5.901899,0.08074486,-3.9072986,-3.2411194,-8.532257,-3.115309,-7.278832,-4.4222984,2.865536,-0.856599,-5.6866336,2.3846898,-2.1983557,-4.1839776,-4.377749,-2.9795818,-3.8476186,-2.904379,-0.17795587
1.6344212,-2.042162,-0.6717609,-1.5739443,-4.7686515,-2.702499,-4.455331,-1.3256737,-6.2065053,-10.112604,-4.5436745,-3.9041977,-0.8135848,-8.347603,-5.0873847,-6.1010995,-8.653826,-5.8543015,0.48249257,-4.491914,-6.1556907,-7.202854,-9.845241,-9.228955,3.0293527,-0.5896424,-1.3930845,-0.7984035,-10.080432,-2.130751,2.9374578,-4.857632,-5.8039503,-3.026583,-7.0791435,-3.7731915,0.8680055,-13.102264,-10.0886,-0.8513179,-4.664312,-2.8505886,-5.08876,-3.3284025,-0.60604465,-6.405321,-2.9245148,-6.0601883,-3.1647224,-2.0622003
-0.531914,-5.2771487,-2.8108537,-1.4339886,-4.36999,-6.1086626,-6.8928795,-4.8286257,-2.1384544,-0.9018487,-4.6694884,-2.9987588,-1.4519506,-2.4453492,-3.0103436,-6.2381163,0.79996306,-2.9129844,-2.575543,-2.8017333,-2.6270485,-5.799443,0.8073331,-7.2333317,-7.5899954,-5.939472,-7.2120595,-1.4551812,-3.1585724,1.4084764,-4.6645966,-4.046547,-6.0498605,-5.7544365,1.2524086,-0.79201996,-23.917747,-1.6340392,-0.55897593,0.015532345,-2.769938,-0.936895,-3.198667,-4.3732533,1.640141,-1.720401,-1.8594916,-3.184076,-0.7657517,0.38278872
2.585481,-4.2314024,-2.0108662,-7.808316,-2.610037,-2.8892038,-0.85504115,1.7164603,0.6254436,-7.311223,0.38126904,-8.542029,0.16708091,-6.0370493,-4.5478396,-3.999052,-6.9602013,0.99242747,-5.920927,-4.324407,-21.075813,-2.016946,-3.5167856,-4.0782504,-8.964994,-7.7802773,-9.09666,-1.4557328,1.6010343,-1.6365199,-4.225614,-0.906904,-3.2033703,-4.6179624,-5.270054,-6.183925,-9.279165,-5.611715,-0.25967997,-11.312834,-4.3190546,-0.09058744,0.121949285,1.2778131,-4.71578,-0.5325736,-2.916242,-0.8986554,-3.0239534,-4.807413
-3.4738562,-4.1769147,0.7213096,0.7568754,-0.16976666,-3.1264153,-3.9194303,-0.5934137,-2.4249222,-3.8304954,0.2190035,-5.299083,-3.0581992,-1.704123,2.7966175,-6.0076437,-5.9456,0.4425427,-2.745744,-5.872783,-0.6000979,-1.2344652,-2.957594,-11.625218,-16.487759,-9.83935,-4.641245,-6.840732,-0.8790511,-6.7733164,-10.858649,-14.754692,-8.398226,0.34747988,-5.463932,-5.5133853,-0.32358313,-4.1298065,-8.338724,-4.1312776,-0.6340543,-1.9496608,-3.0216658,2.798396,-7.0679617,-5.894373,0.786677,-5.1530075,-0.75010324,-1.0397213
-3.857658,-5.63201,-4.7294073,-2.8477252,-15.951492,-9.544744,-3.9223213,-9.026068,-5.079791,-4.2997704,-4.7704983,-0.6986439,-7.922269,2.9248006,-3.4157095,-1.5905147,-4.044915,-8.650854,-8.074242,-3.6500301,-5.250675,-6.715348,-8.675675,-4.7954044,-7.0516286,-5.8035903,-4.596918,-5.3277903,-4.3052483,2.5675802,-6.6195984,-2.4903638,-4.3899956,-4.166257,-1.4062134,-3.066726,-12.134053,2.835291,-8.253446,-4.5603213,-0.6468389,-1.6337581,-4.622785,-6.1081624,-2.690726,-4.2851877,-5.6250854,-6.9578195,-9.569831,-8.9474
-2.8222098,-3.5680962,-8.8802595,-4.053976,-7.201586,0.8359506,-4.7164927,-8.751624,-3.0054052,-5.5637336,0.9722456,-9.998187,-0.1603328,-4.2655706,-1.1378059,-3.9649858,-5.730419,-0.45012355,-8.207033,-5.335363,-2.2136626,-4.7069526,-10.045722,-4.785868,-1.6833646,-0.56536853,-9.8073,-4.3385196,-4.4679213,-5.892103,-1.425481,-1.3316149,-0.4359396,-3.1343184,-1.4038432,2.5555382,-0.16410702,-7.163898,-9.77712,-9.568195,-3.9644194,-4.256861,-11.690826,-3.7567291,-5.004362,2.7319598,-2.996496,-9.92796,0.91550297,-2.554478
-0.11708826,-7.6542397,-0.036866248,-5.612389,-7.65858,2.3192987,-1.9652886,-4.1938696,-3.7353954,-4.8078775,-8.543421,-1.533323,-3.5512028,-6.018056,-6.3896627,-3.3197095,2.508954,-9.561941,-4.1904063,-2.3990333,2.7508473,-6.5844865,-7.82957,-0.6782079,-6.6554165,-8.154565,-1.1471859,-2.3607109,-5.4865465,-0.9371635,-2.1394343,-0.35290974,-1.2943428,-5.4460087,0.6443901,-6.030805,2.0958993,1.1828752,-2.7320166,0.0007452965,-8.771654,-1.8746421,-1.3749202,-3.9002461,-7.598488,-6.209162,-0.9411979,-4.1137204,-4.895221,-6.1769414
-2.9659948,2.4035726,0.46826527,-3.0954597,-6.997949,-3.172292,2.9915302,-0.70088553,-4.0944843,-3.2647092,-1.47394,0.7464336,-0.9112195,-3.2166488,-0.9788569,-9.326625,-1.2880118,-8.349278,-4.529785,-9.580214,-3.2687922,-5.159337,-4.647892,-7.5139694,2.8630528,-8.20294,-9.071602,-0.10617387,-0.73157465,-0.9761026,-2.3701081,-5.869385,-2.5036623,-1.2508675,-2.5365672,-4.9457016,-3.3058953,-2.1835926,-2.5645063,-6.568683,-0.029646218,-2.9896479,1.7760359,-5.4918113,-2.6716652,1.2689745,-4.411722,-7.769779,-6.07202,-3.3176372
1.1654235,-9.915991,-5.535558,-2.6271362,-2.3312962,-8.630268,3.0756125,-7.2768655,-3.4971268,-3.0780993,-6.076174,-1.4231018,-7.100496,-4.431314,-3.9433827,2.7943575,-6.3295727,-5.8372355,-10.559257,-2.1615965,-3.521656,-4.1825213,1.4346095,-11.02535,-6.12337,0.29458335,-4.6849422,1.6370893,-1.7525296,2.1115355,-0.72130835,-8.629335,-4.216,-3.7085547,-1.6743648,-5.9386435,-7.824538,-2.6057994,-3.505618,-4.993612,-5.752974,1.509874,2.7907336,-4.988132,-3.931756,-2.9169264,-6.362353,-3.1275773,-4.5056815,-4.5888367
-0.027005315,-2.2487345,-6.74025,-3.2827919,-4.4839716,-4.2764626,-0.109574795,-6.2412777,-6.3690333,-11.152249,-3.9220839,-3.803084,-4.322763,-0.82627785,2.8630567,-6.782746,-5.23953,-3.2173777,2.9165916,-3.5843024,2.2853806,0.4667433,1.4320617,-0.06740677,2.7801669,-3.2720892,-2.9343286,-4.746949,2.6552968,-5.692192,-6.485505,-9.06237,3.2153912,-2.769252,-17.462887,-7.522954,-0.7386761,-3.886207,-4.770683,-2.4304965,-2.8998404,-7.2655654,-3.7245889,-7.1442933,-7.3770146,-3.2485967,-3.364795,-3.9155731,-6.9322495,0.22630775
-3.2141292,-2.6173491,-0.6679952,-4.2950416,-2.2081563,-7.4476223,-5.1170173,-8.804475,-3.144346,-3.4902074,-2.3390124,-7.429076,-5.527736,-6.318262,-5.97219,-3.232361,-9.839654,-17.079031,-4.242711,-6.290142,-8.529301,-1.8786194,-3.5542936,-3.7323542,-7.011574,2.1862798,-5.8403616,-1.0153756,-3.9540577,-10.264999,-3.5716286,-2.3616498,-4.693377,-0.53944874,-2.7855759,-8.370369,-7.979663,-7.2793736,1.6736209,-2.2342966,-4.3174577,-3.4532573,-4.1087,-2.336144,0.105768085,0.7027024,-4.4067173,-4.5418944,-7.04728,-2.1796646
-0.5740187,-6.013878,-3.262837,-1.6871798,1.3309875,1.7186515,-4.2855124,-4.406682,-4.927012,-5.963944,-2.4272592,-7.3957577,-3.6132994,-4.091296,-7.4196296,2.4287672,-9.315283,-5.2484756,-9.459462,-6.0196376,-5.8114,-11.071686,-4.608467,-0.615402,-5.39533,-6.7588367,-1.2881187,-4.862866,-1.4007952,-3.102895,-4.8873763,-3.9555469,-8.337162,-6.0809193,-0.027701795,-2.7995205,-4.528651,2.1037784,-2.7958827,1.0213805,-1.2893448,-9.72188,-6.1006002,-0.17397779,-5.6885524,-4.621494,-4.0262785,-1.1402055,-8.986881,-18.022835
-4.4665694,0.57684666,-16.328798,-5.256909,-10.77219,-3.5198483,-0.69337153,-3.1228817,-1.4415342,-4.2146397,-4.599402,-4.308846,-3.2620094,-6.036456,-3.511633,-0.8759768,-4.3224754,1.4067891,0.39602423,-1.0073053,-1.7021306,1.0157762,-8.495992,-4.424325,-1.2535883,1.4054483,-4.9521723,-10.305179,-0.2764361,-6.3483524,-6.935632,-3.9723191,1.6958703,-10.167763,-5.03462,-6.5600924,-4.6098905,-5.1459937,-4.7132654,-3.8294296,-2.2251852,-4.014242,-9.6818075,-4.5398726,-3.861905,-8.936813,0.076274216,-9.101116,1.1378524,0.33322936
-3.875516,-4.705251,-11.0616255,-6.150554,-2.7261891,-4.3112764,-0.304964,-4.459318,-5.9158645,-4.655118,-2.9118984,-6.80188,-6.541076,-5.9796643,-1.8463619,-0.3999653,-2.1117055,-3.30219,0.48883706,1.8405105,-2.9089286,-4.48471,-0.78328764,-8.809569,-2.0415385,-3.0398505,0.20777532,-0.18341494,-10.590627,-6.2567897,-10.678123,-9.733078,-7.399126,1.1113694,-8.893424,-2.5969908,-7.3771925,-0.69043016,-0.50492954,-6.913736,0.6816474,-4.129802,-0.26620293,-10.360715,-5.1916294,-3.4514298,-6.9358325,-4.697844,-6.914202,-3.5724835
-5.073752,-1.4363359,-6.7107835,-3.000748,-0.49141037,-9.165854,-1.3659178,-2.213892,-5.74318,-4.844512,-2.6587179,-3.203246,-2.4496255,-3.1936643,-2.7370007,-4.6093345,-4.373268,-7.459176,-6.249271,-6.8271146,-3.1648118,-6.5806627,-5.0172205,-2.2032628,-7.4123564,-6.9293694,-5.9188623,-7.8744,2.242547,-0.07865161,-2.565229,-0.37855768,-11.1428795,0.4582112,-8.926661,-10.087801,-3.4434927,-10.246123,-9.908265,-7.1063128,-8.889742,-1.9768217,-4.1410804,-5.187629,-4.40719,-3.7549772,-4.171694,-8.440593,-6.9333367,-3.2234385
1.8859961,-3.8916292,-5.4635406,-3.0062618,0.6682354,2.2573462,0.75899136,1.5223458,-11.001797,-3.8183818,-1.968158,-5.037857,-3.4192226,-9.176853,-6.4722724,-4.3769093,-3.3349507,-1.391875,-6.835381,1.1867547,-0.23931283,-1.3102515,-4.7515144,-4.586804,0.0119488835,-0.080390334,0.3385089,-14.19483,-4.2650995,-2.2812696,1.8026669,-8.928722,-6.2134705,-5.380818,-6.123393,-4.7548437,-0.8721336,-3.0947511,-6.3065014,1.6821389,-10.286493,-5.215445,1.8410747,-4.753195,-5.552892,-1.3718818,-7.640663,-10.366709,-5.844882,-7.9607687
-4.475165,2.4203084,-7.4404063,-4.455027,-3.9545975,-0.84334254,-4.9178324,-4.3528996,-10.255211,-0.54911566,-4.1790323,0.05023873,-6.4304066,-2.1586497,-7.0974855,-8.277502,-6.367691,-6.496295,-3.938497,-7.6534176,-4.3658824,-8.211914,-0.042526543,-14.599641,-5.9696317,-6.3367624,-1.2388502,0.56922626,-9.441763,-4.558741,-1.5685422,-0.68167865,-0.67531943,-3.652813,-4.2767415,-3.8029952,-7.4254036,-2.6366317,-0.006514907,-3.4919147,-2.531892,-4.445345,-2.2866406,-6.201633,-4.4003305,-0.02940017,-0.22440964,-6.652537,-1.3447825,-0.44804597
-3.1806288,-0.8530623,-8.100676,1.0002578,-6.533592,-3.4454958,-1.4304752,-4.5847497,0.72951937,-2.4315612,0.16507953,-2.943452,-6.0902905,-5.0761237,-6.952925,-2.7776403,-3.7730918,-3.417209,-22.802208,-0.12164867,-2.3584385,0.10749921,-1.3765113,2.2080698,-4.088879,0.22792313,-0.76326454,0.13135132,-6.5250063,-0.5964861,-6.0530224,-5.931706,-11.632443,-1.9529362,-5.232293,-4.271689,2.6778302,-3.067308,-7.2371354,-1.3119972,2.873113,-3.9179235,-5.2993736,-4.4401917,-2.877001,1.0927609,-3.9725733,-16.271492,-2.1036088,-4.1993546
-10.020944,1.6610732,-2.8486984,-8.231332,-4.8999662,-5.4364467,-0.99854255,-7.9259014,-4.040558,-3.2709882,-6.1057158,-3.2082727,-23.062664,-4.391698,-0.17767298,2.5891066,-4.6813865,-3.393398,-6.995405,-0.30257404,-2.7775805,-2.7012694,-15.840292,-6.3439813,-1.4474133,-1.6807251,-5.541206,-1.818265,-0.5032339,-1.0156115,0.8639252,-3.8782358,-8.226937,-4.057111,-3.1571825,-7.504977,2.8006148,-4.4550724,-5.836461,1.2036833,-4.7494974,-5.4210386,-8.805993,-3.9002237,-5.386859,2.2016225,-2.908932,-10.077222,-2.5039115,-7.2503767
-4.145767,-4.011408,-3.1731997,-3.9295883,-4.2173777,2.6162026,-9.586196,-4.840579,-1.6011801,-6.2103405,-4.438909,-1.3579341,-7.5363684,-5.34422,-2.5405529,-6.187327,2.8782396,-3.9853234,-6.40344,-5.5210257,0.9570513,2.6603985,-1.6929994,0.23077089,-0.27048796,-7.9339933,-2.3836946,1.5553228,-4.272646,-3.0791764,-0.74339116,-2.3877401,-10.062446,-3.9515877,-8.440424,-7.256318,-4.8420143,-8.725907,-0.4685856,-1.3738276,-13.727121,0.39674926,-4.3868103,-0.97729695,2.6877158,-2.8491433,-0.31327868,0.09033096,-10.176703,-8.905533
1.2288864,-4.377184,-4.817315,-5.801196,-4.764911,-2.559718,-4.201469,0.28042105,-9.225385,2.1995423,-3.0143757,-2.494601,-2.292474,-6.030236,-0.51803005,-8.563421,-0.1346122,2.0665638,-1.0231067,-11.610077,-5.605101,-6.714889,-3.8506632,-2.9428704,-3.7924519,-5.7037387,-3.763721,-6.281587,-1.4900705,-4.9784536,-7.8779755,-6.6219416,-2.2226562,-2.6430023,-2.4454067,-2.8094637,-2.5489957,-3.8048115,-3.9820704,-10.936556,-2.753108,-6.1158133,-6.9207244,0.74099517,-4.728798,-2.712394,0.37671,-2.3561895,-0.25768113,-3.7830591
0.6179823,-12.368255,-7.1952214,-3.934699,-14.8847065,-0.02578342,2.8707848,-1.6655772,-5.9701967,-0.9402212,-3.1150062,-3.5855637,-0.43380386,-3.5158958,-7.2813754,-6.081087,-10.70892,-0.69728184,-0.3935945,2.022303,-2.4045289,1.4137846,-0.60466194,-12.320715,-6.742115,-2.7832966,-0.18085527,-4.08516,-4.0681677,-1.9060671,-0.4845299,-4.861483,-8.805308,-13.983626,2.1883903,-5.378029,-5.5882473,1.0439622,0.9568634,-0.49095237,-0.9028547,-4.339218,-1.0687253,-4.226519,1.0260284,0.24010655,-2.597675,-0.38609332,-2.3486228,-4.6882052
-4.2844768,-0.71004796,2.0490136,-2.481638,-4.878827,-2.6054494,-4.0051045,-7.933753,-0.006935537,-9.210714,-2.1255994,-2.2765837,-5.529316,-6.1447706,-22.619984,-2.2717955,0.2218579,-1.04772,-4.7762775,-6.1696596,-3.29941,-1.6922197,1.4996202,-0.1526537,-4.6466866,-2.1871817,-3.6693392,-2.8552225,-15.954575,-8.616067,2.8721628,-1.4590871,-5.9609895,-4.2180514,-0.6764293,-1.1738932,-4.4461775,-2.554234,-2.3708823,-6.0702586,-0.023147166,-4.4192066,-4.6797333,-2.7547996,-5.9642677,0.4736885,-6.0024734,-4.5661387,-4.235279,-3.9963493
-5.7790475,-5.403719,-4.206141,-3.0226688,-6.8498583,2.642329,-2.6401439,-4.995737,-3.554634,-3.6529713,-6.177461,-7.121869,-5.764954,-6.4322233,-5.6938176,-17.088148,-3.8871727,-1.3352991,-0.7088549,-6.7133083,-16.75659,1.3518482,-3.9575262,-2.2957122,-2.265291,0.3039471,-2.8118582,-0.97125924,-2.5293396,-5.5197906,-7.2581167,-4.3602943,-5.966142,-2.754599,-4.1238055,-2.953999,-4.727677,0.18994072,-3.2550178,-1.594809,-1.246661,-3.9458985,-3.0362332,0.95500517,0.2510477,0.7459347,-6.230691,-7.004499,1.03725,-6.830142
-4.381966,-2.1932106,-3.6814904,-3.6375723,-0.5206336,-2.169586,-6.163451,-2.6450076,-2.458802,-1.7195303,-3.586897,3.0875642,0.9648411,-4.8221946,2.9421773,-4.310286,-6.293366,-3.0542395,-4.16024,-5.840561,-7.619199,-0.44819993,-5.020137,-0.68797517,-4.612014,-2.5292034,-3.9649944,-1.4197543,-4.8554296,-9.069157,0.9686178,-2.8795435,-2.7897923,-5.177357,-2.6565223,0.6638655,-0.6871197,-6.302181,-1.5642133,-5.8452797,-3.5523486,-4.3180757,-2.9088078,-4.1042585,-6.619768,-9.735589,-4.239582,-6.4096828,-2.4299474,1.2062696
-8.776502,-2.2319264,-3.0180295,-12.83451,-12.68088,-4.8913636,-3.7291913,-0.91426706,0.066630155,-0.4778279,-2.6075606,-4.1533294,-4.003727,-2.8734536,0.013148785,-7.1598363,-4.687764,1.7650732,-6.922147,-3.4807827,0.102838814,-3.188488,-5.0838227,-3.253514,-1.2560834,3.0467174,-3.8139286,1.099355,-6.46269,-10.350792,-3.0743494,-0.9626249,-7.241018,-9.179816,-2.458776,-7.266157,-3.1446235,-9.703866,-6.6347604,-9.401491,-9.09655,-1.4081565,-4.2876544,-2.583682,-3.8165913,-9.127731,-1.8043747,-6.339042,0.24461508,2.7905054
-3.4524388,-4.7242827,-5.5641227,-6.2792277,-4.822612,-8.918839,-6.207339,-4.051453,-7.4396033,-9.050865,-3.7231627,-4.01615,-17.500866,-0.7833111,-1.7602532,-3.3319747,-1.0208716,-1.9892123,-2.38221,-5.2096353,-2.8123739,-5.360953,-4.642415,-1.2503985,-8.622009,-9.770304,-2.3932261,-19.017097,-6.278685,-3.2170877,-6.9625444,-1.1399213,-5.8132806,-1.5069463,-1.321845,-7.5187397,-4.580494,-3.178413,-1.9981081,2.268484,-3.9791484,-8.92792,-2.394532,-5.7101226,-1.3717613,2.9310908,-2.780475,-6.0524826,1.9356935,-9.195058
2.8859096,0.38574266,-2.8216205,-1.2501309,-2.8834414,-0.93885756,1.6649512,1.009048,-4.262261,-4.555987,-3.3181932,-5.9623413,-4.7501173,-22.212233,-5.3900614,-2.9489036,-1.0025494,-3.6648016,-3.5820594,-1.2618366,2.5202916,-1.3446553,-2.3877404,-4.514182,-7.0149627,-10.737336,-2.4481995,-4.5557566,-1.2633072,-1.314933,-4.1213174,-8.8953085,1.4158022,-3.1394453,-8.902182,-3.4884892,-12.255371,-21.92138,-0.047010005,-3.6890922,-2.6003146,-3.6787877,-5.517911,-4.148476,-6.5425277,-9.699091,-6.6022935,-1.3010997,-4.3670554,-1.3236438
-6.3618064,-3.3970993,-10.7603,-8.6316805,-5.035104,-0.9145565,-2.1861546,-1.3469142,-5.205124,-2.84491,-1.1346016,-1.617868,-8.692772,1.3941023,-4.94453,2.1743863,-1.6592817,-1.376613,-8.713349,-0.6146486,-4.0414805,-4.1826963,-2.6130962,-3.4623046,-6.207923,-1.3715509,-1.0189439,-7.985915,-1.715411,-3.6242757,-6.2085676,-6.836153,-0.50771165,-4.313765,-1.558085,-7.099133,1.5067385,-2.72835,-0.27728045,-4.74052,1.7911637,-2.8680418,-1.1717488,-7.8812027,1.5555404,-9.002423,-2.72262,-6.1294255,-4.006859,-4.4822726
-6.286419,-1.649894,2.4894714,-0.85604954,-8.47198,-3.8601933,-4.7945642,-6.0266438,-0.96630764,-3.4252865,-2.1230211,-5.592605,-4.5891485,0.7000809,-6.5578713,-3.7644038,-1.0934087,-2.7780244,-1.3100808,1.9498749,-3.3870182,-4.667442,-6.387971,-1.6056354,-3.9803967,-1.5206394,-2.3202317,-11.458054,-2.2250786,-4.407871,1.6499856,2.8469536,-5.5668263,-4.3711033,-4.973658,-1.4646187,-7.00628,-2.9105432,-2.5041475,-1.2753392,-3.7246594,-6.2376723,-7.8709364,-6.4343276,-4.699086,-6.5234976,-5.5195203,-6.4787936,0.05739534,-4.182948
-0.6382868,-4.0802546,0.911437,-4.444898,1.0964575,-4.3490124,-1.5648975,-3.860064,-2.483745,-6.34977,0.33264348,0.15304947,-7.104409,-4.1848855,-2.4307191,-8.996692,-3.2362795,-7.4964724,-8.933217,-2.6245797,-4.205448,-1.9037397,-5.36832,-3.6717105,-6.3586993,-1.7763462,2.0648503,-2.6613462,-0.044770002,-4.424231,-2.7929466,-1.4504592,-8.284792,-4.6144423,-7.656045,-5.6696043,-5.4721527,-4.7126446,-7.218809,-5.969759,-3.8613286,-3.4450135,-8.518297,-2.7727225,-8.72137,-0.8536937,-5.5074387,-1.5075612,-5.591517,-1.401513
-6.293883,-7.133961,0.079069465,-5.302788,-2.631432,-1.0519876,-7.953844,-8.700508,1.2885296,-2.660805,-1.423891,-4.4921837,-5.913076,-2.6704798,-2.1894119,-4.2400937,-5.6397133,-3.0216596,0.6869848,-10.156575,-1.7433662,-9.101586,-14.0732155,3.0142555,-2.1526787,1.0571326,-2.2985015,-9.807545,-7.1682277,-5.9153695,-5.3450184,-6.256926,-1.718616,-4.5911365,-0.82000995,-0.35332537,-6.491139,0.38661385,-8.8881035,-15.323341,-6.649535,-5.7864733,-6.320189,-6.1872373,-17.725103,-4.8001194,-4.7581553,-6.0429835,1.3408725,-0.20188749
-2.8877618,-3.4914324,-0.8166981,-8.7210045,-2.4206898,-4.7071247,-1.5394156,-2.497419,-0.8890294,-1.3512868,1.0210289,0.79500604,-0.74634385,1.8877681,-1.7389541,2.8343165,-16.607431,2.6021981,-6.7532296,-10.059855,2.7745478,-2.3612437,-0.3554312,-3.78089,-9.588334,0.912315,-6.8490934,0.6174909,-3.7166724,-6.1077785,-2.6660726,-4.770993,-10.027046,-3.184082,-1.4210892,-2.7777462,-5.3697243,-4.2040367,-4.213723,-4.051799,-5.176308,-3.3206012,-5.026913,-4.2839847,-9.580975,2.9448938,-4.7542567,2.5922906,-8.752667,-1.735714
-8.220932,-5.2743473,-3.958969,-4.6783495,-0.84851,-9.001189,-1.7225013,1.5213051,-8.773243,-1.4629085,-2.4418387,1.3928437,2.5244625,-2.9477098,-2.6979494,-5.134637,-2.8207746,-6.327067,-4.4142118,-4.194582,-5.984955,-3.6726375,-4.345543,-2.355965,-3.39002,-4.1559896,-1.4546736,-5.970341,-7.351426,-7.4333715,-3.5067039,-15.523899,-0.7834805,-9.347961,-0.81589794,-1.10377,-0.43749595,-9.452718,-5.0923195,-3.060745,1.1192205,-4.718204,1.157191,-3.6819534,-2.9546838,-4.4873295,-0.17559934,-7.1806855,-2.5043225,1.2027111
-2.3735852,-1.3189056,-4.1071467,-0.8410318,-4.084637,-2.7418141,-6.433246,-6.1358986,-0.08009452,0.52237904,-1.2968509,-3.763287,-5.7159038,0.7535238,-1.2580063,-4.3366613,-6.3099794,-4.0612335,-0.23638028,-1.2690402,-7.1298904,-11.801326,-9.329576,-6.4009547,-0.9596926,-4.490196,-4.6169024,-4.4368534,-6.513413,-6.1383543,-3.0453272,-12.380742,-3.2940266,2.0188391,-23.344429,-4.081332,-4.325504,-5.796765,-4.7711563,-5.607983,-0.8923329,-5.9178185,-9.6525545,-2.9878457,-7.426276,-3.5035505,-0.33764946,-5.1129565,-5.682878,-0.20203733
1.0874002,-4.370327,-2.9917502,-2.384147,-4.5877337,-4.254683,-7.155739,-2.6263387,-0.5221633,-3.9886246,-1.5773709,-1.5792062,-1.2550162,-6.113828,0.06723496,-7.6336956,-1.486845,-4.3268113,0.062973976,-9.483241,-3.81606,-3.8490367,-7.682129,-7.2453823,-8.804982,-5.487049,-4.9066896,-1.497415,-5.7276034,-4.5041165,-2.5989254,-12.511726,-3.8123527,-0.27567005,-4.5488057,-4.7322416,-12.1061125,-2.1849015,0.9262643,-1.5251546,-1.3662912,-1.8595114,-2.878676,-10.037113,-3.1571326,-3.0749543,-1.6335397,0.89964736,-6.475313,-1.7554684
-5.6572495,-5.8099866,-5.83063,-1.3894484,-4.853104,-7.9851103,-3.3648047,-6.2643456,1.7653457,-2.0070055,-2.7998383,-4.6947813,-6.291336,-2.9972003,-4.222246,-4.780236,-3.7716827,-2.2326105,-3.7282696,-4.837566,-2.9575906,-2.8180506,-3.290501,-0.9059428,-0.53336585,-1.2191005,-2.8358512,-6.718173,-4.404117,-3.010867,-1.8549745,-0.6106452,-6.416965,-1.3136433,-11.342885,-3.6135888,-5.724948,-4.0873127,-2.640045,-3.2418234,-4.4670353,3.3248854,-4.1395116,-0.5061773,-6.9574914,2.283976,-4.265675,-17.974728,-4.067463,-5.501493
-4.1990285,-9.600436,-3.9031763,-6.143639,0.7060647,-5.9586554,-15.004706,1.5620989,-7.0640116,-6.828178,-2.0078115,-2.9486048,-7.985341,-6.4764867,-7.2914166,-8.243997,-5.8605433,-9.176307,-9.155775,-3.7209306,-1.4560971,-4.0864506,-4.9707484,-4.453325,-7.18871,-6.5623903,-1.0637218,-1.4403572,-2.5658553,-0.2573402,-2.5525987,0.94001114,-6.9082847,-8.7897215,-4.4620223,-5.332149,-4.417239,-2.9182131,-2.7692065,-4.203253,-1.7272785,-1.0455931,-4.7807493,-6.027815,-2.3636737,1.5948638,-0.51229596,-3.346183,-2.083927,-3.9919748
0.4052284,-1.1254965,-2.3835328,1.2256966,-0.39222443,-2.591031,-4.2127705,-7.1910825,0.08429882,-0.7592441,-3.5007071,-4.9610395,-9.159104,-2.7051797,-3.1157126,-5.9033747,-3.4627051,-5.423219,-1.1387112,-1.4098496,-8.588458,-9.41726,-3.924118,-2.6559167,-3.8553886,-4.0996647,-2.483857,-3.0247874,-4.7078805,-0.18860555,-7.714697,-3.9969754,-4.886348,-2.2713187,2.9754095,-3.1155348,-1.418003,1.8391647,1.8859401,-3.6415706,-1.8860657,2.4114718,-0.5479164,-0.8506447,-5.9116616,-3.1463995,2.4442177,-3.8000069,-0.47832412,-7.3012476
-3.475237,-4.80698,-3.7013988,-3.0148041,-5.62036,-0.5032059,-3.6803417,0.2912914,-4.7088943,-1.9942799,-6.154183,-6.6720543,-9.975254,0.53083205,-0.61812603,0.0373334,-9.0191145,-9.847959,-1.0676016,-2.7383268,-2.3372324,-17.27311,-4.3311,-2.8606749,-4.664621,0.63477814,-8.747614,-1.0343454,-0.5527922,-5.912409,-0.53575027,-2.8438761,-2.9548402,0.21951967,-8.5046835,-6.218835,-4.5825663,-5.768925,-7.32938,-2.3688285,-2.7172801,-6.256995,-3.3927255,-4.86315,-7.4896235,-2.4692242,-8.811527,-0.7132753,2.5765338,-0.003191352
-2.7362852,0.17610785,-2.0407176,-1.3045893,1.8694336,-5.4574056,-2.8628833,-3.6366696,-4.078826,-3.9351673,-6.239154,-5.842009,-5.289204,-1.2940084,-3.2042305,-4.308688,-3.9460068,-2.1857996,-1.5557816,-3.794386,-8.785892,-4.764662,-4.214725,-8.798035,-2.7468252,-4.074092,-8.006086,-3.9604588,-2.9988792,-4.6427307,-1.8262248,-6.980684,-4.4654016,-5.281794,-5.491389,-3.5018253,-2.337718,-3.8904853,1.5350076,-3.3197083,-2.5891504,-0.9104078,-1.6705813,-1.2926725,-6.1833777,-3.8029346,-6.018742,-3.668057,-0.60549855,0.13987043
-3.850595,-2.9728067,-0.1796447,0.80210793,-2.2871437,-5.5034404,-1.5975482,-1.3333999,-2.5921876,-2.9305246,-4.4213386,1.2990094,-8.215464,-3.2028723,-4.9400125,2.0597355,-2.6126533,-3.6152577,-8.855719,1.3635263,-2.6893666,-5.3855443,-4.440396,2.0296664,-1.2466276,-7.0825925,-3.5156608,-6.734123,-4.892152,-2.8872151,-2.8916955,-6.951862,-11.400592,0.32847837,-6.364465,-3.0920093,2.1370687,-3.0423086,-4.76862,-1.3380592,2.8129592,1.38085,-1.5964177,-3.8656158,-2.3487444,-4.1238165,-3.5010247,-3.5173697,-4.765992,-8.043201
0.796105,-4.300226,-4.162964,-6.240558,-0.51478934,-17.123713,-9.08188,0.77222866,-6.7934923,-7.97196,-2.5968642,-8.903564,-7.3350115,-1.8187668,-0.9837915,1.6771569,-2.3354342,-17.180573,-4.5103636,-0.49635345,-1.233317,-0.7544427,-5.3050966,-0.9001602,-1.6407266,-1.8701704,-4.1865873,0.13199434,-5.3144693,0.74010646,-3.5799603,-5.8314376,-6.8119307,-3.0659518,-4.7196097,-5.1584105,-6.2376137,-9.028288,-1.3629724,-4.2643003,-2.620028,-9.275543,-3.1098738,-5.3029227,-4.6744056,-0.020698488,-6.024938,0.2340714,-8.060669,-0.655509
-2.5271363,-6.634249,-6.0229754,-3.2173223,-8.403888,-4.623676,-3.9687166,-6.478518,2.6109755,-3.0679014,-3.5925636,-6.4517584,-0.43156588,-9.567256,-0.80964196,-6.879001,2.81596,-2.5712342,-4.7529883,-5.3920164,-3.1082916,-2.858141,-4.5699544,-6.105248,0.5794464,0.7901778,-3.1671407,0.8441366,-6.362519,-3.6139755,-4.3189483,-3.0498388,-1.4282204,-0.24067497,0.12626198,-3.4702,-1.8000128,-5.6025863,-4.0669866,-0.36943698,2.9146707,-8.708527,-1.3012486,-8.284553,-9.404151,-4.7820597,-4.7021213,-2.7923498,-10.825235,-0.18226504
-2.9716105,-7.689205,-5.3097687,-4.7256546,-6.044255,-6.1749325,-3.836698,-5.4270506,-3.5878968,-2.5349615,-1.3444471,-6.2940125,-5.7744246,-0.78190184,-3.652472,-9.229766,-7.803545,-9.244205,-3.478176,-3.8959217,-9.681802,-11.521682,-10.033159,0.7799432,1.406786,-2.243554,-2.2157805,-3.1033082,-3.2451277,-5.9675894,-6.644362,-3.8990026,1.0500982,-4.3384705,-2.557826,-3.1282072,-2.665488,-3.0691912,-3.573783,-4.456719,-2.8180506,-8.272789,-9.763664,1.1288723,-4.518347,-6.505567,0.06333125,-1.8683174,-3.3678668,-2.736816
-5.8685436,-9.258015,-8.409896,-3.6376996,-5.914712,-0.5073706,-0.4018404,-3.762568,-0.8423685,-0.15792322,-2.6443195,-4.8101153,-3.147787,-4.4213724,-7.7954006,-0.26337677,-11.534496,-6.059964,-0.17269564,-6.9336085,-5.2294197,-8.160378,-9.907234,-3.284245,-5.627406,-2.378537,-5.882944,1.1703875,-0.84525275,-5.7908945,-2.7690284,-2.8562446,-2.871209,-4.0623655,-5.8813663,-3.8802066,-7.5970945,1.3842046,-5.9741936,0.24114993,-5.8567095,-1.4113065,-0.51993,-4.791795,-2.9098237,2.8432064,-2.78257,-6.386091,-11.557941,-5.929511
-6.499441,-5.3860316,-1.5050032,-5.967957,-0.5484817,-3.141806,-0.5036017,-4.8441873,-3.0225587,-4.799787,2.5906825,-10.923488,-5.08658,-7.728635,-3.3609486,-5.876935,-10.356924,1.0673099,1.4229764,-3.3784194,-6.0293775,-1.2265939,-3.7466464,-5.89428,2.1331525,-3.5709057,-6.0104775,0.5758768,-2.6904156,-3.518745,-22.55153,-4.247299,-5.5970597,-6.290288,-4.773902,0.0028226078,-2.5550306,-6.1725144,-1.4859829,-0.31538475,-1.2661123,-6.5734897,1.3521571,-1.1628017,-4.7457356,-2.1664374,-0.1784398,-11.444092,-4.189824,-7.21721
-9.198748,-3.131952,-1.5423119,-4.182271,-3.585013,-0.8629073,-0.21685266,-7.144097,-6.555409,-1.4534528,-4.1790323,-14.639563,-9.590253,-5.129295,-6.500877,-1.5729308,-0.09073812,-6.150067,-11.182251,-3.8479123,-4.5908194,-2.6847026,-8.073162,-2.7875624,0.34266585,-1.2985753,3.0289774,-6.6026125,-6.6732264,-9.056242,-3.8209844,-8.082643,1.824971,-3.491851,-3.6847615,-1.4303436,-5.6142054,-5.6148734,-2.5434992,-3.9994888,-3.8179579,-0.5810778,-9.343675,-6.746611,-5.901583,-3.3502803,-6.547907,2.8040445,0.16934884,-7.262595
-1.1614687,-6.434577,1.5400146,0.68564856,1.2672944,-2.5015595,-5.8494215,-0.22625065,-8.985818,-4.5900855,-8.4136505,-9.895423,-2.4729776,-0.55944884,-4.0537353,-0.763275,-2.8068953,-3.8136582,-2.6256416,-7.52402,-1.3772852,-4.818453,-2.7515922,-6.2447047,-7.6960545,-10.031829,-3.2538025,-6.1775923,-2.1152875,-0.71222734,-5.231647,-6.167874,-4.3701344,-0.75226545,-1.5670364,-4.388483,-2.723973,-1.3393337,-1.6034873,-2.4162607,-0.26829028,-1.5278265,-5.4509583,-3.2486656,1.7822044,-3.3613062,-6.5429544,0.012315929,-6.929566,-4.531773
-1.4013965,1.8451827,-6.3628407,-3.425737,-4.782168,-0.41084397,-3.3071396,-6.398907,-2.6845305,-3.4821484,0.711209,-9.24721,-2.4155254,-0.6096492,-6.776132,-6.4537053,0.0933851,-1.1225572,-7.0842013,-0.6874567,-6.2830963,-3.0890229,-3.3195462,-2.4065425,-3.7078743,-6.7884717,1.7940732,-0.25372458,-1.5135763,-0.22856784,-4.885508,2.242498,2.8672557,0.051173657,-1.4216312,-6.7067747,-2.374788,-1.9911191,-7.894431,0.98861945,-2.8498917,-1.3779553,-4.732452,-3.2970674,-9.245216,-3.4649696,-6.1599684,2.1579642,-0.4221866,-6.211299
0.46314603,-0.4168526,-6.2471824,-9.899818,-4.5114827,-5.6131306,-6.7851615,-2.4796786,1.1015136,-9.08579,-9.601794,-3.5608544,-11.691044,-0.45354307,2.2677636,2.8245761,-2.3538876,-5.462623,-0.6601436,-8.802545,-5.8376555,-4.3651013,-1.0332868,-1.6224794,-3.4345052,-5.476026,-6.1435795,-1.022902,-6.481882,-2.9629488,-1.395864,-1.595422,-0.05423659,-4.2148256,-9.818969,-2.956551,-2.435393,-0.44360548,-1.963165,-4.4202533,0.61468744,0.3576863,-3.1265104,-5.4387655,-4.674011,-9.181388,-2.31707,-1.3856243,-5.5532026,0.7025466
-0.29792386,-6.3128066,-5.4367485,-2.894766,-6.014486,-2.7944143,-8.617134,-3.3218482,-1.5440719,-2.5753198,2.8784704,-0.16811866,-4.3642926,-12.256815,-4.2672086,-5.9857936,-3.721336,-4.7144637,-7.35038,-4.6740546,-3.3356853,-2.8975248,-7.546983,-5.4699655,-6.635402,0.12561777,1.3345027,-1.4741867,-4.828759,-3.5968819,1.355658,-1.9145567,-1.3365442,-10.252812,-2.5391881,-4.5059214,-9.467068,-6.241489,-2.6588812,1.4207748,-5.52544,-1.1565391,-3.399082,-6.7954926,-3.508102,-10.962385,3.2270308,-7.468369,1.2560425,-1.9268706
-8.80861,2.385213,-4.507061,-7.3079553,-6.026058,-0.79450333,-3.4695206,1.9724585,-5.3771005,-5.428344,-0.5198877,-4.8164387,-2.6115818,-8.908299,1.9083129,-5.219781,-6.27558,-3.6641684,-1.92612,-9.320423,-3.0686858,-2.556047,-1.7845497,-7.874984,-9.860543,-4.033588,2.6587927,-3.7675924,-7.588711,-6.126804,-8.579805,0.8582665,1.4208516,-1.8221216,-3.0799074,-8.097532,-1.2370548,2.5607045,-4.2439485,-10.145486,-1.2399329,-0.68747437,-3.309015,-0.117278695,-10.305882,-2.9659107,-2.5309591,-0.38608503,-4.7672,-0.037511468
