test_pred_0,test_pred_1,test_pred_2,test_pred_3,test_pred_4,test_pred_5,test_pred_6,test_pred_7,test_pred_8,test_pred_9
2.151067,1.7114332,2.465506,-0.15295261,3.4166808,0.7470723,3.6858995,0.7319191,0.72286916,0.6521014
1.9656625,2.330597,2.3035808,1.1306564,3.5162196,2.6697335,3.603776,2.1586747,2.6882608,2.0320446
2.4984503,1.8448828,2.1963034,2.4561539,1.7295051,2.8895748,2.8673232,2.8158374,3.1650698,2.1280375
2.8614857,1.0895365,1.0104473,2.6546297,-0.91304076,2.147117,1.149994,2.060341,2.9422674,3.3205395
2.228401,1.2530849,2.7783048,2.9753308,2.1688037,2.2955408,2.467649,2.5787807,2.7112455,3.0116682
1.1766663,2.6091592,1.0969484,3.1462307,3.2621639,1.7869545,3.5720944,2.2357192,2.4421816,3.3879118
3.0146842,0.11854872,3.1663396,3.2811418,3.1663563,2.7469993,0.85253334,0.6729273,2.0227919,1.1087981
1.0938537,0.7604749,2.7826467,3.1453261,2.674441,2.9992347,1.9088689,1.399755,2.4166923,3.5976033
3.208072,1.1114378,2.0232723,2.924833,1.5965759,3.1501207,1.3198493,2.3991573,2.476434,0.8770827
2.4164696,1.7121528,3.3337822,3.375417,3.9218287,2.8908715,2.9422803,2.656064,3.3894322,2.5971754
1.6097023,2.7790036,3.218762,2.5620766,2.9405282,3.1523871,0.7695165,1.7737986,3.2848043,2.68399
1.5101525,1.4859471,3.7763917,3.7295082,1.6876304,3.0119905,0.91433775,3.6520004,1.7817944,2.8784814
3.1104894,3.1203408,1.2886205,2.91608,1.299926,3.0862317,2.3268428,3.409572,2.744568,1.465387
2.9303474,0.7695884,2.8826523,2.1130958,0.9847084,2.9340918,2.9559073,-0.10215497,1.5068744,1.0478803
3.1615498,1.4428082,2.4326289,2.0307708,1.9463942,1.6931787,3.4130452,2.8782706,0.903514,2.33039
3.0843658,2.302878,1.9276559,2.2276464,2.850326,2.6302037,3.141927,-0.28332436,0.800894,2.1998835
2.6776142,2.655325,2.042563,0.19723332,2.706545,1.3379142,2.7287502,2.0982687,1.8719591,-0.13675827
2.2189746,2.6506798,2.439916,2.2594008,-0.35200578,2.7170594,1.5535953,0.3351226,2.032878,2.7168427
2.9084668,2.8296835,1.2095518,2.2403088,1.9016898,2.8572118,1.8094817,1.2492015,3.4466207,2.6372929
2.3367786,2.1636167,2.7658553,1.7466093,2.712507,2.4608245,2.6379485,3.0692904,3.053191,0.12442124
3.293045,1.6757711,2.7226677,0.11199048,3.0257173,1.5797495,2.752255,0.2647441,2.3475723,2.0880096
1.9500276,1.670971,2.1879544,3.046548,3.1460397,1.0151913,3.3609047,2.4469714,2.5651479,2.4750414
-0.49532938,1.5712938,1.6308737,2.330017,2.5891302,1.6133325,1.5320712,1.7060715,2.0744176,3.0726373
3.4980915,2.0480042,1.8445841,2.2583108,1.9609559,0.93442166,3.744231,3.5555696,1.4187698,1.5966847
2.6398087,2.3235233,2.8517263,3.7638488,2.9570498,1.8384228,2.4680216,0.289316,1.835492,0.5654493
1.6566156,0.9654275,3.0427053,4.0384274,2.3573565,1.1499621,2.4475236,0.35153455,2.769072,0.32531008
3.5999534,2.8091974,1.0738666,1.6414853,3.3431454,2.3534894,2.2784262,2.465106,1.5759412,0.2655359
0.13837627,2.3099217,3.0744753,2.5689986,-0.23361117,-0.26458472,3.4012563,2.2641504,2.7812,0.93789715
0.87524056,2.7602117,2.9142015,1.1928747,1.8605971,3.2977538,2.7191525,2.7287605,2.4403553,0.9528993
1.7365075,2.2392695,1.812605,2.074823,0.68785155,2.969047,1.9659076,1.4520259,2.2195141,0.738379
3.606464,2.3077655,2.4195662,2.7772198,2.618075,2.4878373,2.0378156,3.4894187,3.4747546,2.5116959
2.068249,2.1078463,1.863699,3.1297143,3.472504,2.6918685,2.4403305,-0.027079701,2.9957573,2.890513
2.6648924,2.0851402,2.1626306,3.003064,2.4887161,1.1970675,-0.19897056,2.4511285,0.9656149,3.27331
3.1028686,3.6934552,3.0400891,0.8817558,0.75648844,3.0820427,3.1681228,3.1634486,2.518859,2.0958238
0.88905156,2.0511475,2.8647776,2.510101,2.2278738,2.1066751,1.8740327,2.585646,0.83662003,2.5903327
3.8135788,2.7358396,2.3496385,2.6979368,0.340307,1.1435627,2.9780214,2.6989703,3.4029768,1.3861446
3.040173,2.9158103,2.5608106,2.0475452,2.430418,2.813117,1.6528515,1.9799206,2.8843327,3.2691214
1.2629986,1.42099,2.8206444,2.4258323,1.9298052,2.827908,2.9478047,-0.27573144,1.8132902,2.8615475
2.881479,2.6730478,0.858922,2.941392,2.8378844,1.8894252,3.7529788,2.5657384,0.7491684,-0.026474357
1.6551762,3.1158874,3.2779992,1.875753,2.1595535,2.8781798,0.4490284,1.1525843,3.5144281,0.7060561
-0.31497008,2.9305222,1.3299537,1.9140487,2.6261,2.339171,2.468964,2.0998626,2.9902186,1.5269158
3.3786998,2.6572917,2.3539882,2.121048,2.0539427,1.0877044,2.8463137,2.2194533,2.9413595,2.6304455
2.6480262,2.374168,2.6475153,1.3630655,3.6183639,2.3440719,3.2719069,1.8482581,1.5611587,1.5764686
3.162496,1.757071,2.0732985,2.0392234,1.3223145,3.6742127,3.0216439,0.9372536,1.7699926,1.5944972
0.33821648,2.1008277,3.316074,-0.077290595,2.5055249,1.2966604,3.017055,1.81939,2.2321224,2.0675182
2.2182603,2.3918438,0.9971378,3.4415455,1.3168938,-0.6914954,1.9568055,1.561419,1.8988198,2.3208218
3.2796752,2.7225027,1.4639928,1.089202,1.1421838,1.6713079,3.0256312,1.741405,2.6181333,2.329584
2.300331,2.2380037,1.7243991,1.6593953,0.31605285,2.1724806,-0.53925097,3.2592194,2.0905566,3.2316356
0.46697688,3.0981522,1.6458716,1.6638592,3.0843697,2.3181005,2.6914206,1.6485939,3.336626,2.3954258
3.5307286,2.7983153,1.0929017,2.6210394,0.33208174,2.151742,1.0705569,0.42868847,2.8933678,3.734523
1.1553731,2.6593685,2.0397582,2.9598794,1.7126583,2.3219857,3.3647904,1.860056,0.9338747,2.4287038
1.7993537,2.0007944,1.3561256,1.1786789,0.91072404,1.4345882,3.6884933,2.4590836,3.1731489,2.910965
1.8882563,3.3596013,1.3177433,2.2037227,3.3784082,2.4470942,1.8773687,1.4452711,2.0663424,2.7274063
1.9831165,2.8627052,2.8101888,1.000916,0.4945339,1.2663705,2.423737,1.358476,3.103681,2.025214
0.96209574,2.5980732,2.645351,3.445143,2.0960293,3.2127619,2.654614,-0.15148348,2.460001,2.8948586
1.396166,3.0832224,3.1486316,2.7092373,1.1983551,1.2737374,1.8883922,2.7765892,1.0788455,2.9996831
2.6410444,2.0545416,1.6761962,1.6398219,2.9977221,-0.21205193,2.6684988,2.6877983,3.5967517,3.9699028
0.25819203,2.0272388,3.0048482,0.8985529,3.0620255,2.0262847,3.2860818,3.8042386,2.613992,1.5760771
2.7371712,2.9743102,2.0194402,1.2817695,2.4577303,0.87715733,2.0523424,3.8047771,2.8071053,3.2006497
1.3280258,2.0867138,1.4764123,2.2873573,3.629027,2.4473615,2.1099653,1.8590922,-0.0950408,2.9813952
1.4767132,2.6366818,1.2701188,2.479355,2.1225128,3.4669104,2.9747882,-0.6137301,2.0490255,3.3079276
1.9339993,1.0545244,3.2138834,0.92530143,0.97505784,2.9740655,3.3759205,2.5964415,1.163298,2.1900806
3.1997094,2.7288072,2.8364718,1.1613486,2.6559649,1.8257697,2.2266662,3.6880152,3.0364883,0.5158911
2.97836,2.988132,3.4644573,2.1657014,3.0397727,2.1641293,0.18495291,3.1708913,3.0033696,3.575555
3.0547462,2.9859607,1.0641158,0.5467816,2.9516842,0.35532779,3.2405326,2.2516842,0.31599274,2.670678
3.0131726,2.1102433,0.8959093,1.1123496,1.2677324,3.104709,2.2310805,1.4395411,1.367027,2.0935733
3.0344162,2.9310966,2.5100052,1.4551833,1.2310605,2.4298835,2.9423678,3.568238,2.6346228,3.1448643
3.649685,2.7570264,3.648725,2.927016,2.64976,1.4365735,2.9242823,3.3516371,3.6675441,0.7575105
1.4603269,3.6462533,1.3155956,2.6383717,2.412956,2.7945879,2.5741477,2.2498431,1.7272713,3.2440233
0.45471546,3.7689037,2.8395405,2.8202455,1.1780974,2.3246927,1.696999,2.9383888,2.427537,2.4319348
2.7518833,1.2480869,1.0888922,3.3108554,1.7966684,-0.66513133,1.0711491,2.8730369,3.0000107,2.841982
1.8549613,-0.29248387,0.056477815,1.3647571,0.9801439,3.5482423,2.8621967,2.706603,0.73570144,3.6062608
2.8802903,1.7160314,3.3326218,1.3093866,-0.23272431,2.0718083,2.869044,1.316611,1.7903143,3.1104763
2.169013,1.1684066,3.3121266,-0.34281063,3.2487454,2.6530442,0.69522786,3.1827455,1.9695984,0.13535815
0.86458325,0.07666561,0.2877267,2.4392755,1.6365507,2.7961366,3.730106,2.6915505,2.1339874,2.7850177
3.0160108,3.0304532,1.6584988,2.9190862,0.79449344,1.3530695,2.931719,2.7169633,2.0644841,3.4226966
3.7544808,1.9949228,3.2741458,0.8498328,2.259394,2.7269318,2.6355636,2.5595722,3.4947665,3.0627513
2.0766902,2.3761,2.8552969,1.7622905,2.8425646,2.7052734,2.2563105,3.3740642,2.0416582,3.1974888
0.23951867,1.7099769,1.1619881,3.3043373,1.1530173,3.565588,3.5759988,1.9470127,2.662076,0.7380912
1.1601214,1.5654788,2.6823492,2.4591312,-0.13005579,1.9711918,1.5898147,0.7631763,2.785982,1.7943585
2.9393597,2.3031373,0.9630268,2.1570349,3.2345307,2.5468607,1.0672181,0.13640684,1.4140303,3.1712906
1.400269,2.9277978,0.559736,2.9617543,3.3302808,1.0375481,3.1585946,-0.33399463,0.44877264,2.5886533
2.8512838,2.4414074,1.9928744,2.1427922,2.6134827,2.47528,2.0664659,0.72231555,0.6715406,3.242823
2.0241308,2.0245767,2.9992619,2.790769,2.5770035,2.1664093,3.020908,2.267521,1.6964712,1.7235688
1.9973665,3.2878177,2.9656057,4.387905,1.2605313,2.8837626,2.8925896,2.4939213,2.2199552,2.8888497
2.340958,1.4757411,2.0249343,3.7114108,1.7667625,2.3607354,1.6900384,3.23684,2.9580274,1.8731087
1.2747382,0.44376174,2.3666244,2.1340764,2.2043476,2.409973,0.3661862,1.27659,1.151945,3.3098688
1.779552,1.1126345,-0.12545383,3.0152173,0.7236808,1.862838,2.1291077,2.7816515,3.1784701,2.5010638
1.2314572,2.3570857,2.714628,0.57696986,3.214288,1.9369531,2.2379198,3.267741,1.3167567,2.984771
1.3708532,3.3090255,0.946084,1.5179654,0.49483207,2.955489,2.6895785,3.4978924,-0.16638309,2.473695
0.085290045,2.282505,3.3993788,2.4378877,2.1340528,-0.3190952,2.9457395,3.5101385,2.2435226,2.2085052
3.0336845,3.4470408,0.74433905,2.1393118,2.8443716,2.9408908,1.1167445,2.8784256,2.6299593,1.9715353
1.8664933,2.5853522,2.7344682,2.0113957,1.3522921,1.6155962,1.993114,4.022579,1.842517,1.1500843
3.2656386,0.30771267,2.7787547,3.0543253,0.7479012,2.8390694,0.58434653,2.7896857,1.9779053,1.9325032
3.2928214,3.1659029,0.7342184,-0.5198939,3.5806406,1.5848154,2.9036055,1.0996585,-0.1184026,1.0392752
1.636356,2.882877,1.7154609,3.3288095,-0.040214956,-0.0390895,0.31688246,2.347362,2.4053154,2.4562716
2.7020953,2.5505037,3.0398335,0.81114626,2.2017574,3.959653,1.5772424,3.3177917,2.2435226,1.3829889
0.061133265,1.7159227,3.162059,1.4773538,2.8848708,2.6221697,2.632434,2.462249,0.5648501,2.307804
1.2793285,3.038461,-0.023545384,0.7557452,2.9744744,1.8297517,0.8929574,2.5022974,1.5025704,0.24750414
3.2614257,2.7684069,3.287757,3.387745,2.5424361,3.3591242,3.065667,3.722841,3.1453087,2.5849316
-0.37930965,1.9341798,3.0781944,3.188835,1.990191,0.8877996,1.70828,1.5149705,2.8876288,2.742688
2.0395525,2.3168004,1.37993,2.7023325,2.5474305,2.3328638,2.1919494,0.7971883,3.0129163,-0.44278753
0.5722031,1.4586868,2.3186798,1.2567694,0.88945585,-0.39595228,3.2899241,2.8959575,1.7364335,2.7529116
2.9538147,2.6896017,2.6327798,1.416414,2.990414,3.3253164,3.3905702,2.8074105,2.8961163,2.994345
1.2905364,3.0944986,2.176561,1.3302858,3.0538363,1.5979681,3.1400943,2.170205,3.1044974,1.5056283
3.3440733,2.2110963,1.3043544,1.5492682,1.0715251,3.415418,2.7696447,3.6093006,2.6740496,2.4762244
2.5493472,2.352634,2.0480046,1.1620493,1.5880927,1.5981476,3.278242,1.1598687,-0.30995768,2.1547585
2.699452,2.4650834,-0.026471198,2.8518422,3.0776165,3.1417778,2.5175037,3.4562123,3.1904557,3.437117
3.664608,0.9293549,2.5756707,2.2867475,0.65177566,3.988321,0.9116868,1.1577262,2.300851,2.1700258
2.8612993,2.6079996,0.32751364,1.8673756,0.53372604,1.3729744,2.0431802,3.6170187,3.3145206,3.3710432
2.2736268,2.6190777,2.0253034,1.787938,2.0318475,-0.7058184,2.8992593,3.069415,2.8592522,1.4276123
2.114605,1.7658435,2.9532704,2.5243895,2.565755,-0.0052062273,0.11142841,2.9422677,2.7494757,2.8632202
1.8437568,2.9097664,2.4425302,3.176622,2.9372015,0.821669,0.41400707,1.682614,2.562537,1.7580408
1.5278977,1.5141252,-0.2520265,3.5619872,1.8475615,3.7921057,3.3332744,1.9593183,2.0296702,1.3156278
2.3733077,2.824602,3.0625196,0.023007423,0.6781155,2.502774,0.45269847,1.5172017,3.0178742,3.1920657
2.9623704,2.3031373,1.9317894,3.386072,0.7911763,3.0620399,3.2112272,0.44893494,3.139846,3.4929934
3.0078168,3.2253883,0.8165384,2.092222,3.0344121,3.7063506,1.1415305,3.052805,3.1025367,0.7303332
2.709323,2.6091802,2.304301,3.0811076,3.0376563,2.1086552,2.9551547,2.9636586,2.0011883,2.486463
2.6437695,3.2843208,2.0976002,-0.2822854,2.4068122,3.019033,2.4915516,3.260135,3.3537717,2.1901689
1.5617869,1.9298929,2.4269633,2.394218,-0.49798292,2.5755565,2.0276914,1.890017,3.0724313,2.1055036
2.80077,1.2462811,1.8263977,3.0073912,3.0351484,3.0025053,-0.07730359,2.8452404,1.9464736,3.3342712
3.0014358,2.4001765,3.2287118,1.4820807,3.6470206,3.666336,2.1027865,1.4333118,1.8931975,2.4104695
3.0400465,3.259591,3.127109,2.750329,0.9278394,1.2566748,2.877524,2.1662734,1.2319782,2.4449682
1.4224923,2.5098345,1.0133781,2.0324667,2.9942691,2.854642,1.0430584,0.87577975,2.6369917,2.2950022
3.0113351,1.1089116,2.627104,1.3807939,3.284618,2.139996,2.0015278,0.28447872,3.0180674,3.0032218
0.6310507,-0.030551195,2.4168997,1.2413607,2.3392472,3.0590835,0.49587092,2.5918477,2.883744,2.3206062
2.7580082,2.0584264,1.089559,1.7945539,2.6859221,2.7302496,2.195898,1.7777134,2.3030362,3.0686963
2.657653,1.2549949,1.4837611,2.9619577,0.50250596,1.4453032,2.508942,1.6582872,2.7470288,0.5114273
3.2787986,3.0271363,3.172775,3.2865524,2.5283165,2.041421,2.1970124,3.4769495,0.6514914,1.8738638
0.73189193,2.7537076,2.735621,2.6674674,1.8826272,2.1046376,2.2443542,2.1910226,0.9810791,3.1711826
2.2121024,2.2514424,-0.75259805,2.7820814,3.0331469,1.6713159,2.6781032,2.452228,2.933953,0.6966699
2.8520358,2.5821962,3.1002874,1.1498747,2.0669389,1.8484493,1.7963301,-0.28252363,1.4219337,3.2399101
2.9340627,0.81581664,3.8169842,3.0347626,3.0154476,2.3694248,2.7985826,0.68906695,3.4712253,3.2857559
1.9509468,1.970073,2.2545125,2.8845932,2.085281,1.9038775,1.2917633,3.4614782,3.108161,2.487371
2.6500432,1.0150523,3.2612963,2.4749846,2.446961,2.135775,2.869432,3.4936547,1.0051441,2.832136
2.5198832,2.8261762,2.697372,1.9768711,0.6893673,2.8931322,3.1914175,2.527752,-0.8658651,3.0898166
1.9358776,0.79777336,2.3907192,3.3648915,2.1368504,2.8924096,3.3802917,1.0487112,2.0208962,2.8617525
2.7241173,3.5273204,2.4789143,2.4177852,1.6111841,3.2470813,3.447086,2.9867167,2.672097,1.2063532
2.6878545,1.3855562,1.8317112,0.8339096,3.5276406,3.2985911,0.23410997,2.1496725,3.5421832,2.885626
0.48895222,2.2791204,4.156895,3.482105,1.333298,0.44256985,3.389589,2.6139147,2.4870925,0.92334414
2.4221706,2.3245742,1.1427348,1.6952835,3.565949,2.3492389,2.9312377,2.7110732,2.1292386,3.0683975
0.2836033,2.569719,1.6526496,3.3818562,3.4021764,1.7593018,2.9292367,2.0425353,2.440206,0.43310994
2.8366175,2.9394915,0.36308348,1.0035613,2.576129,3.1692905,2.5087,1.7885253,2.706626,-0.0004336834
1.0615016,2.2127569,1.9985337,0.76849425,2.8388724,0.8812708,2.4128122,1.2376058,2.832133,2.7472265
2.848812,2.2946544,3.450259,0.9292834,3.8344693,3.0513444,2.8494477,1.0137622,2.975981,0.10683659
-0.24826413,3.1749032,3.4637446,2.705377,3.2383618,0.31872267,2.3883069,2.1659126,1.6964712,2.9073405
1.3385229,3.5582054,1.9862214,2.1284947,1.1983489,0.95945823,0.9022153,2.6650732,1.6222534,0.38143182
2.8780622,1.2168995,3.750635,2.3746357,2.973649,1.4063292,-0.4119798,1.8495846,2.804393,0.75565946
2.8321605,3.569325,1.4508355,2.323927,3.1623619,3.194053,2.3005173,2.7240558,2.6320136,2.1066551
2.887958,2.7119455,3.418072,-0.49433666,3.3132308,2.5934281,3.2017756,2.033002,2.2058866,2.4732962
0.56711185,3.346104,3.096299,2.8785884,1.9959499,2.8246794,2.5932217,1.9582145,1.6897277,0.23129702
2.5282009,3.578638,2.9135556,1.8523605,0.6353337,1.0640146,1.8912617,1.9574496,1.647016,0.28462338
3.8433292,3.502426,3.9721801,1.8068097,2.8046858,2.504386,3.205675,3.6245317,1.6445326,1.5797765
2.0414946,1.7297282,0.8567221,1.5608584,-0.36469615,0.99718076,3.0169451,2.6040869,3.0349236,3.3516362
1.3374529,2.6362753,3.294836,2.9459665,1.1090455,3.2403681,1.1701646,3.6302664,2.4193919,2.6964421
2.8739994,1.7843225,2.7175548,2.666106,2.8659697,1.2758216,1.6682408,3.3792536,0.20641708,3.1414406
3.0108798,2.7905731,3.701441,1.9741484,2.923068,1.2605256,0.98043215,1.8318459,2.5079286,0.9951503
2.1078656,2.7787824,2.53878,3.4451764,2.2756314,2.4502761,2.8513403,2.9743598,2.7923331,2.832282
3.4139223,0.28113264,1.9724059,2.8056386,2.471747,1.4484539,1.5103452,2.21054,0.8419769,3.4646926
2.9170504,2.9752595,3.1445022,2.6653886,2.9706178,2.3420243,3.5174162,2.4000134,1.9295226,1.328895
2.8380995,3.6815305,1.3601665,1.3205931,1.1766524,2.9302921,3.2344983,2.0441823,2.7392182,2.2770672
2.595534,2.823057,3.1068428,1.9948394,2.934462,2.073165,-0.6545681,3.4174247,3.1895678,2.487372
1.9531535,0.99073267,2.6195972,3.0276432,3.6564581,1.9662234,2.386129,2.0625415,3.0164392,3.2528217
1.7048478,2.7975583,2.9706266,2.5942974,1.9016687,2.2020206,2.83246,2.2946951,3.1083612,2.9709935
1.2686584,2.6178591,1.3695242,0.6877912,1.8497025,3.5436857,3.1430237,1.0775828,1.3141469,2.2096095
2.6502802,2.5445094,3.0073805,1.551198,1.299276,2.8758223,2.7204175,1.4880813,2.0382257,3.2977254
2.291429,0.4212427,3.135651,2.8430917,2.0191207,1.6052654,2.1908596,-0.09527147,3.0154321,2.9548397
3.3358047,0.8429435,1.628104,2.4937272,3.0445437,2.4551332,3.1384132,1.4208925,2.6998475,2.802247
3.63774,2.3659024,2.1564655,3.612701,2.9116986,3.2717617,0.47686565,1.9337555,2.8477674,3.5116131
3.5205245,1.5928833,1.7367127,2.4295883,1.7624261,2.8882325,0.6096421,1.6564394,2.1868646,1.4604797
2.4614685,3.0910797,2.7626457,3.5322413,2.795301,3.3601265,2.411231,2.1972342,3.5831234,3.0906947
3.2845826,2.3693075,2.9111874,2.821628,1.5978047,2.92293,3.4134998,2.7445903,3.4210498,0.94451255
3.0216975,3.013861,2.3586829,2.2459202,2.5579076,3.5788076,3.2918553,2.7528002,1.3450611,2.899695
1.7912676,2.5041325,3.359417,3.114327,1.4820334,1.7475584,2.3679013,2.6825137,-0.26514965,2.6973457
1.6508462,1.3461497,1.8193746,1.8210003,3.1939924,1.8177174,3.431871,3.074332,2.0126863,2.8039153
1.4469447,1.1841351,1.9168398,2.99769,1.9477049,2.5053375,1.4275516,2.890703,0.04003793,2.9663513
-0.004210055,3.090662,2.251616,2.4461188,1.9642954,-1.1153529,2.5724688,0.8946973,0.38685268,2.1427982
3.073323,3.1795456,3.215734,1.6895448,2.454187,1.9517559,3.0897837,1.6462322,3.1925945,2.787076
0.23632038,1.071707,-0.16184998,1.6574229,1.4839044,2.3576622,3.2732432,1.1519912,1.0833771,1.9302602
2.392942,2.174779,2.6171656,1.6855639,0.96737015,1.5523795,1.4514596,1.3729677,2.0535057,1.3806522
2.5144334,3.0522866,3.1106913,2.5316737,2.3719392,1.9910128,0.72470915,1.9900962,3.4756153,3.0845332
2.8641775,1.2734649,2.8122737,2.3534327,3.0106912,-0.8894323,2.1950912,2.7153964,-0.6100476,3.1096756
2.0373018,2.2432842,0.74705744,1.9279325,2.2348933,2.157052,2.9178953,2.6463923,2.4606297,2.2078855
2.5774286,1.1582922,2.261925,2.4570448,3.2215621,2.2541714,3.0961406,2.681801,1.2714447,1.830532
1.7856836,1.543472,3.404301,2.3584127,1.1577747,1.2235668,0.99068797,4.1726923,3.2076209,1.4596758
0.30562374,3.088475,1.7526276,0.49783266,2.8501747,2.8220332,2.269899,1.1371408,1.3717449,2.3665905
3.2102065,2.610951,2.7305841,3.4353545,2.4853344,3.3761759,2.8820953,2.899801,0.9540766,2.130569
2.5510483,3.1345491,2.2615566,2.8698618,2.7920065,1.7318888,1.7882111,3.3592217,2.5903375,2.2162716
3.081391,2.4176984,3.3041677,3.0395584,0.29030603,2.9830425,2.8279366,2.8324347,3.0418208,2.2019022
1.5148867,2.5349133,2.535417,0.9562121,2.4304967,1.6213118,2.5478847,1.4379363,2.4627724,2.1323228
2.8094392,2.85496,1.7251755,2.458488,3.1960163,2.8185728,2.041275,1.6040125,1.1403962,0.78253025
2.5288115,0.4945395,0.8672495,2.403554,2.8075507,3.6843753,2.7769842,2.9338965,2.9239643,1.5207107
3.5800745,3.073568,2.5238776,3.0625184,1.5520251,2.4925985,3.1751711,3.6292987,1.3601301,1.4599383
1.8596759,3.034268,2.8129158,2.0523546,0.1949889,-0.08023417,2.4149604,1.3402803,0.43648127,2.3406982
2.258454,3.1454813,1.9835771,2.0912766,-0.0922851,2.5938628,2.823446,1.4235818,2.1204789,3.5214758
1.5495682,1.8280891,2.562953,2.328266,1.0260694,3.1032848,2.7381408,2.4880905,3.2189622,2.4188828
1.5375199,2.1071815,2.6021042,1.7411605,1.7096086,2.6884122,1.5937107,0.97981656,1.696641,1.9138672
2.7025766,2.9612415,3.193861,2.3545938,2.0884457,1.9906332,1.6980848,1.7926599,2.2348676,2.7018943
3.1805327,1.0150269,2.8191702,2.550158,2.2219644,2.0185406,1.1951199,2.4440827,1.3468056,1.0941908
1.6673989,1.3548539,2.5428352,1.7727501,2.9077,1.552719,1.0331326,1.4733267,3.1162739,0.02769354
1.5335544,2.3716884,3.1482635,2.39504,3.4013994,2.6833751,3.084424,1.2063167,1.7269171,2.2384417
2.0398798,2.459903,2.0313613,2.3463478,3.174318,4.086752,0.8421444,2.390636,3.175114,0.20891076
2.748213,2.0371828,2.6226668,1.8489803,1.9839108,2.1313186,3.2994654,3.3371952,2.8702803,2.6620085
1.4088058,1.7162684,2.849927,2.537832,3.0508504,1.6278976,1.8981215,1.7115424,0.91363835,2.2194452
3.22418,1.3245449,3.0491097,1.779866,2.548026,2.7200632,2.8653884,3.4346235,2.8687954,1.6306092
3.461063,1.051595,1.8726503,1.3157048,2.4359274,1.7755902,3.0027368,3.3026252,0.5831355,1.4858247
2.3640246,1.4025961,1.9693737,2.697662,3.5457385,0.543735,1.0348327,0.6900271,2.4662633,-0.6147311
2.2400684,2.6608326,3.1880414,3.122168,3.0721545,0.86789846,3.314305,2.3001795,1.3734648,3.1038847
2.8979042,-0.71924746,3.1491184,3.100785,2.877743,1.3240542,2.0349147,2.0029163,2.3453088,0.8035312
2.576675,2.9861689,2.4814563,2.741713,0.23140064,-0.2568543,1.8147765,2.9784029,2.5411003,1.8216047
3.0962298,3.6848707,2.1284986,0.8262263,-0.8545232,3.8114774,2.264669,2.632479,2.6267693,2.1195993
2.1222308,2.1723847,3.267734,2.6661475,3.2205513,2.845971,3.0333958,3.5633798,2.7531676,2.2493393
3.3658893,2.3217611,2.083797,1.4487782,3.4266045,2.4003758,3.1290271,2.1258059,1.0431561,3.4993925
3.5935433,0.8400879,-0.2466715,1.4172416,1.3101232,2.9577715,2.1653576,1.4563794,3.2072551,3.201311
2.5906754,3.0163884,0.8496047,2.1365905,3.3414366,3.1899323,1.8868043,2.0551128,1.5361322,3.0269802
3.530465,3.089703,2.4238303,3.3445797,2.4790788,3.5319161,0.98091066,3.152003,2.031811,3.1205876
2.2517319,2.500011,2.3048735,3.347798,2.9226682,2.7846487,1.9712331,3.4694054,2.2431822,2.6012332
2.6704338,2.6870222,-0.32159054,2.0911744,1.9223078,0.92078966,2.7113678,2.6734223,1.2586832,2.0371113
3.8867474,0.5159721,0.32501835,2.7886896,3.6726093,0.92731106,1.7937311,0.10431364,3.1032317,1.0684602
1.2535177,3.3283005,3.315311,2.583006,2.3318753,1.6676357,1.9931408,2.7297912,1.5230104,2.7302332
2.8667428,1.1369503,2.3465426,2.3677905,3.0275776,3.6295364,2.6031156,2.1219249,3.24884,0.66944945
1.343447,1.2203555,3.0676267,2.5070062,-1.178634,1.5465518,3.3847365,2.588853,2.2103548,1.8566453
3.470799,1.5753478,2.9604619,0.80320275,2.8848717,1.3911581,0.3460266,2.843007,-0.11403823,2.2370977
2.9882767,0.80199575,2.3036647,2.8164566,2.749299,2.8221204,-0.72991824,3.1105263,2.8312428,2.2323337
1.458358,3.3641589,2.8400035,0.076177925,3.2858322,0.90298635,3.0725913,2.7570121,1.755255,1.4187818
3.0950923,3.648445,0.3493367,0.5004552,0.70819485,2.9597573,1.528601,1.8179346,2.5501473,1.5614287
2.5326679,2.294569,3.0038798,-0.46746057,2.4238594,2.8754776,3.9375093,0.5633042,1.3622019,1.250598
2.1967087,2.1827629,3.3000693,1.1694691,1.6381433,0.89540225,3.2467413,0.800737,2.6368828,2.8784587
1.667291,1.4007107,3.0156972,1.9304909,2.5427132,2.4588082,2.5505064,0.7085991,1.2280121,2.7284374
1.732476,3.0250545,3.4203243,1.9013457,-0.06702757,2.7595031,2.5213587,3.096304,2.2408566,2.9269238
0.987071,1.6305819,2.4757261,3.115312,2.9121726,2.3908472,2.8655376,2.2654452,2.8428605,3.0460472
2.3199313,2.1564806,1.796251,3.4212015,-0.30488336,3.1120946,2.80121,2.2589352,2.9723883,2.8856294
2.1970415,2.900521,2.133119,0.99101126,3.142143,1.8950858,1.9136838,3.2065897,1.0979806,2.8888497
2.0773659,1.1352572,2.2612586,0.787403,3.0856004,2.9861343,0.32097787,2.3284605,1.1439061,-0.15372407
2.2915902,3.4664686,3.125946,2.9301307,2.691555,3.4937067,1.7090642,0.4654922,3.4088047,2.1899047
2.6386786,2.9777594,3.1684506,2.1885672,2.287415,1.7694618,2.7465243,2.3381438,3.8480825,2.276308
1.9219434,3.3277674,3.2550323,2.7367694,0.24006554,1.8256718,2.607011,2.5968814,2.3955243,2.585445
2.9597578,0.057761937,1.5060637,2.622718,0.5741829,0.43022645,3.315595,3.0426261,1.3662498,2.9122486
1.4121709,2.8533468,3.0577707,0.7473047,1.376638,2.619914,2.0815945,1.9689525,2.4451892,3.4944594
1.3532615,2.4938636,2.4147878,2.4301434,1.3191571,2.266376,1.9301229,1.3611331,3.6031108,2.8653424
3.470799,2.5059433,0.44422978,3.056859,3.3889208,3.1422875,3.5678184,2.6803033,3.8349648,1.1269314
2.4592097,1.688372,3.5791488,-1.0213641,0.92092764,4.2218037,2.6379595,1.9527855,2.5859866,3.112502
1.2105136,2.6368701,0.1611056,1.9505149,2.9061992,1.24419,2.8701568,3.223111,3.026578,1.3705482
2.8534024,2.0943084,2.0381265,1.7911617,2.6346908,2.130868,0.7144423,2.2114558,1.8645529,2.7450705
2.1443412,2.4240174,2.9796572,1.0312328,2.3622088,2.6465352,3.6130414,-0.5316055,2.6338322,2.3143644
3.3671098,2.6367142,2.2001972,2.9428282,1.1936116,2.6593838,3.5359356,3.1042583,2.1562612,2.4588661
0.694042,0.73129725,3.0834348,2.0877724,3.476704,1.5209984,0.02444622,2.680545,2.3311338,1.7938638
2.0609088,2.2390866,1.5744169,3.394862,2.0909998,0.3178612,1.503507,1.0521421,2.8414702,3.0535786
2.36685,1.752564,0.9724855,2.2401986,3.9044845,2.9138074,2.5037446,1.150598,-0.3160349,3.867614
1.1676865,3.2624688,2.445392,2.1082425,2.607034,1.2670388,3.0224783,2.0925865,2.3773205,2.2575202
2.7583694,3.1954744,2.6867063,2.168549,1.9190781,0.9999566,1.1966958,2.9881635,3.8586934,2.550129
1.7562962,3.2335575,2.2338877,-0.4448805,3.5635793,1.4477183,3.3518152,2.9000413,2.6492057,3.0008686
0.73809135,3.0822723,-1.1183015,2.6285422,2.3920999,2.7095463,1.5188671,2.8405714,3.0642183,2.719526
2.6533964,2.181429,2.3898582,2.571971,1.1555414,3.9194667,2.049385,2.1312518,2.4997246,2.1496372
2.0745735,3.656367,1.9445204,2.1480165,3.5294611,3.490767,0.44267413,1.9358274,3.2816122,3.4904523
2.5656424,2.7161632,1.1060693,3.4478996,1.7277675,2.5220392,0.90543103,2.2957473,1.7212818,1.0948336
2.070273,2.2084851,0.61043197,1.5508188,2.1927323,2.1934743,2.781994,1.0767162,1.9648312,2.7665992
1.4998865,1.2832553,3.4325151,2.1008968,2.7748227,2.5782516,1.3923322,2.6505494,2.7992587,1.2309601
3.4330227,2.2671256,-0.07378197,-0.61465335,1.6821015,4.1046567,2.444615,2.807913,2.6457698,1.7855839
2.387011,3.3068273,0.83992887,2.1518621,1.5707179,1.4940622,1.427738,2.1502268,1.8841097,0.21593398
2.841879,0.53211874,3.0700963,2.9347079,3.550475,2.1645865,1.6775726,2.8095055,2.2183719,2.5835865
2.1039088,-0.48945612,2.9941063,2.4413729,-0.29707873,3.363361,1.0137299,0.8133882,2.8512921,2.3032622
1.2742531,2.473249,3.2010388,3.1247373,1.0948801,3.2093565,0.30163634,2.7300456,1.3901168,0.89221025
2.8587077,3.4022336,2.6362305,2.3495684,1.3129284,2.5441782,2.024134,2.8254704,2.1374712,1.3188586
3.1669037,1.5108029,2.2389972,-0.8533218,1.6563312,3.0655367,2.896289,2.7356424,2.9605968,3.2311394
2.346313,1.6202127,0.9024253,1.9061726,2.1207893,2.4771318,2.534648,2.6752226,3.1194448,0.3055016
2.133851,3.2523475,1.22698,1.1411284,2.617941,1.3052065,1.991469,2.689599,1.9093747,2.2457905
1.766977,3.2708647,2.8391013,1.5159383,1.8201331,2.3348591,1.7533096,0.34217155,2.3360124,2.4865232
-0.09155142,1.5828592,2.3153949,1.0686331,1.858149,0.89243627,1.6789492,1.7900193,3.0644226,2.2173102
2.763132,2.1295161,2.9060707,0.87131935,1.5973089,2.3362937,3.1624002,3.3435035,2.3764484,3.102441
3.2500794,2.8812022,1.6677071,2.0465937,2.3740115,3.1266732,2.7813025,3.359776,1.6337966,3.8484533
1.8791721,2.2284622,0.3378793,-0.2332325,3.1234155,3.2227576,2.9680064,1.0650904,1.2962209,3.094045
1.2902582,0.67893624,3.124054,3.3202116,1.9122031,2.8893468,2.650979,2.414546,3.4143426,2.629334
2.794332,3.134695,3.800983,2.223755,3.3244474,1.298831,2.6207936,3.211852,3.0144203,2.3101025
3.126272,2.7622821,1.1475688,2.934913,2.097416,2.1358433,3.3699777,0.28339234,2.7404816,1.398676
2.6478217,0.83782387,2.84895,0.10611406,2.5277486,1.4054893,3.771935,2.7483733,1.4930834,1.8921131
1.3135042,2.3497972,1.0855126,3.0945137,3.0462575,1.8031379,2.6348333,1.7252005,1.7655966,2.6273184
2.913953,2.5316942,2.6624932,2.0828006,2.973368,2.366537,2.855514,2.8812342,1.7669659,2.9831984
1.7321619,0.36069912,3.3803165,2.1803575,0.06890726,1.8547103,2.8517525,2.828124,2.8216963,0.2330997
3.0466745,2.861888,2.647076,2.1332116,2.6169205,0.9255811,2.6664572,2.1889977,2.632942,2.7297237
0.76001096,1.2383263,2.8666997,2.767892,3.4181278,2.8877976,2.881246,3.037655,2.576987,3.2377167
3.171133,1.8962045,0.2025885,2.5982695,3.0937035,2.3525162,2.0242417,1.1211064,2.0117135,2.7392442
1.4600232,0.2675372,3.3314242,2.7590437,2.0267043,2.0652018,2.8697915,3.340883,3.1112,3.9140306
3.2532992,2.0807443,2.5017672,2.7814355,2.9448807,2.0323305,-0.08526248,0.7459585,2.1856391,3.121001
0.15978298,1.5303471,1.6242067,1.2745687,1.134933,0.13100219,2.0922759,2.8651505,2.7328587,0.3881163
-0.24887079,2.9655302,3.1846085,2.732084,1.2882321,1.6820601,2.0164413,3.0372112,2.9118423,2.7375958
2.581108,2.298799,2.576066,2.4030216,2.6524487,2.669894,3.379332,1.2745697,3.4236398,3.0122197
2.9130561,2.9140244,3.3752189,1.7194257,2.9484904,1.3094645,1.2394428,2.5996406,3.8227098,1.9849671
2.9675562,2.9214652,1.9587153,1.4467486,2.0219555,1.2401179,0.79251266,1.1444569,3.2246144,1.4552482
-0.19740623,3.4092884,0.0572066,3.189861,2.7547152,3.024535,2.2055225,2.3446784,2.3601112,1.7158391
2.001401,2.8694212,3.1380286,3.067499,0.16825387,2.6018507,1.9023415,1.5665528,1.0904117,1.5568419
1.6379306,0.7117028,0.3033043,2.528334,3.5698967,2.413715,1.9305538,0.8535994,3.570375,3.3798013
0.33931148,2.5426722,-0.16664052,2.7209358,2.47511,2.4279342,2.7405844,1.0384505,1.0187426,1.3580292
2.5568042,-0.27945304,0.91286635,3.0863764,1.534283,2.7748487,2.6898334,3.3967352,0.03851399,1.0684988
3.2629387,2.9890952,2.6439326,2.8778296,2.6946747,3.3241103,0.37356436,2.5924873,1.9499104,1.4350979
2.7368262,2.611135,3.186214,0.4722724,2.0278883,1.2817245,3.2457597,2.9873836,1.9488547,1.0040629
1.8072795,1.0141907,2.6504812,2.2280498,3.2217963,1.4525254,1.1962636,2.2111855,3.2688663,1.3640426
3.3887963,2.5911233,3.3937085,2.5169055,1.1065528,0.7603536,2.4834218,3.2446332,2.4201298,2.2514215
3.0248592,2.649353,2.1294,2.2406487,2.2025528,2.7499177,0.043902844,-0.6237956,3.0854015,2.5189486
0.063725024,0.98028255,2.975414,2.2119448,2.4846525,2.104463,0.24829558,2.8964937,0.94076896,0.3684057
2.4911265,-0.31736237,0.8800303,1.4182961,1.6490949,0.9724511,3.1306455,2.9427128,2.854607,3.4636354
2.8342764,2.69276,2.0885663,2.9693213,2.9754064,0.93889964,0.82029724,3.9471166,3.3414261,2.048737
2.4365702,3.1957285,1.5864356,1.6097378,2.5018814,4.107406,2.395935,2.4421372,2.4694138,2.751535
1.944264,2.3218594,1.4809763,3.0736732,2.994398,0.3229326,1.6216531,2.4875557,3.4393976,1.0496343
3.3077765,2.97082,3.3558662,2.486682,1.7654624,0.7950312,0.660191,2.6260276,2.171349,1.6945969
2.9835012,2.0946307,2.818163,1.5863364,2.5573366,2.5170538,3.720496,1.7854786,-0.2292608,3.1585793
0.8755446,2.6966748,1.0678823,1.9170234,1.3903755,1.8189049,2.9313045,1.2591755,3.3131332,2.228752
2.407867,3.3750806,3.5795884,0.37672842,2.2306738,3.2253191,3.0192735,-0.088350415,3.0620694,2.4788523
2.7198894,1.7251602,2.5163593,2.3814719,1.7655534,2.233409,-1.5370944,2.0293293,2.7420175,2.246096
2.4634142,3.2660978,1.6923548,2.8939126,1.8508185,3.029734,-0.48144925,1.9396651,3.0752194,3.4973972
1.897409,3.166692,1.1200325,2.4619992,3.320448,1.7567708,1.839522,2.7009478,3.434195,2.0921981
2.0107145,2.2674766,2.1621368,2.2530189,1.6475493,1.6983577,2.3113432,2.4204254,0.040822566,1.6616652
2.5856304,1.3489313,2.9421127,3.3476913,2.7487783,0.9934406,1.133651,2.929843,2.144865,-0.68228316
3.4920025,2.834678,3.0598783,2.1310596,1.0205265,-0.072794914,3.137275,3.0193036,3.4952898,2.3642495
1.3211553,2.8821027,1.7539564,2.4072158,2.8735,3.0653844,1.4269788,2.4207194,3.1637442,2.0689034
1.4878373,2.8753977,-0.39855313,2.30481,2.2357032,3.2191567,2.6624982,1.7136872,1.6889088,1.3263938
-0.62732565,0.6084427,1.1568203,2.7137969,2.3039255,2.496808,3.3175602,1.7342341,0.026252687,2.4565802
3.0960724,2.0538876,0.2821399,3.4016685,-0.9493749,3.3112323,2.7523274,1.1852422,1.6988713,1.4006627
0.35685492,0.9597831,3.0218754,1.0735416,1.7780999,1.0987091,0.9785891,2.1924584,2.0196824,2.3844414
0.8648591,3.7433317,3.0322607,-0.6762301,3.1859112,0.022539318,3.4638293,3.0007086,3.1097596,2.8135326
0.29330683,3.091529,1.830982,3.218471,2.7754629,0.0055532455,2.3474512,0.6221904,1.6352168,2.076088
1.297837,1.6749523,3.3714442,3.106237,3.1301172,2.8188431,3.8963652,2.5612519,3.3900669,1.6382263
2.3344498,1.5117688,2.5270512,0.18416312,3.168211,2.4216285,2.9841049,0.0776338,-0.032010436,2.8092968
2.7250988,3.0433862,2.7690399,3.3327327,0.29761088,3.009643,2.8801737,1.6923013,3.2614238,2.955932
1.5722365,2.8283868,3.0828438,2.6494896,2.377316,2.9518664,1.6001663,2.967232,2.5134764,2.9848845
2.4202025,1.708463,3.036675,1.9025065,1.3627062,3.5500162,1.2517503,2.4493947,3.031561,2.5595014
1.2868019,2.6561868,0.91698194,2.1162934,3.4030135,1.6609002,2.5855057,2.0014563,0.121317565,3.551148
0.58031213,2.3550258,2.186089,3.216273,1.7328998,1.940054,2.241603,2.9066682,1.0522451,0.19839212
1.5673121,2.8797507,3.3924248,2.7782946,2.0878177,1.8459754,2.7243896,3.3543742,2.7880738,2.4250555
2.956438,2.1343412,1.6615734,-0.29293555,2.829576,3.2009928,1.8247087,2.824711,2.5761123,2.2925131
3.033155,3.3390431,0.91806114,1.9704616,2.0616028,2.8889172,2.4612393,3.0882628,3.248753,3.4355106
1.9122311,2.3785172,1.5815756,1.3355191,2.1571987,2.8313854,1.5770978,1.6500478,3.0930727,3.0569596
1.9128792,2.1698976,2.1352978,2.0904846,3.3417494,1.9039582,0.9625711,2.1803977,1.661365,1.2527678
1.9651144,1.7227929,1.5070994,3.0868032,1.9746295,2.8587189,2.615522,1.742065,1.71916,2.066658
0.25764775,3.2819889,2.8236609,3.313461,3.3906617,2.313612,1.3886201,3.176725,2.936493,1.929166
2.3133674,2.151771,2.1223922,-0.058074415,1.8676493,2.78213,2.1306,2.5363383,1.9455875,3.1191463
0.7387946,3.2780073,-0.45262557,1.961518,2.0821924,1.4426438,3.313926,3.0993445,2.0696468,2.1560497
3.0266697,3.226539,3.0440774,2.8018725,3.7620811,3.193401,3.6448393,2.403702,3.4543197,1.3136015
2.1469493,1.227459,2.8757594,2.0371587,2.1782684,2.533229,2.2299583,0.58955103,1.8301557,2.764908
1.6258302,4.236993,0.9176178,3.0372183,1.9317402,3.357418,0.8493987,1.2386212,2.8686721,3.0849636
2.0428908,2.6493006,3.622113,2.7265363,-0.6439203,1.512761,2.3206472,1.2211535,1.2146858,3.33861
1.4363244,2.5764282,2.3352847,2.7810047,2.4928317,2.6982727,0.8842921,2.1729405,2.2213593,2.215171
1.8071539,0.19300854,2.0494123,1.1646276,2.1790562,1.976542,1.5076636,1.353065,1.5193019,3.048345
0.0074083805,2.502052,3.4526055,1.5868541,2.867435,2.2986183,1.7132355,1.6332854,2.53826,2.9290848
1.9203403,2.7861145,2.364721,1.8207885,1.890481,3.2343163,2.4673653,0.8630618,3.211983,1.890017
-0.27171606,1.6192098,3.4122462,2.597121,2.7366645,1.5694641,2.8106785,0.6312497,0.16710865,3.6351306
0.8891456,2.7293038,3.8219073,1.6789385,2.712507,1.933809,1.6876003,0.7150903,1.4266427,3.0202386
2.1903555,1.632775,2.3977833,0.14401078,1.637902,2.957847,0.7905326,3.3966591,1.618482,2.884948
1.3928452,2.7381582,2.403926,3.0385575,1.2051263,1.022402,1.6733353,3.0228107,2.9826305,1.1162124
1.8337528,2.5713325,2.0589004,1.8874906,2.834077,0.6306664,2.4670095,3.072244,2.3649158,3.6351428
2.5296524,3.0080209,3.0300314,2.3752632,2.726784,-0.08558285,2.1920571,1.6762335,0.14853552,3.3426497
2.754545,2.9293432,2.4599848,3.0677478,2.341505,1.1721139,3.16428,2.2301753,2.3164358,2.1626952
2.299282,3.4409032,0.6392976,1.4511747,1.4829211,3.0995526,3.5204463,1.4461656,2.8890216,2.9093685
2.4474645,3.2522364,2.826515,1.0321935,3.2674897,1.5693784,3.1279657,3.1856391,3.456996,2.9520714
2.1295497,2.6717727,0.5708292,2.9476807,1.3157732,2.306902,0.97165436,0.40640828,1.9659739,1.237015
-0.66995716,2.6584105,2.6884341,2.0640025,0.9102882,2.0619686,2.3246565,2.822586,0.7793848,2.6501188
2.9393773,2.3354871,0.46827358,2.551199,2.6145175,1.2948971,3.3022995,2.574462,1.723144,3.0279293
1.3165069,1.6764927,3.157295,2.0738487,3.0861747,1.3323932,1.6122025,1.6862457,2.2729955,2.1516368
1.7680393,2.84477,-0.76645935,1.7752943,2.1156883,1.2675313,1.106148,2.9458945,3.229959,2.3266768
1.2774066,1.8316052,3.071984,2.2974122,0.95171446,0.88134265,0.31486315,3.3629203,1.2949606,2.0039659
3.2842033,1.8483584,2.3520896,1.1489027,3.1160293,0.3498687,-0.16389465,3.4523358,2.7317276,2.3772855
2.5481281,1.8277234,3.3485417,1.042766,2.8452594,1.3789079,2.4782686,2.8002717,2.7242148,1.1948881
0.83721125,0.44793916,0.77777576,3.5185335,1.6552265,3.1404371,2.456084,3.386698,1.3137872,2.826459
3.5828838,2.00463,-0.64857805,-1.0100944,0.95974433,2.1035004,2.0217385,2.4808998,2.8452682,2.6244915
2.9842432,2.872159,2.3478408,3.00634,0.7385562,2.6194003,3.162424,2.351676,2.7341607,3.5733545
1.6053941,-0.15452391,2.805425,2.3007224,-0.59549665,2.6982515,2.7092571,0.86507297,1.553721,0.53366244
2.4835334,0.4761625,2.0475173,3.6245437,1.9728849,1.924919,0.62801206,2.8601217,2.3490257,2.5295632
2.014368,1.1510752,2.4570222,2.9634671,0.22042194,2.1165538,0.8600579,2.5871918,1.946057,2.5141094
1.4543496,2.401054,1.9303731,2.0433307,1.548767,2.55381,3.4679527,2.4417608,2.8787408,1.429197
2.5973003,3.7666419,2.8660362,2.9886568,2.8875492,2.8235848,2.767861,3.0143452,3.162936,1.0125643
3.378785,1.6132565,3.1908405,0.3297299,-0.54949784,2.100875,2.4265099,2.0153875,1.5047725,1.6286687
2.1362388,2.509704,2.7679195,2.494482,2.9722586,3.3889017,2.3706398,1.150598,2.10144,3.1617858
1.4937553,2.1338477,2.6218019,1.0454822,3.021554,0.8834261,2.473324,0.6123017,0.73570144,3.0845332
3.459468,2.5780265,2.2514806,3.04486,3.2990708,3.3145912,3.5053544,3.042947,2.2676315,2.5800047
2.35784,2.6765857,2.9901454,3.507024,3.4960117,3.3552575,2.2753544,2.9671116,2.971805,2.9893637
2.8629837,1.9336108,3.4908853,2.6178374,2.4090056,3.2807798,1.0595268,2.12078,3.5371418,2.8595223
1.3368393,1.5590135,1.574167,1.6439877,2.5553648,2.4651918,0.63111174,1.860757,3.2906108,1.8626354
1.7895359,2.2452068,3.3848782,3.0427577,3.0453837,2.903798,1.8385361,1.2364695,1.8749238,1.7879758
2.410338,1.0255604,1.3726438,1.8941236,2.1005468,2.5948107,3.1948833,3.0755591,2.9199376,0.29406986
1.9825257,1.4153221,2.0707722,2.6312182,1.1296413,2.6190581,1.9838884,3.659407,1.8881189,3.3493972
3.1667204,1.4029844,1.9472601,2.634435,1.8078314,-0.27257615,3.338479,3.2075028,1.5132222,2.6568604
1.8634636,2.4116216,2.0656977,2.7279115,2.9407835,0.09171429,1.0765278,2.3868988,3.0235906,0.84848434
1.6059039,3.3432248,1.319711,2.669312,2.892424,3.4649293,1.9249113,1.7667568,2.0191994,1.412219
2.8973472,0.7572683,2.181699,1.0600286,2.4719124,2.4523027,2.2837992,1.7543639,1.8145238,3.5960443
2.1525044,0.26092058,2.9139328,1.5012803,2.7424564,1.8598857,3.54318,3.195285,3.0455952,1.6886278
2.3158395,3.8836715,3.2232072,2.4958315,-0.05333656,2.1030643,1.9074523,1.0389731,2.3055496,1.1501274
2.5588255,1.8758715,1.3001078,2.429381,2.429368,2.206474,3.0884352,-0.33543646,3.3407748,2.7255895
0.965017,2.7913964,2.9268942,3.4295144,3.4711506,0.9309412,2.2755065,1.2499498,1.9793946,0.7879055
0.8957658,3.0957615,0.8284037,1.6843237,1.8886416,3.1156147,3.1140425,-0.26181144,2.8825636,1.6577172
2.3380995,2.219936,2.11503,1.63871,3.7190151,3.1109252,2.001061,-0.06744951,1.7489741,0.57615393
3.352993,2.099497,2.6891737,1.9244236,1.4822512,3.1014764,3.5326748,2.1652641,2.2276611,0.8099054
2.8071368,1.3812981,1.9959788,3.0151098,1.0853267,1.8846632,-0.21819502,2.3387473,1.4061176,3.2598102
1.1651659,3.3098686,1.4728553,1.7629428,2.029361,1.6120054,1.2753117,-0.6378889,2.6690295,3.343187
2.3855674,2.9625986,2.6623685,1.7895381,3.2954063,2.9705384,2.8627262,2.8053827,2.3454664,3.039505
1.5007149,2.763447,2.4526606,2.6679962,2.9428353,2.3507965,2.4233165,2.444658,0.34254426,0.90394855
1.7158138,2.8015833,1.2055979,3.303818,2.5451467,3.7060335,2.5472703,1.0794423,1.3090262,2.2854815
2.2009106,1.8760662,0.46334833,1.8084158,2.737888,1.4986253,3.3513167,1.4203928,2.5061266,3.1487925
2.9418123,0.9593035,1.8572221,3.3443696,2.2481537,2.6148052,2.7128856,3.107259,0.7642883,0.8198231
2.8108108,-0.44087452,2.548152,2.2866747,1.940465,2.720352,2.697581,1.9702805,2.0857053,3.0298774
2.7438269,2.002277,1.2294686,3.1419766,1.9725047,2.7986498,3.5550375,0.03995779,1.4241986,2.015203
0.867924,3.0850432,2.8594453,2.627366,3.1109881,0.31193435,2.8592358,1.0387709,3.3362706,1.5362575
2.457316,2.2005596,2.4866538,3.2939365,1.634119,-0.24412006,2.8489182,0.04466611,2.0929196,0.6883479
2.4248757,2.801984,1.3305743,1.6862403,0.4817728,2.1873188,0.7144423,1.760231,3.4419622,3.2445188
2.0371656,1.4878685,3.188671,1.0464182,3.7667365,3.352739,-0.14028305,1.6154686,1.1076186,2.143161
2.3537657,1.6186572,2.6293921,2.4907022,3.0990858,2.162406,1.4764588,1.7398525,-0.6775274,0.6677672
-0.17383808,3.057362,2.4025002,0.3154098,2.4213247,2.6857595,1.5615662,2.4776688,1.5851092,1.2670869
2.3995037,1.3660107,2.8639882,2.4440937,2.5569587,2.8434324,0.7054853,1.1121752,2.7180455,2.6253197
2.781107,3.372693,2.867948,3.0566761,3.0617085,-0.8224057,2.4297507,3.0425084,2.6398869,2.3411827
2.2595696,1.7430394,1.6872239,1.0629816,1.39184,1.208353,2.3487165,3.1957884,1.936047,2.9708025
2.115461,1.5984406,2.5999587,3.272516,1.9104395,2.8647401,2.8950157,2.6648135,1.6196455,3.3565123
2.5679398,2.5910697,3.388421,0.8333619,-0.27022415,0.70721835,-0.21806175,1.2949488,3.1303327,1.7163583
2.7570615,3.0625992,2.9011285,2.8288515,0.27519643,1.8546833,1.9237661,-0.25111812,2.1535578,0.63378835
0.7223389,3.0960555,3.250659,2.3889518,1.0916643,-0.45246214,2.5997207,3.1327589,2.9634147,1.0724232
1.823772,0.67893624,1.0954605,2.693718,2.3347683,2.1020775,3.4564078,2.8749325,1.7329531,2.9648747
2.8199956,2.0725226,2.7612152,0.9803777,2.091944,2.4853573,3.0856824,1.5339745,1.6610299,1.3306813
2.217177,3.2825255,0.331285,2.430704,-0.48618138,2.3105264,0.45603257,2.839655,2.3791814,3.3281147
2.2749696,2.9650006,3.0157022,1.4845732,3.1984363,2.9318805,2.3323345,2.0322318,1.9100301,2.5586636
3.1189775,1.6796584,3.2927182,3.4721737,2.5190814,0.45574284,2.6038325,3.5324278,2.8155007,1.1822264
2.9310718,1.6523123,1.7622198,1.009399,-0.20829093,2.096968,3.1564353,0.096711755,2.3588276,3.2133634
-0.0061075687,2.383162,2.8851495,1.9419216,2.6427374,3.577977,2.936335,0.7454966,0.62874633,0.96880895
1.4382215,3.3814824,2.5426886,2.879094,1.811208,3.298249,2.2013493,3.5382104,1.495367,1.5311283
2.1626027,1.8665261,3.2722738,0.29201648,2.8070955,1.075382,-0.5774312,1.6722883,1.4646147,2.9499645
0.15668514,1.278987,1.5186398,2.7956538,1.0876868,3.0560834,2.794255,2.5272384,3.7814262,2.9610395
2.199195,3.4908898,3.3318548,2.6150918,1.3315866,-0.13557762,3.2754884,2.338,2.7544155,2.8165157
-0.04694712,1.7499015,2.6255412,3.3410103,2.5823467,2.6796544,3.1640024,2.4797726,3.3665764,0.2696784
2.7825377,1.5711615,1.9373643,2.5304408,2.5115373,1.7513977,2.4056163,1.7921546,2.2485342,3.2533212
2.7783873,2.918432,3.1021733,2.7873735,3.9505384,2.7152572,1.0611722,2.0452638,1.5794247,1.3907807
2.239981,2.165697,-0.40780705,3.1433623,2.8897002,0.92109454,2.110613,2.9463916,2.4480007,3.3103771
0.49265155,3.407039,2.6322777,2.9754136,1.8429395,1.8817744,2.3330064,3.139561,2.0356169,1.9806033
0.061033815,2.2489824,2.002325,0.9605661,2.4292784,3.2573967,2.3801785,1.054187,2.2943373,0.12917984
0.29717284,2.7006664,2.8781877,2.317041,2.7851803,1.0868444,3.04979,0.87822497,0.38121644,1.7691274
1.079143,3.5350616,2.80944,2.8809836,3.2086663,2.8610704,2.4030972,1.1833272,2.8370197,3.4082918
1.809794,2.8585188,2.8593347,2.9912257,1.9813566,2.2682185,2.7418303,3.9124186,0.7700374,2.9705775
2.8395069,1.5153371,1.8479358,2.1602378,2.553299,2.425707,1.404948,2.7634573,1.775943,2.9987142
2.2428358,1.6970067,2.305496,2.469656,0.7483371,2.9041748,1.3051488,3.045384,3.0439744,2.8437178
3.4945786,2.4291356,0.37352216,1.0819011,2.1512427,3.2351825,3.3120787,1.611284,2.5066924,3.1070487
1.0434624,3.0643947,3.0229435,2.9000723,2.8583798,-0.34461385,2.8575292,2.9636586,2.8824773,2.5144658
1.9436361,1.0820823,2.148487,-0.12232262,3.3274145,0.9277935,2.3466227,2.8253236,3.0297308,2.1388688
2.0200248,2.9112618,2.3943923,2.8911605,2.353631,3.3977861,1.353353,0.27173996,2.7139578,1.0069685
3.1160655,1.85155,1.4573385,3.8155065,2.8217916,2.5006633,3.476197,2.9383976,2.4425116,2.3452754
2.4722385,-0.31906796,2.6693733,2.899044,0.09099412,3.0302875,0.9212519,3.1190066,2.66487,-0.71908057
2.6356676,1.9493856,2.229885,2.4834676,3.0856378,1.7250837,1.6916856,2.679372,1.6368397,3.181087
3.0559516,2.7083552,2.2100558,0.61107427,1.8312973,1.9411275,0.71167004,2.2723255,3.6126747,3.312247
2.6246219,2.8255234,2.942695,2.7069817,2.9565294,2.4339323,2.1295567,2.7255232,1.7018918,2.7438016
3.1196399,1.1884303,1.7236992,3.504818,2.1348262,2.1291256,0.6700496,2.3295212,3.0717194,3.3385468
3.127574,1.9207531,3.057851,3.6488063,1.0501533,3.234348,2.0865114,2.4736025,3.1903825,2.802041
0.5681321,2.1144438,2.8629305,2.0117056,3.102162,3.1353536,2.0552707,2.6953158,1.8661466,2.8075647
0.8988272,3.28562,2.324626,1.1992085,1.7392166,2.8763552,1.4438401,2.5989656,2.561046,2.9805682
3.444106,2.3141017,2.6014395,2.275463,0.4644672,2.3742375,-0.07445288,1.3817692,2.1471057,2.8373222
2.8522322,0.694124,2.0379043,-0.17806226,3.1640544,1.5402008,1.5125064,1.0435913,1.9175781,2.655817
2.7796068,1.7255399,2.1597452,2.9863029,-0.55911064,0.38461572,1.1191525,3.1009078,1.9036673,3.2123876
3.6908762,3.0267026,1.9915553,1.6203443,3.2258842,2.288271,2.1779604,0.9339265,2.3363745,2.6287057
2.4788103,0.4850286,1.9569509,-0.19122428,2.6877906,3.3662233,2.03614,3.0923429,1.681965,1.7147816
2.7438042,1.6813498,3.0260575,1.4491386,2.7590902,0.118641526,1.6753503,2.2194107,2.7577486,3.0443985
2.5866919,1.7963715,3.3141,0.8725976,3.0040708,2.8102243,2.6897433,2.9970202,1.356752,3.1553195
-0.010800123,3.1524336,2.1998544,1.4449986,1.3503007,2.0751457,2.89152,3.0737758,1.1710317,3.15681
2.7118545,3.2376263,3.5437374,-0.0040684342,2.0067084,2.0084057,2.0434158,1.4036938,1.6613393,2.4044108
1.8912909,2.6565557,2.0444994,3.1133645,2.6757216,0.65385884,2.7946234,2.3075504,1.6067582,3.373561
3.0998514,2.1042128,2.9336329,0.54318756,0.32930863,3.0631719,3.2401295,2.8965726,2.0739055,2.8575795
3.552555,2.3219965,-0.06497657,0.5866206,1.888015,2.377908,1.8669502,2.324442,1.7477884,3.01275
3.2739103,2.5662522,2.9759545,1.0084751,3.5886161,1.6654444,1.1916856,2.3322873,-0.600402,0.2085616
2.8531876,2.019803,3.4100595,1.8427463,2.6319141,2.6848369,3.8362172,2.9268868,3.150368,2.3359413
2.4132433,1.501659,2.7667038,0.5270131,1.8152155,2.422081,1.8626935,1.4955776,2.3955083,2.0521662
3.390363,1.4474425,2.9526894,1.6877602,1.2222751,3.4672356,2.3147044,2.1460986,2.38246,2.965203
0.5530095,2.2971117,2.1689658,1.2545972,0.4149899,2.9092715,3.280077,0.540328,0.51424,2.5072036
2.04546,2.0646536,1.1661117,1.7828813,1.8358606,2.6243608,2.3995433,3.1615062,0.23407218,1.4214659
0.88059986,3.2160614,2.233478,2.0381284,2.5462375,3.5693793,3.4199631,0.25717473,2.643547,3.1347892
0.58221805,1.4944501,3.5432355,2.3057873,0.51517236,1.6496356,2.8592725,2.2671475,2.5235112,1.1123241
2.873578,2.1166227,2.847791,2.9134755,-0.053227305,3.3128889,3.242707,1.4117057,2.4727151,2.0303173
2.8117847,2.7403378,1.2060056,1.0178392,3.3707204,3.3398786,3.1083868,2.791129,3.3925502,0.46437538
1.400212,3.3576598,2.7943382,3.7011788,0.9143491,2.751979,3.1327305,2.6150067,2.3311338,1.1954231
1.8426536,1.9842056,2.5098357,0.35340825,1.2782779,2.6462674,1.5225769,2.539506,2.9670222,0.919881
3.6650913,2.4667895,2.682715,1.3141723,1.8753033,-0.014847219,3.1845846,2.8728704,1.078491,2.8722644
1.0241337,2.869359,2.8827975,2.9993148,2.4399452,0.28716144,2.8088336,2.5399847,2.7208672,3.2268488
3.17716,2.9953141,1.6702223,0.7333337,3.0742216,2.7324574,1.1583158,2.5982654,3.4296315,3.1490047
3.2936301,3.2977068,3.7379916,2.5421197,2.92058,0.4425634,3.417441,3.2577994,2.8770368,1.2495549
2.7074192,3.1047027,0.74935544,0.26812008,3.452983,2.8464231,2.2815447,3.3867517,2.3841596,2.3357706
3.2101262,3.0652783,2.6598744,2.541738,3.0184317,2.7696135,1.9085009,2.9380732,2.6111946,2.209445
2.6979098,3.2608428,3.034819,3.0593386,1.9371281,2.719499,2.823026,2.049149,2.81621,1.1537097
3.2207766,3.3043065,0.60492235,1.6568694,2.2459896,2.715165,2.8769233,3.2200334,3.3075483,2.9478397
2.675836,2.6625078,3.0541031,3.2540524,2.8585894,2.4617705,2.5151172,2.4662533,0.8456468,3.0668528
3.5736425,2.7637522,3.4030683,2.8925786,2.6804168,3.0426483,3.0358477,2.6483443,1.4578083,1.6626127
3.9127638,1.9504306,2.3056874,2.0550776,3.3734002,2.7292325,1.6877831,1.7881349,2.900473,2.6776257
2.0075786,1.1291103,1.9238013,3.231584,1.2645247,1.7236766,2.2862425,2.9048452,0.3403908,2.0363548
2.2318258,3.528172,2.4399571,2.0813487,2.6430595,3.1169963,3.1158764,1.7348458,2.243619,2.9199407
1.0052214,3.4331336,0.5288992,1.5231249,3.2191262,3.594808,2.9208133,1.7942531,0.82688165,1.3974786
2.860155,2.1098619,2.2571445,0.26064855,2.6100502,2.6272428,0.5567131,0.22272903,3.443287,2.9965844
3.0921116,2.6240606,1.2631199,1.6906005,3.2883396,0.90352964,0.9485545,2.2917418,2.917148,2.123612
1.1120185,1.3190529,2.8909514,0.9763808,1.8153197,0.59710175,3.0030978,3.1560802,3.9058993,2.8449793
2.7275429,1.258219,1.8662622,0.5528531,2.0241785,0.8703029,2.5882828,3.2185066,1.1440387,2.1238685
2.2942781,1.9549662,1.3100797,-0.54121745,2.9162302,3.0147796,0.92890143,2.8573375,2.1772614,-0.3936882
1.8601303,2.3638558,0.80293536,1.2920246,2.3725111,-0.19378608,2.8614497,2.4523664,1.8268335,2.8324227
1.7653792,3.2278595,0.5965685,3.601707,2.3966522,2.8641908,4.0153894,0.72224444,0.9965168,2.9745686
1.7418984,2.6092591,0.18357065,3.3495739,3.1973805,2.943146,1.2149959,2.5889025,1.1903783,2.5980144
2.2831235,2.6106458,3.301229,4.0948987,2.2159386,0.6923367,2.3445077,2.052002,2.5160356,0.78290415
2.6814108,1.1676457,3.2329717,2.8471344,3.3047948,3.3743014,2.8924778,1.9866261,2.6199017,0.8620375
2.9129636,1.2212,2.4534369,2.950871,2.791324,3.0320737,2.3751864,1.6252508,3.114076,1.2572384
3.1654274,1.81673,-0.58277607,3.6262646,0.22283095,2.1396723,2.870872,2.0468025,0.19064724,2.8154786
2.8920324,1.4997385,-0.5891602,3.4569657,1.9562819,2.6218772,2.4594889,0.35726798,-0.17658114,3.5957704
0.7585641,0.72727126,2.4724329,3.21657,2.5100236,3.3102088,3.311302,3.1846461,2.0642123,3.3394003
2.7220142,2.955127,3.0269556,2.75716,2.2889774,2.8352203,3.0364172,2.755448,0.17668653,2.7677395
-1.1924981,1.8277417,1.8166339,0.51536375,1.2514038,2.915986,2.460476,1.9062941,1.7512017,2.1085234
1.828778,3.1583323,2.2217743,0.363993,2.9583964,3.336627,1.9833533,2.0758448,1.6702734,0.93347543
1.6211007,2.913749,1.6082199,1.2396591,1.127613,2.8532362,1.2185836,2.1318407,3.1501756,0.7066089
0.5569724,1.3307867,3.458438,2.3217506,2.0559223,3.4742568,1.6262984,2.4138126,2.3289738,1.7278106
2.5981102,1.4080522,1.0796657,2.665596,2.9448807,3.8417537,1.519704,3.06669,2.2701702,1.0509887
3.2612672,0.61196303,3.0303426,0.9227593,3.514443,1.9303578,2.639719,1.2279396,1.8440402,2.9208374
1.3679855,3.5720212,3.087907,2.7165036,1.7288512,2.925077,2.737105,3.1387093,1.3460703,2.9092488
2.5235302,1.1117008,3.9522674,2.6982422,1.7791079,2.8056314,2.7933586,3.1785805,0.687658,0.85938525
3.2876525,2.0872135,3.3742177,2.9518483,3.2380586,1.9994138,2.5441628,3.284236,3.102213,2.1940331
0.7239093,1.4341644,2.2676253,2.9558246,2.0363612,1.5532411,2.9712493,1.2255931,2.136727,2.4605598
1.1626151,1.6103951,3.2174873,1.9177806,2.80637,2.68789,2.3492675,3.1315353,2.17325,1.5444607
2.475789,1.5310088,2.04071,2.6954153,3.1915534,2.3991623,3.7921731,2.277058,2.5530941,2.1577854
2.103458,3.7485623,1.9893931,2.5684576,2.3113852,1.8549103,2.9537902,2.3512502,3.4020805,3.1155849
2.1204681,2.9734178,2.2528934,1.886371,1.5812788,3.10612,2.7027075,2.0147266,0.77788615,2.9483974
1.8198173,2.0123272,3.1932704,2.2106075,2.224816,2.4548647,3.445728,1.3865105,2.5508432,3.548653
1.4796591,3.116427,0.9608234,2.083774,3.4608316,-0.20372015,3.3226507,1.8584651,2.598975,0.48517832
3.0687559,1.9895654,3.2104728,1.7011113,1.121911,3.4110763,2.18462,2.171772,3.4279807,3.1841877
0.38131168,0.09540963,0.22474146,2.5015507,2.2961109,1.1275716,1.2071363,2.5683498,0.8936628,2.8206153
2.456037,2.5188046,1.7300335,1.841029,2.5772104,2.7409165,0.50010204,1.6157984,1.3216184,0.41575295
3.1086552,3.5551975,3.2198887,2.2809753,2.962482,3.481637,3.3676512,2.530392,2.50512,3.3713634
1.0651736,1.9161974,0.26904303,2.2855647,2.8934383,2.1601,1.4093885,1.5689371,1.0304149,3.2684631
3.0726056,2.310102,2.3020058,2.3618035,2.9516842,0.9499327,1.9350088,2.1701112,1.5503134,1.0471904
2.4443154,1.2361267,2.724782,4.013723,2.5705686,1.4997325,3.058288,3.6420505,1.1235858,3.3249755
0.94111156,2.530418,3.2219136,2.8601847,3.8046951,2.7154875,2.8029583,2.8593485,3.160442,0.5833674
3.286213,2.5217278,2.2179432,2.5120282,1.9992915,1.6094838,3.0062711,1.1692219,2.958837,3.2122595
1.0142164,2.0627506,0.37005156,2.1856587,-0.34259474,3.1870716,2.8531044,3.077246,1.5256118,2.5380242
2.48709,0.8102435,2.0204687,3.2228966,1.7434754,2.487245,2.5997589,3.354772,2.1974325,2.1717396
3.0420773,3.4268937,1.8963603,2.2228336,2.183138,1.9279616,0.23570201,1.2867503,2.1728144,2.1021657
1.8903831,2.015139,1.8047268,1.4005172,1.9101608,3.2144072,0.6889594,3.2720654,2.0333085,2.2237763
2.517123,1.6116997,3.3644536,3.1806865,2.6424878,2.663318,2.5685503,2.007269,1.8642446,2.7672076
3.3966343,1.142339,3.2811182,2.4317605,0.26242527,0.6476809,1.5610951,3.466768,2.4289186,1.9997665
2.5453885,3.7344148,4.2200613,1.9085922,2.277141,2.496742,0.43238652,1.0359709,2.5688858,0.24781275
2.733861,3.0080774,1.5380301,2.708526,1.1315215,1.836112,2.3619127,2.807913,1.9270611,2.883186
2.788643,2.564466,2.4338188,1.7252471,2.5222807,1.9970634,3.3720503,2.6922576,2.7830155,2.3532934
1.1354799,2.0224767,2.6811934,3.0880678,2.6199467,0.913386,2.8070917,-0.6835519,1.9170876,2.8293068
3.0636067,1.489397,2.9919484,2.390926,3.1489112,1.6287247,3.3346283,2.2396648,2.5828714,2.3238044
1.8685325,1.4326885,2.7776003,2.3584735,0.9964521,2.8013203,2.1390371,2.0791652,1.8476372,2.384713
1.9534059,0.6852271,2.5403159,3.419506,3.0094223,2.4172673,0.80234057,1.9185383,2.7285192,2.2038178
2.6369572,2.3049417,3.131264,3.1315472,1.8063055,-0.21588564,3.0994697,2.9339135,2.7613108,2.7250657
2.2299998,0.99740696,2.2295914,0.46308422,2.1617527,3.554437,2.0791423,1.8983088,1.9829301,2.2206638
3.1882052,2.9396927,3.2746837,3.6138182,-0.12908638,2.4740016,1.2571337,3.5048995,0.9557872,3.7292385
-0.0030435324,2.221148,2.935999,2.62466,2.17245,0.068109244,1.0213096,2.310237,0.9782635,2.9185133
0.26014185,0.8227588,2.463816,2.3468356,3.5822718,3.2028594,-0.7453302,3.3651874,3.1623857,1.8685741
1.5534307,2.777131,2.7728398,2.342448,3.3832479,1.4263234,2.3454485,2.9140692,1.9044895,2.477065
2.7553222,0.15370923,1.894104,2.667229,1.6760437,2.8882675,3.4396908,3.547435,2.0758605,2.2084298
3.40879,2.5052056,-0.92913926,2.2215674,3.0763311,1.7512703,3.5252855,1.296864,3.2792456,2.5269704
2.794548,3.3262286,3.2166908,2.1039488,1.3330506,3.222732,0.6945931,3.4978435,3.0737078,3.7993772
3.0798914,2.819896,3.1547172,-0.40139133,3.5993037,2.5904098,2.7859554,3.5081823,2.8947504,1.806147
2.3821363,-0.28532428,2.5867083,2.4091725,3.7067444,3.2616453,2.3280857,1.8850427,3.058176,1.4824398
2.4925299,2.617854,2.3022275,2.0459766,2.225038,1.6082523,3.146055,1.6179458,1.9208243,2.9364355
3.1580389,2.2861714,2.7128878,3.5743895,2.427354,2.4071183,2.9842248,1.8839363,2.0640736,1.2760606
1.3518832,0.2732187,3.2428558,1.4368925,3.161315,3.206843,2.9610496,2.068584,2.717569,0.7377374
3.2134516,2.1761413,1.4755297,0.71853256,3.0150814,1.4938507,0.843001,3.1544251,3.6209972,2.919256
2.5084288,2.6208367,-0.45045203,1.4588319,0.1555168,2.7763402,2.0273438,2.8935928,0.23736042,2.0948782
2.1740751,2.9764817,3.2700052,2.9259417,2.5006566,1.4542756,1.5666445,2.7423177,2.925043,2.1530957
3.1997645,0.8048667,3.3137212,2.8478289,1.9457866,2.3386037,1.2313105,2.0493183,1.7534665,3.2155125
2.814676,1.3712115,-0.12890321,2.7440572,2.325224,1.2126043,2.7228768,2.0185232,1.796129,2.1080496
3.1038816,2.4697466,2.2185016,1.4710311,2.9435158,2.5451696,0.99155354,2.0349085,2.582678,3.2423587
2.062016,3.7225404,2.005267,2.5737207,2.4643126,2.1741865,2.9720814,1.8144946,1.0703342,3.1071692
1.1690459,3.0138624,3.0491097,2.5395675,2.9630835,2.9048061,1.9841397,0.36560112,3.4799862,2.8053806
2.743237,0.21414909,2.7485988,2.8769414,2.6993809,1.8839779,2.1211295,2.0604331,2.7572641,2.5482106
3.2135048,1.4678847,-0.02866155,3.0600939,3.2326658,1.6953455,1.5557092,3.5931406,1.938944,2.8836315
2.817156,3.343081,1.1904118,3.5298767,3.042124,2.0847719,2.534974,2.589235,2.5596948,1.449065
0.42867482,-0.24411678,1.6376194,0.65094453,3.1612196,2.843878,3.038289,2.8005047,2.938453,3.1557243
2.0724263,2.4756193,2.075767,3.4747965,2.2431192,2.6303291,3.5000105,2.0168812,3.0844386,1.9105484
0.7740687,1.6389568,2.6847427,3.1097267,2.9361467,0.3320865,1.94781,1.6658632,2.9854803,1.8668518
3.2160532,1.6049515,3.4507623,3.453002,3.159313,1.6142788,2.2922192,1.8198118,2.3184714,3.1169236
3.287788,2.5027678,2.1517715,2.5545714,3.2922695,3.3173084,1.0856409,2.0925314,3.2371368,2.809116
2.3770537,3.261225,0.7789451,3.4428859,2.8170972,1.9762092,3.1083868,1.6377167,2.826846,0.4903602
1.2108822,1.9424698,2.799014,2.7746518,3.4861152,2.565496,0.96432686,2.6957061,3.3981848,-1.2046087
0.94564784,3.2527711,3.00851,0.9897696,0.70893,1.7539133,2.6333685,3.6587672,0.5112736,1.7184453
2.34485,2.9741619,1.5246527,3.0424073,1.4197206,2.3593364,2.5554197,1.9942868,1.119087,0.9929076
2.420096,-0.5301974,1.7777437,1.2338883,3.495743,0.9792208,2.818008,2.3297892,1.0084028,2.0274773
1.5584825,1.3134658,3.0596433,2.3514829,3.1572948,3.5775342,2.9676826,3.107166,2.9897077,2.468908
2.659561,1.7006246,2.6478674,3.2669218,2.300283,1.7288512,3.6899278,2.4898863,1.2672365,2.950401
3.6610978,3.2717023,2.4153395,3.086572,2.6429603,1.3513616,1.4464288,1.5571331,1.9799273,2.0381117
2.9392238,1.6070592,2.1812665,1.9805703,2.2006185,1.9939057,1.19154,1.6147377,1.503918,3.078566
2.8866048,2.2207913,2.9462962,2.2430446,2.3039021,2.326704,1.5834268,0.13217402,1.9795318,2.6923525
1.4403026,3.4355884,2.5076418,1.9449892,-0.15689129,2.728216,0.7865659,2.9248602,2.2647908,2.2514
3.299072,1.1952932,3.5369337,1.8080409,3.1169271,2.9867914,3.725628,0.8585777,2.3786626,3.05934
2.6738138,0.9984396,1.3353806,3.3023953,1.1486316,2.9020095,3.0502286,1.6373705,2.5404282,3.2943292
3.4365795,1.6198417,2.5964868,0.032785892,0.33435363,3.3496149,1.411446,-0.1883815,1.9888177,1.7957315
3.3911037,3.0963347,1.7294527,2.1856048,2.6563766,1.1529689,1.2044185,3.1284845,1.8013201,0.2601369
2.6297133,2.3502629,0.36294162,1.1636264,3.0262406,1.1482935,2.0042582,2.8135777,2.3690379,2.435538
2.0712533,3.0729687,2.662322,2.7694764,3.3560774,1.6051916,2.6465726,3.5293849,3.071522,3.335341
3.0713396,3.0664325,1.5703532,2.1402466,0.2066778,1.4803067,2.8107147,3.5913622,2.2600648,2.2011313
1.6878749,1.8175424,0.78715277,3.3058732,2.125242,1.8222749,1.0133438,0.46615455,3.4207199,0.7051996
2.6319149,1.394881,3.0695233,1.1058557,3.3051581,2.2418184,1.2828736,1.9632794,2.2401013,1.0414248
0.78412235,2.1708128,1.8366039,3.1582577,1.9266077,2.9306972,1.6539938,3.2838535,3.094725,-0.41227663
3.0055501,1.240097,0.8017534,2.3287983,-0.42433554,3.7573352,2.9998639,2.3511672,2.4056506,2.8494203
2.052863,3.6941276,2.3628821,2.2087383,1.1025014,2.0985725,0.9893987,2.5347295,2.232174,3.1172585
2.2112155,3.0890026,1.2738535,2.0792685,0.33349925,3.1639602,2.3616886,3.4886606,2.3056366,3.5083556
0.19416946,1.6508484,1.8682436,2.1473665,0.6578593,1.292726,1.1985408,2.958464,2.8854825,1.9180334
1.4203137,3.2104177,1.8067257,-0.15448499,2.4448147,2.1137943,2.8569765,3.6050823,1.1999707,3.4026632
3.0486784,0.8780555,-0.6384077,1.2841597,1.9698911,2.6064215,1.3317623,3.1047843,3.1239688,1.8223176
3.3019779,2.8592513,2.9213228,2.0237236,2.5225356,0.4557939,3.2820482,2.0068104,3.7620087,2.110869
3.2949092,2.4771197,1.9845208,2.1904366,2.3224258,2.8288279,2.1765037,2.9276829,1.7827144,3.668146
1.6586906,2.48431,2.9308233,2.2590895,3.0067165,0.94757044,2.4362683,0.64535666,1.8651184,2.2158523
1.5825795,2.931881,2.7437277,2.6009202,2.7899084,3.253815,2.8616874,1.0140586,0.2821716,0.29308182
1.5279614,1.9140062,1.9306918,2.7974622,0.8536145,3.4912844,2.4436016,2.508877,3.331001,2.3537378
3.1548579,3.5189714,2.7109637,1.7238929,3.260502,2.0431,2.0668476,1.7777134,1.1578033,1.5072256
3.4198656,3.5434296,2.8161368,2.8516126,1.4778838,3.6520422,2.424562,3.56259,3.3189993,2.780086
1.69263,2.757212,2.3938975,2.5915043,1.183599,2.9309814,2.618602,3.4463615,1.6979597,2.420339
2.8332064,2.4368634,1.0423092,3.2731016,2.6157596,0.9659145,-0.36130673,1.0734446,2.9006007,0.9587079
0.44718206,2.9578633,2.9406273,0.4447143,3.143612,2.3493705,2.4498384,3.4559295,3.2895896,1.2534823
-0.29918873,3.7364938,2.733757,2.5991588,3.0416777,3.574722,2.1724758,3.041746,2.461286,2.634787
2.8962727,1.3539869,1.598992,2.4258628,2.9013846,1.5490239,2.5404427,2.4447846,3.6900516,2.3287005
2.594264,0.08440325,2.8882196,0.06779522,3.3277984,3.0369134,2.8063762,1.697727,2.27915,1.2684356
3.4740996,2.7564576,1.5978869,1.0946232,1.9891676,2.2539098,3.441365,2.913531,2.3905678,3.6389282
0.84154296,2.6274483,3.1497035,3.7593029,2.5862715,2.2648792,2.7965856,2.4224222,2.1423492,2.4136143
2.7984867,1.8429877,2.8900626,2.4438262,0.5157038,2.8163898,3.2844043,3.1156056,3.802964,3.1061769
2.4711761,2.8679364,0.638989,0.9362178,1.5994561,2.6342337,2.2719002,2.0669253,0.63243926,2.413227
2.4630284,2.5514839,3.3339686,3.327347,3.0494819,2.1297207,-0.049090445,2.4664037,1.7061644,1.6062222
2.6106923,2.5316942,2.2122526,0.89498115,3.7367363,3.200791,3.7738872,3.0327003,2.7619638,2.9207318
2.1677456,1.6245706,2.6186318,2.6100674,2.074614,2.5172763,2.7848418,2.8867643,0.37335742,2.1074903
3.20279,2.5516374,3.2210472,3.0643313,3.0661213,2.336266,2.4749122,1.3652976,-0.49886882,3.0526423
3.118719,1.7070155,0.6348257,2.6072054,3.0458565,-0.1337108,2.6659596,0.3780067,2.379206,2.9685051
0.068207145,3.2955518,3.2175896,2.876758,1.4494538,1.0655103,0.25192696,0.8980647,1.9438413,1.0220618
0.021563798,1.3558046,1.1135519,3.4285047,1.918144,3.1816685,2.0035253,1.180757,0.70414734,3.1549697
2.4770787,3.583036,3.474904,0.2962879,3.354732,2.7205768,2.7237935,1.0858976,2.069026,2.432028
3.34683,1.9344871,1.4136899,2.7666419,3.0499306,3.3523269,3.1382153,3.5884926,2.9992197,3.5152085
1.0545597,1.5470717,1.7603112,2.697776,2.6590598,1.2229468,0.9453014,3.2306907,2.2638068,2.3487132
0.13580316,2.724042,1.9891056,1.0191118,2.6130872,0.55480266,2.7558215,1.8984463,3.379136,2.1708267
2.0975904,3.006481,1.6368945,2.3982317,1.2734345,2.6283126,1.6789079,3.494189,1.2553327,3.1660104
1.3673551,2.1678233,2.3765898,1.2935969,1.510543,0.08521128,1.4292831,3.0254104,0.82688165,1.9234028
-0.4711796,3.0814328,2.0366807,2.508483,1.1877526,0.38554746,2.3071356,3.2681494,2.8281822,1.0045714
2.6915226,-0.2740211,3.3131812,2.3308039,1.0238667,1.7860857,2.309085,1.1311226,3.1817312,3.0840929
2.5957124,1.0032468,2.607709,3.4043329,2.570519,3.0897753,0.06648865,1.686002,1.2792927,2.9325733
1.5947919,2.9772232,2.5361936,2.793373,3.3125005,2.7612638,1.928758,3.0743542,3.5207593,2.479271
1.9247936,1.9089385,-0.35692382,1.7731181,3.3115718,2.0222566,0.873348,2.059047,1.4211386,1.7039365
2.4048538,3.3453856,1.4925822,2.6558414,3.5373728,2.9219487,2.7934904,2.7319324,-1.1586368,2.4458866
2.0773659,3.043036,2.4614427,1.6045182,2.7830856,1.2291423,1.9517342,0.56676173,2.9443898,2.6401153
2.4802365,3.3272302,1.1146114,2.1006577,3.3557398,0.96552867,1.41696,1.1655476,0.8831365,2.8943982
3.6769688,2.9487336,2.837709,3.4144628,2.6888506,1.7113388,1.1325988,-0.30863786,3.8137317,2.5645032
3.2856302,2.942273,1.6895707,1.8016337,3.604779,0.122852445,3.0090456,0.92160594,3.1937869,2.4319677
0.7935428,0.7154479,1.7532744,2.668574,2.6907542,1.097434,2.1227155,2.9023476,0.21589568,2.2763057
2.546281,1.5230784,3.1555717,0.64040023,0.46748963,1.6687224,1.4718028,3.2258883,2.7679179,3.0783205
1.5253868,2.8850956,0.42224327,3.491997,3.869657,2.4335227,0.25690746,0.31759942,1.4555422,2.0897017
3.3770459,3.1777093,0.6984913,2.4160442,2.7830176,2.6344068,-0.9968567,2.5403202,2.6083314,2.9098365
2.663877,2.373254,1.7752438,3.0311627,1.539121,3.1027684,1.0040925,1.2033473,3.6248367,2.5517929
3.1220758,-0.44215697,4.028824,2.497161,1.8534025,2.2688727,3.26105,3.1193342,3.1145542,3.1882935
2.0923426,2.6219869,3.3475137,3.148844,2.8609474,2.5990932,2.0174444,2.6572251,3.3617356,2.0385585
1.7665445,2.6241064,1.6916642,1.5851681,2.5794842,2.81193,1.9079505,2.9694564,3.094404,1.5108924
0.2820441,3.1060407,1.9985019,1.8207899,0.33957505,3.3715293,3.4729755,0.75039405,3.2853467,3.1063838
2.3699317,2.722149,1.4388576,2.084494,1.4439453,3.159254,2.9189663,3.2244017,0.57205015,2.977934
2.7156944,2.8505523,3.234615,1.5701871,2.4931371,1.2636304,2.7149656,2.7663493,2.3649874,0.8500109
2.5296073,1.8567994,2.5266955,2.5986285,2.4842544,0.43690372,1.6681334,3.0045052,1.88988,2.4602723
2.0141673,2.386106,1.1685086,2.094569,2.018922,3.803386,1.4774339,2.5468323,1.2639364,3.1288667
2.71494,2.4606895,1.8712692,2.8640025,1.3985634,3.046072,1.4324967,3.3967721,2.0365086,2.343803
3.2824454,1.1779003,0.7075528,3.0559666,1.406851,3.4797933,2.2408361,3.0055254,3.5753558,3.18077
2.612538,3.007241,2.4261298,0.83697677,2.960159,2.5782516,0.6053069,2.903917,2.1876879,1.7442786
3.345216,2.6112351,0.18381098,1.9525052,1.6271139,0.6139929,1.52658,2.2779431,1.138135,2.0423346
0.6962771,2.351665,0.8343764,0.04509914,3.2339656,2.8694901,2.720042,1.4010482,-0.8697765,2.459746
3.4474788,2.3911269,1.1177711,0.35906616,1.8612168,2.4872892,2.360996,2.237186,1.6646212,3.4969242
2.8338566,0.8724104,2.5627463,2.3163352,0.14820254,2.072865,3.090943,2.222096,0.054921567,3.2202926
2.7767186,1.4530112,1.9182982,2.8827467,3.0909135,3.1769671,1.6041583,4.1875052,2.9117963,0.46441412
2.241084,2.6397667,3.1010113,1.9532688,2.9455554,3.2043273,1.8342481,2.2411263,2.4151459,2.392871
2.7329729,3.2542863,3.0016444,2.0970414,3.3597655,3.2190797,1.5183345,3.1373382,0.79451317,2.3016067
2.7056956,0.40477976,3.4474869,1.0656493,0.3881214,0.0778161,1.854642,-0.010844767,0.84783983,2.974728
2.9236698,2.2500162,2.4246988,3.1413417,1.7137148,2.6923373,2.2100503,2.312698,2.6664348,0.5876898
1.7550952,2.1352067,2.03584,3.2325418,3.0712287,1.5067198,2.5795631,2.4400525,2.7304018,1.9607619
2.3482494,1.9600874,3.0950055,2.5293489,3.114833,3.1590033,1.0852185,2.8965726,3.6514244,0.13856137
2.9970727,3.4499297,2.24114,3.6061199,3.4208167,1.266042,2.4136672,1.9905384,3.6118307,2.583737
2.553834,3.566776,2.799602,2.0153837,3.0577204,1.5914897,3.2455263,3.0079896,2.7544134,3.0181446
1.0638857,3.4692295,2.0420735,1.459892,3.2010677,2.7557786,3.632562,3.469524,3.0350707,3.291156
3.244402,2.6014879,2.9063323,1.3038735,3.2274861,2.2430916,2.662959,1.4412003,1.3149364,2.6774297
-0.46131426,-0.12771511,2.3163161,2.891546,2.7992108,2.2669754,2.516147,2.6307404,3.1314929,0.9187493
3.0696547,3.0523796,1.8913753,2.3147213,1.7090219,0.24617192,2.9366815,0.054708093,2.2486014,3.0826008
3.745895,2.6285727,1.0525259,1.7434492,3.3060868,1.3310006,3.0388982,2.0683355,3.9500453,0.443281
2.2451444,2.5399508,1.611475,2.8673298,2.8969562,1.4335843,1.5362495,2.4777365,0.22871521,1.9879903
3.5332549,1.5068507,3.0860004,2.7867153,3.0606227,3.4761093,1.187526,2.6639924,2.3998475,3.7669945
0.23404178,2.8151493,1.7991086,2.1083097,3.4237,3.087747,2.8902853,3.6053245,3.1936553,2.2969165
1.5995728,1.6087409,2.0254664,2.8710673,2.4636965,3.482706,1.5176017,3.0941336,1.9069704,2.8276877
0.5241433,3.1119475,2.955506,3.167935,3.249359,2.3891115,2.5308583,2.041802,2.4289186,0.9382075
1.3703196,2.907925,3.8618293,0.51839435,-0.27986354,2.9130478,3.179131,3.438335,3.1758194,1.5300701
1.0011024,0.67786103,2.395431,2.6728673,1.9146358,2.7815726,2.8851414,1.1948252,3.0286458,3.9401975
1.4530151,2.576396,2.356667,1.8853567,3.0379994,2.5260797,2.7086837,2.7643137,3.5198557,3.3208413
2.0085924,3.0372252,2.4168813,0.10199851,1.8004537,2.353932,3.3027766,2.397301,2.8539462,3.6975546
2.7523403,1.279592,1.8352299,1.7806132,0.617313,1.8250129,-0.35805088,3.049374,3.384513,1.3366144
0.60316616,2.870297,3.0684643,2.0130777,3.0173852,1.7653186,2.9509993,3.1604192,3.0020823,-0.12396079
2.064774,1.6824833,3.0070977,1.2512288,3.0445893,1.378963,3.656775,2.1507437,3.390194,0.9145721
0.9055028,3.6367083,2.5793533,1.2723987,2.5872893,2.0647163,1.249187,3.0365572,2.0016725,2.5338335
3.4917274,2.0898514,3.5400624,3.793397,0.8030968,3.1636028,1.500285,1.9368995,2.9220653,3.1512365
0.71514803,2.2071872,2.9988627,2.1694121,1.7559655,3.4005222,1.7244204,1.5889131,2.3358912,2.2941554
3.0160184,1.3762419,1.5031925,1.504365,3.0241709,1.7454163,0.58760893,2.4880211,1.5516813,2.2669997
1.9297769,2.443974,2.2251039,2.6844351,2.2744198,1.2145393,3.5252638,3.54231,3.2521038,3.1043653
2.252267,-0.6504313,2.588584,1.9505899,1.4033856,2.0307121,1.9053782,2.5129123,2.0548093,0.95689344
2.804527,2.1787426,2.2319844,2.5116675,3.1274457,1.1040599,2.3999486,1.5581218,3.884422,3.2392228
3.2595186,3.336679,2.3791776,1.0026543,2.4601674,2.137095,3.0601523,3.066545,2.2890089,2.1829405
0.0467436,3.313458,3.0924442,2.1494796,2.2886286,3.051476,1.5680151,2.0884767,2.2364674,3.2219648
3.0597785,2.31352,1.9892917,2.8983293,1.3134141,2.3386621,2.481771,2.7565339,2.0987067,0.47810465
0.58917594,3.048669,1.5506587,3.4046745,0.9928165,2.0120711,2.6874404,3.2337818,2.3849673,2.5672624
3.0278418,0.37158322,2.9412615,2.2468305,2.2977498,3.3986855,0.6047119,1.8884499,2.4945436,2.6082015
2.1621828,2.6981246,3.101698,0.7497395,1.5320907,3.655795,3.0716655,1.6728876,2.6526027,2.8304543
0.33655077,1.4358523,2.0191782,2.7824428,2.7137144,3.5454273,0.88358223,2.4746118,2.105547,2.7990763
3.4525898,-0.69708943,1.7471281,2.3094723,1.8200147,2.9771914,2.9066772,3.1832774,0.16502875,1.3974292
3.0889091,2.981872,1.0733788,2.02488,2.9509125,2.5096695,-0.8073242,1.4386384,1.799918,2.6359057
2.6929395,3.0498233,0.7512439,3.2809303,-0.3366086,3.4839134,2.1858454,2.582209,1.5753497,2.8805957
2.0435658,3.5253565,2.2448757,2.9856403,1.8972901,3.0764542,1.5989583,1.827166,1.5319295,2.7971957
3.061323,2.1546206,2.4369702,1.4702893,2.868328,2.7850454,3.145048,2.2873096,2.676858,1.9990555
1.668631,2.8704536,1.1006365,2.326368,1.1245655,0.6972104,1.6641829,2.388095,1.5875355,2.6481175
3.1965778,2.3490474,2.6806757,2.724225,-0.16539401,1.7020588,3.0984924,1.7367789,1.818324,2.8417113
3.5689018,2.488238,2.6050835,2.5500748,1.4255099,2.2882695,3.5374799,3.038738,1.932318,3.0171275
3.301915,2.5905368,1.8356954,2.5768542,2.9881146,3.3648543,2.7687318,1.4784346,1.6183515,3.1343021
2.5601604,1.7453996,2.3980675,1.050039,2.8309848,1.4019665,1.9024125,2.3004115,0.7150284,2.0484161
2.8887024,1.3994771,1.9934868,3.0878623,3.455814,2.332078,2.0919695,3.0745692,0.8335973,0.78901386
2.483862,3.4309313,2.7249246,2.116662,1.8755456,3.0237305,2.9269605,1.2123909,2.7315967,1.5482876
1.7355651,3.1258807,0.98896146,2.4715695,2.7858486,2.8325472,2.3808317,1.2998306,0.3670095,2.6230013
0.30472994,0.7856148,1.4317005,1.2711235,3.1043978,2.0663638,2.8091938,3.0606146,2.7634442,2.894664
0.8272786,2.002247,3.1144874,1.1126711,2.570374,2.2925718,1.5098844,2.345858,1.994608,3.1107976
2.4798608,2.7904303,2.905731,1.2288386,1.5073406,1.3301306,1.9401398,3.1328306,0.77664334,1.494012
2.835034,2.1270266,2.2920394,2.4224296,2.9088194,3.277067,3.5051894,3.3044386,2.8197467,2.5223985
1.3548236,1.6444993,3.290678,1.2108824,3.7173755,1.9688277,1.6544486,3.5867977,0.14837432,0.8142022
2.4753149,-0.68269217,2.6264591,2.6236067,-0.058293402,-0.6611278,1.9186143,1.941674,1.4317838,1.906725
2.6439104,2.5931864,2.3421774,1.0243849,2.671257,2.8502712,3.5047712,2.1744256,3.1875384,2.1745594
2.3329992,0.9019074,3.1354709,1.3346417,2.7386565,3.197598,2.1772833,2.2086172,2.0123224,2.1312468
2.313528,2.4314647,0.76521647,1.9804736,1.6959865,0.08626214,1.449348,3.3252528,1.8576986,2.3070312
0.63039464,2.6743166,3.7367127,1.2981892,2.571864,1.6085829,2.7870386,0.90191984,0.81509745,2.5619144
1.0194898,1.2325224,2.1863286,1.0291722,2.9819214,2.3055105,3.4134674,2.5081265,3.5642772,0.3055016
2.1862226,2.895514,2.7077637,0.0036931634,2.569122,0.86068356,1.3661158,2.1406353,3.565068,2.7108474
2.4668956,3.4564517,0.2928676,0.37644234,2.4441962,3.2376,0.9424145,3.2463257,2.1697135,3.1436317
2.680753,2.7436705,2.6720247,2.6766293,1.4943972,3.4177577,3.078297,1.9211589,1.9654778,2.2477155
2.905253,3.065712,1.3842363,1.7210658,1.9858502,3.0415819,2.3531141,1.8272504,0.16546103,1.8271712
0.08369294,2.2763479,3.9657946,2.0826244,3.4254448,2.1223388,2.6039584,3.8433094,-0.111447334,1.928184
2.5953798,0.7192041,2.6658099,1.6845317,3.3796744,2.377826,0.07247275,2.6377654,1.7582719,2.8891702
2.1075196,2.6252558,0.6015859,2.8466165,1.8835658,3.0581648,0.6827861,1.529088,2.9568112,-0.65231097
2.398384,2.3018548,2.209678,4.1264744,3.3078597,1.7624085,0.5875254,3.5092392,1.1235858,2.0926008
1.297904,2.7551003,2.7176952,0.2681982,-0.30379683,2.282752,3.2795806,2.2150068,2.853045,2.6727307
2.867255,2.9091704,2.7471464,1.9681002,1.0523584,1.9774678,1.0281754,1.7261536,-0.46197605,3.3509226
3.180171,-0.42524493,1.5715715,2.180457,3.0975292,2.7308998,3.4288712,3.4147656,1.6030712,2.102026
2.8047786,3.3811042,1.8407811,1.518891,2.1612334,1.4946586,3.1429696,0.724409,0.27512497,2.2499127
2.600148,2.3546023,2.2805219,2.5837913,3.4593482,3.533449,3.1993783,2.8606758,2.0584097,2.3846545
2.7023916,2.3208697,3.3943439,2.9432645,1.4971552,3.439148,1.9060975,3.2112381,1.9824884,2.5386968
3.1886952,0.29492083,2.2566154,1.0657194,2.9494882,2.4474342,1.4684677,2.5573344,2.6209414,2.874963
1.8386616,2.4898455,2.7915125,2.4407113,3.5428743,2.962133,3.1154966,3.2312305,2.1069021,3.4598289
2.1940742,2.353197,1.0215503,2.48561,1.3708118,3.6781065,1.8223542,2.0575032,2.1948733,1.786895
0.56162906,1.6179041,0.4533241,3.1504285,3.0181494,3.001441,3.027626,0.71773005,1.5189663,0.47523564
0.08660847,1.0340083,3.2417061,3.1740355,2.762425,2.4893625,1.0655619,3.5908208,2.2173347,0.23829567
2.8990862,2.1649528,2.9249527,3.0088346,2.2910876,0.17142805,2.5450373,1.604792,2.4461472,3.2498713
3.2379634,1.6882318,1.9952099,2.0023081,3.591353,3.2259946,1.9157102,0.6580733,2.9467547,2.627798
3.0376513,1.2474,1.0265093,-0.21579587,3.4774814,2.9115183,2.7015555,2.3992403,1.1317673,3.1698356
0.5592283,2.0383081,1.7346778,2.2785745,2.802031,1.0873177,3.0188823,2.726539,3.099528,0.57777774
2.7615557,2.965904,2.445849,2.4851692,3.6728525,2.6396382,3.3176272,2.6840425,0.4923974,1.0746361
2.071155,1.8080225,0.11613542,2.132813,2.171643,2.117282,2.5206847,2.3365817,2.052074,0.79385287
2.9249635,2.257749,1.7494702,2.472959,0.81718004,3.0730739,2.2493577,1.5985906,3.18684,1.8089418
2.6287293,2.3695874,1.8925601,3.1531668,2.035794,2.3826494,1.9574454,3.7669163,3.3505657,1.0280614
2.8027496,2.8049362,2.6701427,0.83606523,2.0141659,1.9531906,1.3512037,2.268337,3.0635498,3.0700843
2.3488102,3.080942,2.3007283,1.3972219,0.28554717,2.6100457,2.9629858,2.0566924,1.9809119,2.0141618
0.8977748,2.076088,1.5175316,2.8438077,1.46899,3.1232975,2.416448,3.2712545,2.6008193,2.1066587
3.3194387,0.0676344,2.9175122,1.5941831,2.5044022,3.283213,-0.60983384,1.6756314,2.5844572,3.265138
1.9100149,1.3292358,2.2366524,2.3569975,3.0083725,1.8471307,2.4943779,2.614248,3.3464313,1.3720574
1.6024334,1.8804297,2.8149729,0.14401078,2.4077172,3.245863,2.5273194,2.1415844,0.52549374,2.4811323
-0.23091477,0.9472368,2.6353905,0.6018424,2.5604043,2.5625455,1.5574467,1.5331808,2.8241491,2.3445396
3.81626,1.9249817,2.7776513,2.2615063,1.9014121,2.1190476,1.1202441,3.0557735,1.748397,0.2845239
1.8084067,3.6560376,1.0239604,3.099758,1.4036173,2.5551224,2.3797586,-0.7849711,3.0893893,-0.4308753
3.443461,3.9686046,2.3859172,1.0721469,2.131217,1.0987353,2.1671648,3.8014998,1.2080461,2.384802
1.9000734,-0.60370564,1.288497,2.4176455,0.9509368,2.8956468,3.2849817,2.8333933,2.4398437,2.551719
2.7666166,3.1034422,1.927963,2.7793646,3.46926,3.6118867,3.1764662,1.4725654,2.7811732,2.3100433
1.8451298,2.2843373,-0.15093666,2.8774505,1.52382,3.1748023,3.2285397,2.6304677,1.0623623,2.1846776
3.002655,2.6746464,2.54443,3.083802,2.1403391,3.9237952,2.9855936,2.3305416,1.6352246,2.1646018
2.9056432,1.465802,3.2002397,2.554309,1.3857281,3.1338248,2.283162,1.0439206,2.639741,2.261538
2.6409512,2.1586921,3.3367696,0.9444326,2.929384,2.0663638,2.529497,2.1961756,2.8573806,2.5455532
2.4260013,2.0571585,2.1666136,2.3860338,3.109095,1.1953238,1.8668165,2.4063187,2.410989,1.6510522
3.317543,2.304103,2.800749,3.2212315,2.411107,2.436491,1.4957266,2.9923148,1.3313091,0.51481164
2.0423965,2.7546597,-0.73004377,0.33860624,-0.81072104,0.5881988,2.475935,2.886722,2.0119543,0.6052396
3.3565254,1.3375616,2.7327564,0.7988428,2.1284957,2.3108826,0.9983952,0.45642647,2.4944215,2.4752154
2.1701956,2.5710902,1.3717971,1.7424538,4.0462356,2.3863258,2.3097558,0.08189604,0.72441006,2.6988864
1.8919108,3.4788857,0.9836385,3.220706,1.3984954,3.3572288,2.4676268,1.1504936,3.1988761,1.5376503
3.1199186,2.1566048,3.3972454,1.8446299,0.6725936,2.4859467,-0.6579082,3.095809,2.6456008,2.8391533
2.8912048,1.429465,2.1932197,2.8624325,1.2232294,3.6043134,0.2391173,0.3972693,3.370309,3.7680836
1.469693,3.0960267,0.8775706,1.8508207,3.0721147,2.661665,2.3888211,1.5659271,0.57049096,2.8300533
2.4747705,2.6425836,2.2555485,3.115065,3.4852886,2.105071,1.63536,2.9169497,1.327467,1.1477938
-1.1924981,2.7404644,3.2098472,2.0991862,2.419836,2.3068094,1.9478226,2.3728209,3.171243,1.7090765
0.9028559,3.1130452,2.583772,1.9058398,3.3015404,1.7341962,3.5588846,2.2940629,3.1984963,2.8562515
2.3563366,3.3449202,2.360108,1.975732,1.565075,1.992948,3.1386034,2.3459036,1.6095891,2.8111784
1.5384072,2.2651165,2.685558,0.61928314,3.2811503,-0.7185712,3.179133,2.3249526,2.5229676,1.9172766
1.2745197,1.5081543,1.8453282,2.4201708,2.2838368,1.5199418,2.9162066,3.1334224,3.3394141,2.4768953
2.5069213,3.0968144,2.0741544,1.7548248,1.8970436,1.5872606,1.6180822,2.9692957,2.7765038,3.009495
1.9319913,3.3248653,2.5197937,2.449028,1.1626376,2.7633924,2.4686778,3.017844,2.3822448,2.3877788
1.5958308,4.0302606,2.8633032,3.4655166,2.6605842,0.588338,2.5660288,1.2291257,0.949826,3.1683707
0.93706834,2.941844,1.5757654,3.4143891,2.6535382,2.0990899,1.2588048,2.4555168,2.5596948,2.2878387
2.7457163,2.4254212,3.7363408,-0.027823567,2.750093,1.4765897,2.811398,2.2721767,2.9761386,2.2713318
2.6253982,2.4947314,1.6395786,0.48781183,1.9338535,1.9238256,2.6751525,3.7689238,2.0848062,3.355057
2.5192976,3.1689067,3.1845074,3.531584,1.2253103,2.4309497,2.49554,1.7584541,3.662375,3.9608715
1.9632158,0.198066,2.903258,3.1321576,2.109511,1.5759418,2.90242,-0.19506747,3.1507556,2.1024594
1.7088205,3.4705653,1.9970778,0.55502653,2.6769745,0.139887,2.4660707,2.1340313,1.3593671,2.8470283
2.7080507,2.5321126,3.3052945,2.3155446,3.2153344,0.68782854,1.517496,-0.082295835,1.2537491,2.4303594
1.3173007,1.6889337,-0.4588769,3.3353615,2.2272224,2.1254196,1.7053114,2.8225474,2.3514934,1.46266
1.594216,3.4830844,0.35881877,2.4195995,3.5921175,1.7863369,3.0171847,3.236259,2.838281,2.4633126
2.6720777,2.7186573,3.0295262,2.852907,-0.9493749,0.4592796,3.0830479,3.1044395,0.6123782,1.3116361
1.652445,1.5566572,-0.14660406,2.4185662,3.091481,1.6438544,1.8605609,2.537661,3.0481741,2.6907868
1.1498773,1.9754294,3.2561097,1.7220073,3.258445,2.5848374,2.026215,2.3691683,1.6650423,3.0199776
2.5431037,2.870773,2.3708239,2.4736047,3.287898,0.17340541,2.4212918,2.8284016,3.1924756,0.7691766
2.8332171,2.503264,2.1552339,2.598867,2.4539962,-0.47232574,1.9727792,0.97119886,2.7988074,2.4067242
3.533919,2.691819,2.8373172,0.51262987,3.673616,0.5650304,1.533149,0.7387914,3.170695,1.2246364
1.5419335,-0.8473462,2.3892994,2.8509417,0.6068889,2.4902554,2.9439943,2.8091576,3.992529,2.366602
1.2953217,1.3615273,1.7225313,1.8488082,2.7893705,2.2176166,3.2554405,2.8524091,2.1942651,1.771516
3.3360786,2.396131,2.5524745,3.2433262,2.6862502,3.0668802,1.1005516,1.6179458,-0.14859253,1.1397537
1.4312398,0.17828351,3.6200335,2.6401494,2.21808,2.594277,3.3832219,2.5875638,3.0548198,1.1954288
-0.588907,3.3517947,2.4602437,2.2079682,1.039906,1.4471858,2.2735682,2.1915607,2.5553968,3.0984597
-0.0005810857,2.2421775,2.0636177,2.2425494,2.7312312,1.5446981,1.8806719,1.87062,3.4624848,0.7876216
2.7938461,3.2450817,2.8342302,1.7297266,1.5556378,2.1768112,2.7369547,1.5199604,2.4403992,2.9538302
3.0959291,2.0970926,2.8224723,2.7043407,1.6975019,2.85969,1.288553,2.2277164,1.8561741,1.2324135
2.5449002,1.8970965,2.6089387,2.3536065,2.6165025,3.6831005,3.0256693,2.3940659,3.4535577,3.0803137
1.6956396,2.535895,3.558939,2.8142562,2.87694,3.173961,3.4644449,3.4287207,3.7505412,2.977366
3.0317426,2.7208233,2.9562159,2.0086927,3.0247808,2.5314634,2.4415135,1.3274949,0.742707,2.7966917
2.6947618,3.2050395,3.1290336,2.392868,1.1718018,1.7106372,2.2093763,1.7730007,2.1334133,2.244963
1.3965392,1.809891,3.2716496,3.5023623,3.5036292,2.6167762,1.9297305,2.0838182,0.91514945,0.731108
1.7414502,3.1715894,2.8403037,2.51785,2.9970574,3.038261,2.438715,2.9894238,2.923402,2.2838788
2.195874,1.5076795,2.091104,0.076177925,3.1087651,3.3144312,2.2886295,2.0404196,0.13178164,1.9971732
3.2804735,3.1188943,2.975973,1.9042243,2.582157,1.5397359,1.6765518,2.7764432,3.1541486,1.513071
2.3680084,2.5518177,2.4150987,2.8856204,3.0048764,2.8358607,1.5019282,2.0830824,0.93336755,3.5190856
1.5014787,1.9140748,1.9696726,1.992198,1.3211219,3.1804354,2.2324834,2.9338987,3.2721243,3.4900436
2.5178335,3.2934904,2.597254,0.17321706,1.3500082,1.0723367,3.3210864,2.5174694,2.2603555,1.6124816
1.8344646,2.8400133,0.7177392,1.1492968,1.5507363,2.3103676,2.7924006,2.8252988,1.183682,2.0741043
1.4802418,1.7611814,2.064813,2.8414848,1.4825109,0.46421984,2.6794746,1.0230772,1.6910156,0.63472104
1.9745563,1.4355488,2.255584,3.4777298,1.7541814,3.2727728,1.8461893,2.5528193,1.7348953,1.260608
2.786771,3.2367816,0.9076464,2.3322787,2.0461779,3.232336,0.7028414,2.6087499,0.9466927,2.1707828
3.3111277,2.6250668,3.7844632,3.1551163,2.3730993,2.4940832,1.9291246,2.5179565,1.9160115,-0.024635851
2.9571953,3.26971,2.771924,2.586335,0.15154392,2.931161,2.0113068,1.9498371,-0.71991014,2.7876139
2.3795242,3.1281264,3.5903275,1.8088446,3.2604268,1.5286872,2.1648135,3.0854232,2.1915164,0.71281505
3.5299008,2.7537076,3.201158,3.602391,2.983598,3.102848,0.3636595,2.8601546,2.1459477,1.1954846
3.6492825,1.6702176,1.5677305,3.5527318,2.3385897,1.8519118,2.9605122,2.6575544,2.944107,-0.1582455
3.3723028,2.9210615,1.2774371,2.489561,2.7631001,2.569823,3.1289303,3.8209383,2.0698457,3.0915048
3.2612672,3.495717,2.482173,3.3257632,3.4003432,2.8081377,3.142102,1.9756165,3.1123242,2.5491538
2.1209893,2.46799,3.0364313,0.38887167,2.9483387,1.4522209,2.9786494,2.3160992,2.9498744,2.9821439
2.197628,1.1807494,2.3672047,3.3108253,1.7482104,1.836053,1.6352985,3.4425566,2.9585233,2.6022546
2.8685107,3.0533547,2.1413245,0.85377467,1.7715653,2.2171936,2.9574196,3.305658,2.9443228,2.547655
2.318471,2.9332335,2.7232184,3.3498826,2.625939,3.006434,3.1538186,3.6003094,2.4333415,2.2360897
2.8496032,1.6970268,3.23285,3.063733,3.3286905,3.4569163,2.1211247,3.335006,2.3679643,1.57073
3.6254032,2.8187716,2.9722264,1.0698802,0.34377125,1.1800137,2.2837024,2.2134166,1.0789515,3.0102153
3.4979625,1.6568884,2.5583098,2.4806156,1.8642868,3.0428088,3.3632803,1.7043688,2.9640353,2.4358864
3.097883,3.6254225,1.178257,1.7572575,2.9191897,1.7338043,1.6566383,3.399053,0.63934517,2.009962
1.9365647,3.26971,1.3716855,2.355382,0.18808612,2.432745,2.2072358,2.1568863,1.2929037,2.4508004
2.6542037,2.52871,1.6611092,1.1192713,2.2537022,2.5687878,2.9964633,2.1427622,1.8868204,2.216435
3.4473662,1.1926521,1.1053976,1.9946547,1.5914491,2.2333584,2.8777282,2.3156486,2.466172,3.3983
0.8996716,3.712163,0.7154699,3.389701,3.3242157,2.665273,1.4443152,1.6610739,0.82796586,3.5864
1.8547105,2.9320123,2.7423677,1.9259431,2.155871,2.4346895,2.398836,2.7932,1.9877394,3.425769
1.0082068,3.0977557,2.6256409,0.15180695,2.0065265,0.83685017,1.4932008,2.41888,0.9731255,0.85986483
